Item,Country,quantity_tonnes,distance_km,food_miles,share_of_food_imports,food_miles_billion
"Almonds, in shell",United States of America,2232090.23,12048.513666060027,26893369640.03407,86.34438419407698,26.89336964003407
"Almonds, in shell",Australia,280605.38,10354.14409830728,2905428539.280272,10.854712955598112,2.905428539280272
"Almonds, in shell",Afghanistan,34106.22,1002.9527124104856,34206925.85906875,1.3193375982330753,0.03420692585906875
"Almonds, in shell","China, Hong Kong SAR",10450.28,3759.9493529377155,39292523.52401795,0.4042502310740722,0.03929252352401795
"Almonds, in shell","China, mainland",6201.63,3781.464195320433,23451241.797625057,0.23989886974663818,0.023451241797625057
"Almonds, in shell",Canada,3619.13,11339.239814279872,41038182.98905472,0.1399995156863842,0.04103818298905472
"Almonds, in shell",Pakistan,2700.35,682.7298805388372,1843609.6329130488,0.1044581687266629,0.0018436096329130488
"Almonds, in shell",United Arab Emirates,2556.4700000000003,2310.7043438201677,5907246.333845945,0.09889243046444052,0.005907246333845945
"Almonds, in shell",Iran (Islamic Republic of),1230.42,2542.2091304770397,3127984.9583215592,0.0475965782082547,0.003127984958321559
"Almonds, in shell",Germany,1154.0,5780.147011489692,6670289.651259105,0.0446404083583865,0.006670289651259105
"Almonds, in shell",Chile,1005.0,16920.671533114524,17005274.890780095,0.038876612131870394,0.017005274890780096
"Almonds, in shell",United Kingdom of Great Britain and Northern Ireland,998.35,6714.340625937352,6703261.963904556,0.038619368877465476,0.006703261963904556
"Almonds, in shell",Republic of Korea,753.0,4688.2752194273335,3530271.240228782,0.029128446701789455,0.003530271240228782
"Almonds, in shell",Singapore,750.9,4150.14284489184,3116342.262229282,0.029047211989872118,0.003116342262229282
"Almonds, in shell",Japan,685.0,5842.2320144407795,4001928.9298919337,0.026497989363513653,0.0040019289298919335
"Almonds, in shell","China, Taiwan Province of",535.0,4389.463591265317,2348363.021326944,0.020695509940846426,0.002348363021326944
"Almonds, in shell",Viet Nam,429.18,3003.9487103267365,1289234.7074980289,0.01660205412413546,0.001289234707498029
"Almonds, in shell",Malaysia,421.0,3838.8313141033063,1616147.983237492,0.016285625579619337,0.001616147983237492
"Almonds, in shell",Indonesia,417.0,4993.546328004081,2082308.8187777018,0.01613089279501488,0.0020823088187777016
"Almonds, in shell",Italy,379.0,5916.674095107869,2242419.4820458824,0.014660931341272516,0.002242419482045882
"Almonds, in shell",Thailand,349.0,2916.9713106501185,1018022.9874168914,0.01350043545673907,0.0010180229874168915
"Almonds, in shell",Russian Federation,304.0,4337.813911083233,1318695.4289693027,0.011759691629938904,0.0013186954289693027
"Almonds, in shell",Saudi Arabia,253.0,3050.2928733853737,771724.0969664996,0.00978684862623205,0.0007717240969664996
"Almonds, in shell",Netherlands (Kingdom of the),246.0,6357.460004804903,1563935.1611820061,0.009516066253174246,0.0015639351611820061
"Almonds, in shell",Spain,226.0,7275.224630476575,1644200.766487706,0.008742402330151949,0.001644200766487706
"Almonds, in shell",France,222.0,6588.053224994354,1462547.8159487466,0.00858766954554749,0.0014625478159487465
"Almonds, in shell",Belgium,204.0,6413.5848356347515,1308371.3064694894,0.007891372014827423,0.0013083713064694893
"Almonds, in shell",South Africa,156.0,7993.25660213344,1246948.0299328165,0.006034578599573912,0.0012469480299328165
"Almonds, in shell",Austria,146.77,5565.876795654235,816903.7372981721,0.005677532699099122,0.0008169037372981721
"Almonds, in shell",Türkiye,145.41,4218.907186700092,613471.2940180604,0.0056249235523336055,0.0006134712940180604
"Almonds, in shell",Ukraine,144.0,4579.187332744632,659402.975915227,0.005570380245760534,0.000659402975915227
"Almonds, in shell",Sweden,122.0,5569.000083685223,679418.0102095972,0.004719349930436008,0.0006794180102095972
"Almonds, in shell",Sri Lanka,97.78,2428.9375693398165,237501.51553004724,0.003782442919656007,0.00023750151553004724
"Almonds, in shell",Qatar,92.0,2568.42663827716,236295.25072149868,0.0035588540459025636,0.00023629525072149868
"Almonds, in shell",Israel,91.8,4065.628404436001,373224.6875272249,0.0035511174066723402,0.0003732246875272249
"Almonds, in shell",Switzerland,82.0,6243.158569671946,511939.00271309953,0.003172022084391415,0.0005119390027130995
"Almonds, in shell",Cambodia,60.0,3441.974414269532,206518.46485617192,0.0023209917690668893,0.0002065184648561719
"Almonds, in shell",Kuwait,60.0,2835.8211057413478,170149.26634448086,0.0023209917690668893,0.00017014926634448087
"Almonds, in shell",Bahrain,54.0,2632.4509085744835,142152.34906302212,0.0020888925921602004,0.00014215234906302213
"Almonds, in shell",Syrian Arab Republic,52.0,3908.4794873350174,203240.9333414209,0.0020115261998579705,0.0002032409333414209
"Almonds, in shell",Brazil,41.0,14238.198048838218,583766.120002367,0.0015860110421957074,0.000583766120002367
"Almonds, in shell",Poland,41.0,5264.896657577059,215860.76296065943,0.0015860110421957074,0.00021586076296065942
"Almonds, in shell",Romania,41.0,4803.843905463052,196957.60012398512,0.0015860110421957074,0.0001969576001239851
"Almonds, in shell",Uzbekistan,40.49,1582.6190428193308,64080.24504375471,0.001566282612158639,6.40802450437547e-05
"Almonds, in shell",Czechia,40.0,5706.560394901874,228262.41579607496,0.0015473278460445927,0.00022826241579607497
"Almonds, in shell",Denmark,40.0,5846.974609763495,233878.98439053982,0.0015473278460445927,0.0002338789843905398
"Almonds, in shell",Finland,40.0,5215.952945243741,208638.11780974964,0.0015473278460445927,0.00020863811780974964
"Almonds, in shell",Mozambique,40.0,7716.397734599135,308655.9093839654,0.0015473278460445927,0.00030865590938396545
"Almonds, in shell",Myanmar,40.0,2341.88616329966,93675.4465319864,0.0015473278460445927,9.36754465319864e-05
"Almonds, in shell",United Republic of Tanzania,39.0,5888.53296257147,229652.78554028732,0.001508644649893478,0.00022965278554028733
"Almonds, in shell",Nigeria,24.0,7578.188208003617,181876.5169920868,0.0009283967076267555,0.00018187651699208681
"Almonds, in shell",Georgia,22.8,3259.3031745164394,74312.11237897482,0.000881976872245418,7.431211237897482e-05
"Almonds, in shell",Argentina,20.0,15803.099696243316,316061.9939248663,0.0007736639230222964,0.0003160619939248663
"Almonds, in shell",Belarus,20.0,4872.203206271063,97444.06412542127,0.0007736639230222964,9.744406412542127e-05
"Almonds, in shell",Belize,20.0,14701.508029876932,294030.16059753863,0.0007736639230222964,0.00029403016059753866
"Almonds, in shell",Cabo Verde,20.0,10227.058959074831,204541.1791814966,0.0007736639230222964,0.0002045411791814966
"Almonds, in shell",Congo,20.0,7552.585984181655,151051.7196836331,0.0007736639230222964,0.0001510517196836331
"Almonds, in shell",Cyprus,20.0,4171.245410829194,83424.90821658388,0.0007736639230222964,8.342490821658388e-05
"Almonds, in shell",Egypt,20.0,4428.472173909593,88569.44347819185,0.0007736639230222964,8.856944347819186e-05
"Almonds, in shell",Gabon,20.0,7831.974248997705,156639.4849799541,0.0007736639230222964,0.00015663948497995412
"Almonds, in shell",Ghana,20.0,8490.148944042125,169802.9788808425,0.0007736639230222964,0.0001698029788808425
"Almonds, in shell",Honduras,20.0,14981.129130335665,299622.5826067133,0.0007736639230222964,0.0002996225826067133
"Almonds, in shell",Hungary,20.0,5364.760386864549,107295.20773729098,0.0007736639230222964,0.00010729520773729099
"Almonds, in shell",Iraq,20.0,3155.958588669031,63119.17177338062,0.0007736639230222964,6.311917177338062e-05
"Almonds, in shell",Luxembourg,20.0,6302.319454367064,126046.38908734129,0.0007736639230222964,0.00012604638908734128
"Almonds, in shell",Madagascar,20.0,6170.132996692938,123402.65993385875,0.0007736639230222964,0.00012340265993385875
"Almonds, in shell",Namibia,20.0,8593.809163199734,171876.1832639947,0.0007736639230222964,0.0001718761832639947
"Almonds, in shell",New Zealand,20.0,12749.082110394997,254981.64220789995,0.0007736639230222964,0.00025498164220789997
"Almonds, in shell",Norway,20.0,5986.066335949758,119721.32671899514,0.0007736639230222964,0.00011972132671899515
"Almonds, in shell",Philippines,20.0,4752.271687366133,95045.43374732266,0.0007736639230222964,9.504543374732267e-05
"Almonds, in shell",Slovenia,20.0,5713.59590750485,114271.91815009702,0.0007736639230222964,0.00011427191815009701
"Almonds, in shell",Sudan,20.0,4796.807498346663,95936.14996693327,0.0007736639230222964,9.593614996693326e-05
"Almonds, in shell",Uganda,20.0,5686.140306803077,113722.80613606154,0.0007736639230222964,0.00011372280613606154
"Almonds, in shell",Yemen,20.0,3687.655831668961,73753.11663337922,0.0007736639230222964,7.375311663337922e-05
"Almonds, in shell",Slovakia,10.0,5506.551073182029,55065.510731820286,0.0003868319615111482,5.506551073182029e-05
"Almonds, in shell",Nepal,6.0,800.4339445742334,4802.6036674454,0.00023209917690668888,4.8026036674454e-06
"Almonds, in shell",Tajikistan,1.21,1355.277299731806,1639.8855326754851,4.680666734284893e-05,1.639885532675485e-06
Apples,United States of America,964312.2799999999,12048.513666060027,11618529683.929502,21.084105999057552,11.618529683929502
Apples,"China, mainland",770564.4299999999,3781.464195320433,2913861802.232498,16.847926193808675,2.913861802232498
Apples,Iran (Islamic Republic of),524928.55,2542.2091304770397,1334478152.6580734,11.477245929224903,1.3344781526580733
Apples,Chile,510068.42,16920.67153311452,8630700194.234701,11.152338155490261,8.6307001942347
Apples,Türkiye,507139.89999999997,4218.907186700092,2139576168.7723658,11.088307833175627,2.139576168772366
Apples,New Zealand,299435.41,12749.082110394998,3817526628.849791,6.546974517747777,3.817526628849791
Apples,Italy,287163.41000000003,5916.674095107869,1699052309.0098403,6.278654644417496,1.6990523090098402
Apples,Poland,150834.61000000002,5264.896657577059,794128634.0359393,3.2979077125996024,0.7941286340359394
Apples,Afghanistan,125806.81,1002.9527124104854,126178281.32921058,2.75068997093275,0.12617828132921058
Apples,South Africa,110515.95999999999,7993.2566021334405,883382426.9111152,2.4163647643558006,0.8833824269111151
Apples,United Arab Emirates,75088.94000000002,2310.7043438201677,173508339.83085197,1.6417743537569314,0.17350833983085198
Apples,Brazil,73356.59999999999,14238.19804883822,1044465798.9894056,1.6038977851972034,1.0444657989894057
Apples,Belgium,48278.63999999999,6413.584835634753,309639153.3890694,1.0555833254040277,0.3096391533890694
Apples,Australia,29968.01,10354.144098307283,310293093.8795136,0.6552324516917039,0.31029309387951365
Apples,France,27525.900000000005,6588.053224994353,181342094.2658721,0.6018371904581143,0.18134209426587208
Apples,Serbia,15280.89,5253.459426360481,80277535.6136776,0.3341074371882297,0.0802775356136776
Apples,Argentina,8026.620000000001,15803.099696243313,126845476.08386052,0.17549720189621082,0.12684547608386051
Apples,Spain,7161.26,7275.224630476575,52099775.137246676,0.15657662777747777,0.05209977513724667
Apples,Netherlands (Kingdom of the),6639.85,6357.460004804902,42212580.81290384,0.1451763128204095,0.042212580812903834
Apples,Greece,3768.57,5009.237571090582,18877662.433284834,0.08239750855902025,0.018877662433284835
Apples,Germany,3673.62,5780.147011489692,21234063.664348762,0.08032148411535091,0.02123406366434876
Apples,Canada,2519.3799999999997,11339.239814279874,28567854.003300425,0.05508472314788485,0.028567854003300426
Apples,Republic of Korea,2016.0,4688.275219427333,9451562.842365503,0.04407862325895096,0.009451562842365504
Apples,Portugal,1920.87,7775.17247055119,14935095.543507664,0.04199866322391921,0.014935095543507663
Apples,Bhutan,1900.73,1234.966136613527,2347337.184845429,0.04155831427925886,0.002347337184845429
Apples,Pakistan,1558.55,682.729880538837,1064068.6553138045,0.03407675509932442,0.0010640686553138046
Apples,Malaysia,1263.0,3838.8313141033054,4848443.949712475,0.02761473272621779,0.0048484439497124745
Apples,Thailand,1065.43,2916.9713106501176,3107828.743505955,0.02329498391804768,0.003107828743505955
Apples,United Kingdom of Great Britain and Northern Ireland,1054.86,6714.340625937352,7082689.352676275,0.023063877247488596,0.007082689352676275
Apples,"China, Hong Kong SAR",1042.68,3759.9493529377155,3920423.9913210976,0.022797568898632437,0.003920423991321097
Apples,Singapore,999.6999999999999,4150.142844891839,4148897.8020383706,0.02185783713887563,0.004148897802038371
Apples,Japan,941.87,5842.232014440779,5502623.067441336,0.02059341909172031,0.005502623067441336
Apples,Sri Lanka,940.0,2428.937569339816,2283201.315179427,0.0205525326703442,0.002283201315179427
Apples,"China, Taiwan Province of",783.0,4389.463591265317,3436949.991960743,0.01711982242646756,0.003436949991960743
Apples,Ukraine,655.85,4579.187332744632,3003260.012180567,0.01433976441685664,0.0030032600121805667
Apples,Indonesia,598.0,4993.546328004081,2986140.7041464406,0.013074909081772161,0.0029861407041464408
Apples,Oman,500.03,1934.4078333352677,967261.9489026339,0.010932854160800223,0.0009672619489026338
Apples,Croatia,427.95000000000005,5601.706360693635,2397250.2370588416,0.009356868464121065,0.002397250237058842
Apples,Republic of Moldova,315.28,4624.782329273416,1458101.3727733223,0.006893406915219275,0.0014581013727733223
Apples,Viet Nam,291.0,3003.948710326737,874149.0747050805,0.006362539369223577,0.0008741490747050805
Apples,Egypt,259.47,4428.472173909593,1149055.6749643222,0.005673154948908734,0.0011490556749643222
Apples,Austria,234.13,5565.876795654235,1303138.734166526,0.005119111142667752,0.001303138734166526
Apples,Sweden,208.0,5569.000083685222,1158352.0174065263,0.0045477944632251,0.0011583520174065262
Apples,Tunisia,204.88,6207.970434745458,1271888.9826706494,0.004479577546276723,0.0012718889826706494
Apples,Switzerland,203.0,6243.158569671946,1267361.189643405,0.004438472480936035,0.001267361189643405
Apples,Saudi Arabia,191.0,3050.2928733853732,582605.9388166063,0.004176099723442278,0.0005826059388166063
Apples,Czechia,176.0,5706.560394901874,1004354.6295027299,0.003848133776575084,0.00100435462950273
Apples,Russian Federation,173.0,4337.813911083233,750441.8066173992,0.0037825405872016445,0.0007504418066173992
Apples,Myanmar,158.0,2341.88616329966,370018.0138013463,0.00345457464033445,0.0003700180138013463
Apples,Slovenia,140.89,5713.595907504851,804988.5274083584,0.00308047481694127,0.0008049885274083584
Apples,United Republic of Tanzania,131.0,5888.532962571469,771397.8180968625,0.0028642359359735002,0.0007713978180968626
Apples,Israel,113.16,4065.628404436001,460066.51024597784,0.002474175103166116,0.0004600665102459778
Apples,Romania,105.56,4803.843905463052,507093.76266067976,0.002308005690086738,0.0005070937626606797
Apples,Philippines,84.0,4752.271687366133,399190.82173875516,0.00183660930245629,0.00039919082173875517
Apples,Guinea,79.0,9785.26565602836,773035.9868262404,0.001727287320167225,0.0007730359868262404
Apples,Bulgaria,72.0,5024.842088029113,361788.6303380962,0.0015742365449625344,0.00036178863033809616
Apples,Qatar,68.6,2568.4266382771602,176194.06738581316,0.00149989759700597,0.00017619406738581317
Apples,Madagascar,67.0,6170.132996692938,413398.91077842686,0.0014649145626734696,0.00041339891077842684
Apples,Norway,67.0,5986.066335949758,401066.44450863375,0.0014649145626734696,0.00040106644450863373
Apples,Mexico,50.0,14659.908762023892,732995.4381011946,0.0010932198228906487,0.0007329954381011946
Apples,Kenya,47.0,5433.987898014537,255397.43120668322,0.00102762663351721,0.00025539743120668324
Apples,Senegal,47.0,9676.778248234616,454808.57766702696,0.00102762663351721,0.00045480857766702697
Apples,Denmark,43.0,5846.974609763495,251419.9082198303,0.0009401690476859581,0.0002514199082198303
Apples,Bahrain,42.0,2632.450908574484,110562.93816012832,0.000918304651228145,0.00011056293816012832
Apples,Ghana,42.0,8490.148944042125,356586.2556497692,0.000918304651228145,0.0003565862556497692
Apples,Hungary,41.0,5364.760386864549,219955.1758614465,0.0008964402547703321,0.0002199551758614465
Apples,Morocco,37.0,7775.268819976928,287684.94633914635,0.0008089826689390801,0.00028768494633914633
Apples,Kuwait,24.0,2835.8211057413478,68059.70653779234,0.0005247455149875115,6.805970653779234e-05
Apples,Nigeria,24.0,7578.188208003617,181876.5169920868,0.0005247455149875115,0.00018187651699208681
Apples,Slovakia,24.0,5506.551073182029,132157.2257563687,0.0005247455149875115,0.0001321572257563687
Apples,Bangladesh,22.0,1420.6060378421685,31253.332832527707,0.0004810167220718855,3.1253332832527707e-05
Apples,Latvia,22.0,5166.728859831846,113668.03491630062,0.0004810167220718855,0.00011366803491630061
Apples,Uruguay,22.0,15592.36598798531,343032.0517356768,0.0004810167220718855,0.00034303205173567684
Apples,Iraq,21.0,3155.9585886690306,66275.13036204965,0.0004591523256140725,6.627513036204964e-05
Apples,Finland,20.0,5215.952945243741,104319.05890487482,0.00043728792915625954,0.00010431905890487482
Apples,Sudan,20.0,4796.807498346663,95936.14996693327,0.00043728792915625954,9.593614996693326e-05
Apples,Seychelles,18.0,4368.390598928003,78631.03078070405,0.0003935591362406336,7.863103078070405e-05
Apples,Nepal,11.0,800.4339445742334,8804.773390316566,0.00024050836103594274,8.804773390316567e-06
Apples,Lebanon,0.02,3981.6155753675685,79.63231150735137,4.3728792915625955e-07,7.963231150735137e-08
Bananas,Iran (Islamic Republic of),20.02,2542.2091304770397,50895.02679215033,58.384368620589086,5.089502679215033e-05
Bananas,Bangladesh,5.0,1420.6060378421685,7103.030189210842,14.581510644502771,7.1030301892108415e-06
Bananas,Republic of Korea,4.2,4688.2752194273335,19690.755921594802,12.248468941382328,1.9690755921594803e-05
Bananas,Philippines,3.0,4752.271687366133,14256.815062098398,8.748906386701663,1.4256815062098398e-05
Bananas,Thailand,1.07,2916.9713106501185,3121.159302395627,3.120443277923593,3.121159302395627e-06
Bananas,United Arab Emirates,1.0,2310.704343820168,2310.704343820168,2.916302128900554,2.310704343820168e-06
"Cashew nuts, in shell",Côte d'Ivoire,4360326.989999999,8914.685559015086,38870944050.336716,23.917004526889432,38.87094405033672
"Cashew nuts, in shell",Benin,2408675.3000000003,8144.460522743462,19617360892.957268,13.211921533872573,19.61736089295727
"Cashew nuts, in shell",Guinea-Bissau,2312361.19,9653.61883295516,22322653532.378605,12.683625144598029,22.322653532378606
"Cashew nuts, in shell",United Republic of Tanzania,2171284.12,5888.532962571469,12785678111.727987,11.909797647355605,12.785678111727988
"Cashew nuts, in shell",Ghana,1895058.9399999997,8490.148944042126,16089332658.338589,10.394663829260724,16.089332658338588
"Cashew nuts, in shell",Nigeria,787225.74,7578.188208003616,5965744819.904921,4.318043493170196,5.965744819904921
"Cashew nuts, in shell",Indonesia,661181.98,4993.546328004081,3301642848.371468,3.626675807806267,3.301642848371468
"Cashew nuts, in shell",Guinea,567603.92,9785.26565602836,5554155144.603069,3.113387036168173,5.55415514460307
"Cashew nuts, in shell",Mozambique,566325.49,7716.397734599137,4369992728.081746,3.106374668479365,4.369992728081746
"Cashew nuts, in shell",Togo,544096.4500000001,8301.724543943055,4516938853.237286,2.9844452692559353,4.516938853237286
"Cashew nuts, in shell",Senegal,523193.64999999997,9676.778248234617,5062828931.934475,2.869790482270644,5.062828931934475
"Cashew nuts, in shell",Gambia,462131.01,9663.550103308211,4465826169.427428,2.534853345525352,4.465826169427428
"Cashew nuts, in shell",Burkina Faso,379878.21,8281.2932918483,3145882872.19234,2.0836852119287173,3.14588287219234
"Cashew nuts, in shell",United Arab Emirates,220366.66000000003,2310.7043438201677,509202198.4951421,1.2087420087720315,0.5092021984951421
"Cashew nuts, in shell",Singapore,173488.32,4150.142844891839,720001309.9203057,0.9516077450885039,0.7200013099203058
"Cashew nuts, in shell",Kenya,51629.88,5433.987898014537,280556143.09594274,0.283197126388624,0.28055614309594273
"Cashew nuts, in shell",Madagascar,30170.510000000002,6170.132996692937,186156059.27805424,0.16548947496448266,0.18615605927805423
"Cashew nuts, in shell",Mali,20345.570000000003,8875.902597477556,180585297.61016145,0.11159830235395855,0.18058529761016145
"Cashew nuts, in shell","China, Hong Kong SAR",11519.45,3759.9493529377155,43312548.57369837,0.0631857974021523,0.04331254857369837
"Cashew nuts, in shell","China, mainland",8367.29,3781.4641953204327,31640607.546862707,0.04589575810868183,0.03164060754686271
"Cashew nuts, in shell",United Kingdom of Great Britain and Northern Ireland,7072.02,6714.340625937351,47483951.19344147,0.03879102066018508,0.047483951193441475
"Cashew nuts, in shell",Viet Nam,6631.49,3003.948710326737,19920655.833044652,0.036374651881331044,0.019920655833044653
"Cashew nuts, in shell",Cambodia,6537.28,3441.974414269532,22501150.498915926,0.035857896830242944,0.022501150498915927
"Cashew nuts, in shell",Thailand,6169.580000000001,2916.971310650118,17996487.85876076,0.033841010806624515,0.01799648785876076
"Cashew nuts, in shell",Saudi Arabia,4472.0,3050.292873385374,13640909.729779392,0.024529546634815467,0.013640909729779393
"Cashew nuts, in shell",Sri Lanka,3569.0,2428.9375693398165,8668878.184973804,0.01957646510278542,0.008668878184973805
"Cashew nuts, in shell",Philippines,3326.0,4752.271687366133,15806055.632179758,0.0182435760526378,0.015806055632179756
"Cashew nuts, in shell",Switzerland,2933.29,6243.158569671947,18312994.600833025,0.016089506674516516,0.018312994600833025
"Cashew nuts, in shell",United States of America,2862.13,12048.513666060026,34484412.41904038,0.015699184103288102,0.034484412419040385
"Cashew nuts, in shell",Malaysia,2641.71,3838.8313141033054,10141079.070779843,0.014490149517141853,0.010141079070779843
"Cashew nuts, in shell",El Salvador,2604.84,15090.599138971464,39308596.26115843,0.014287912400767603,0.03930859626115843
"Cashew nuts, in shell",Myanmar,2589.04,2341.88616329966,6063236.952229352,0.014201247186807386,0.006063236952229351
"Cashew nuts, in shell",South Africa,2356.0,7993.25660213344,18832112.554626383,0.012922990132295448,0.018832112554626385
"Cashew nuts, in shell",Bangladesh,2350.62,1420.6060378421685,3339304.964672558,0.01289348007842798,0.003339304964672558
"Cashew nuts, in shell",Brazil,1586.56,14238.19804883822,22589755.496364765,0.008702503915235426,0.022589755496364765
"Cashew nuts, in shell",Germany,1457.0,5780.147011489692,8421674.195740482,0.007991849160761658,0.008421674195740482
"Cashew nuts, in shell",Panama,1306.0,15147.182387435358,19782220.197990578,0.007163593002027951,0.01978222019799058
"Cashew nuts, in shell",Pakistan,1154.0,682.729880538837,787870.282141818,0.006329851703170181,0.0007878702821418179
"Cashew nuts, in shell",Sweden,1040.0,5569.000083685222,5791760.087032631,0.005704545729026853,0.005791760087032631
"Cashew nuts, in shell",Iran (Islamic Republic of),877.0,2542.2091304770393,2229517.4074283633,0.004810467888804374,0.0022295174074283635
"Cashew nuts, in shell",Australia,741.11,10354.144098307279,7673559.732696508,0.004065092197345279,0.0076735597326965084
"Cashew nuts, in shell",Austria,674.79,5565.876795654235,3755798.002939521,0.003701317704317336,0.003755798002939521
"Cashew nuts, in shell",Finland,639.0,5215.952945243741,3332993.9320107503,0.0035050045392770756,0.0033329939320107505
"Cashew nuts, in shell","China, Taiwan Province of",637.0,4389.463591265317,2796088.3076360067,0.003494034259028947,0.002796088307636007
"Cashew nuts, in shell",Israel,626.0,4065.628404436001,2545083.3811769364,0.0034336977176642404,0.0025450833811769364
"Cashew nuts, in shell",France,623.0,6588.053224994354,4104357.1591714825,0.0034172422972920473,0.004104357159171483
"Cashew nuts, in shell",Congo,517.65,7552.5859841816555,3909596.134711634,0.002839382785221875,0.003909596134711634
"Cashew nuts, in shell",Canada,469.9,11339.239814279874,5328308.788730113,0.0025774673442978055,0.005328308788730113
"Cashew nuts, in shell",Niger,432.82,7857.838600159797,3401029.7029211633,0.0023740783484975025,0.0034010297029211634
"Cashew nuts, in shell",Italy,428.0,5916.674095107869,2532336.512706168,0.0023476399730995123,0.002532336512706168
"Cashew nuts, in shell",Russian Federation,424.0,4337.813911083233,1839233.0982992908,0.0023256994126032555,0.0018392330982992908
"Cashew nuts, in shell",Kuwait,412.0,2835.8211057413478,1168358.2955654352,0.002259877731114484,0.0011683582955654352
"Cashew nuts, in shell",Republic of Korea,394.0,4688.2752194273335,1847180.4364543695,0.002161145208881327,0.0018471804364543695
"Cashew nuts, in shell",Oman,360.0,1934.4078333352677,696386.8200006963,0.001974650444663141,0.0006963868200006964
"Cashew nuts, in shell",Venezuela (Bolivarian Republic of),336.69,14199.122494685575,4780702.552735686,0.0018467918283712028,0.004780702552735687
"Cashew nuts, in shell",Bahrain,333.02,2632.450908574484,876658.8015734747,0.001826661364115887,0.0008766588015734747
"Cashew nuts, in shell",Egypt,327.0,4428.472173909593,1448110.400868437,0.00179364082056902,0.001448110400868437
"Cashew nuts, in shell",Japan,252.0,5842.232014440779,1472242.4676390763,0.0013822553112641989,0.0014722424676390762
"Cashew nuts, in shell",Türkiye,250.0,4218.907186700093,1054726.7966750232,0.0013712850310160704,0.0010547267966750232
"Cashew nuts, in shell",Chad,243.38,6666.413136068139,1622471.6290562635,0.0013349734033947648,0.0016224716290562636
"Cashew nuts, in shell",Maldives,236.0,2747.428566403176,648393.1416711495,0.0012944930692791704,0.0006483931416711496
"Cashew nuts, in shell",Zambia,191.0,7190.538312063472,1373392.8176041231,0.0010476617636962777,0.001373392817604123
"Cashew nuts, in shell",Costa Rica,184.0,15275.390684051625,2810671.885865499,0.0010092657828278278,0.002810671885865499
"Cashew nuts, in shell",Malawi,181.14999999999998,6646.911286747214,1204087.9795942577,0.0009936331334742445,0.0012040879795942577
"Cashew nuts, in shell",Spain,179.0,7275.224630476575,1302265.208855307,0.0009818400822075065,0.001302265208855307
"Cashew nuts, in shell",Portugal,166.0,7775.172470551191,1290678.6301114976,0.0009105332605946708,0.0012906786301114977
"Cashew nuts, in shell",Netherlands (Kingdom of the),144.17000000000002,6357.460004804902,916555.0088927229,0.0007907926516863476,0.0009165550088927229
"Cashew nuts, in shell",Sudan,138.0,4796.807498346663,661959.4347718395,0.0007569493371208709,0.0006619594347718396
"Cashew nuts, in shell",Sierra Leone,131.97,9604.522169438766,1267508.7907008338,0.0007238739421727632,0.0012675087907008337
"Cashew nuts, in shell",Colombia,124.72,15276.235264636362,1905252.062205447,0.0006841066762732971,0.0019052520622054468
"Cashew nuts, in shell",Cameroon,118.36,7437.197470355537,880266.6925912814,0.0006492211850842483,0.0008802666925912814
"Cashew nuts, in shell",Malta,108.0,5850.53387121091,631857.6580907783,0.0005923951333989424,0.0006318576580907783
"Cashew nuts, in shell",Belgium,103.1,6413.584835634752,661240.5965539429,0.0005655179467910274,0.0006612405965539429
"Cashew nuts, in shell",Trinidad and Tobago,101.0,13795.31481135537,1393326.7959468924,0.0005539991525304925,0.0013933267959468924
"Cashew nuts, in shell",Suriname,99.0,13645.123956253128,1350867.2716690598,0.0005430288722823638,0.0013508672716690598
"Cashew nuts, in shell",Morocco,97.0,7775.268819976928,754201.075537762,0.0005320585920342353,0.000754201075537762
"Cashew nuts, in shell",Belize,93.55,14701.508029876932,1375326.076194987,0.0005131348586062135,0.001375326076194987
"Cashew nuts, in shell",Papua New Guinea,93.0,8604.206509756355,800191.205407341,0.0005101180315379782,0.000800191205407341
"Cashew nuts, in shell",Liberia,86.0,9474.70973902622,814825.037556255,0.0004717220506695282,0.000814825037556255
"Cashew nuts, in shell",Eswatini,82.21,7843.071704698211,644778.9248432398,0.00045093336959932455,0.0006447789248432398
"Cashew nuts, in shell",Jordan,68.0,3957.6955468454776,269123.29718549247,0.00037298952843637116,0.0002691232971854925
"Cashew nuts, in shell",Tonga,63.0,12766.793370564485,804307.9823455625,0.0003455638278160497,0.0008043079823455625
"Cashew nuts, in shell",Gabon,57.0,7831.974248997706,446422.5321928692,0.00031265298707166406,0.00044642253219286923
"Cashew nuts, in shell",Botswana,55.7,8080.15095618516,450064.40825951344,0.0003055223049103805,0.00045006440825951345
"Cashew nuts, in shell",Denmark,52.0,5846.974609763494,304042.6797077017,0.00028522728645134267,0.0003040426797077017
"Cashew nuts, in shell",Czechia,51.0,5706.560394901873,291034.58013999555,0.00027974214632727834,0.0002910345801399956
"Cashew nuts, in shell",Yemen,50.8,3687.65583166896,187332.91624878318,0.0002786451183024655,0.00018733291624878319
"Cashew nuts, in shell",Guatemala,50.0,15028.209292593448,751410.4646296725,0.0002742570062032141,0.0007514104646296725
"Cashew nuts, in shell",Tunisia,47.0,6207.970434745458,291774.6104330365,0.0002578015858310212,0.00029177461043303655
"Cashew nuts, in shell",Poland,34.0,5264.896657577059,179006.48635762002,0.00018649476421818558,0.00017900648635762
"Cashew nuts, in shell",Afghanistan,1.0,1002.9527124104854,1002.9527124104854,5.485140124064281e-06,1.0029527124104855e-06
"Cashew nuts, in shell",Mauritius,0.5,5822.975607264603,2911.4878036323016,2.7425700620321405e-06,2.9114878036323015e-06
"Chick peas, dry",Australia,4711280.09,10354.14409830728,48781272939.34609,52.727968105771225,48.781272939346096
"Chick peas, dry",United Republic of Tanzania,990022.5599999998,5888.532962571472,5829780478.249392,11.080189878431527,5.829780478249392
"Chick peas, dry",Russian Federation,836787.46,4337.813911083233,3629828284.608004,9.365204712800109,3.629828284608004
"Chick peas, dry",Myanmar,548551.0100000001,2341.8861632996595,1284644020.1830535,6.139303884959343,1.2846440201830536
"Chick peas, dry",Canada,416610.95999999996,11339.239814279876,4724051584.69736,4.662649851368682,4.72405158469736
"Chick peas, dry",Sudan,317964.79000000004,4796.807498346663,1525215888.8822222,3.55861612674322,1.5252158888822223
"Chick peas, dry",Iran (Islamic Republic of),263122.18,2542.2091304770397,668911608.427023,2.9448255357199526,0.668911608427023
"Chick peas, dry",Türkiye,183354.15,4218.907186700092,773554141.1462867,2.052073234571964,0.7735541411462867
"Chick peas, dry",Pakistan,148987.0,682.729880538837,101717876.71183972,1.6674410423716792,0.10171787671183972
"Chick peas, dry",Ethiopia,127707.57999999999,4557.245264061662,581994764.1397758,1.4292848390394102,0.5819947641397758
"Chick peas, dry",United States of America,122216.89000000001,12048.513666060027,1472531869.3883553,1.3678338274951833,1.4725318693883553
"Chick peas, dry",Mexico,50361.0,14659.908762023892,738287665.1642852,0.5636330574807207,0.7382876651642852
"Chick peas, dry",Argentina,36470.79,15803.099696243316,576351530.3707538,0.4081758280502233,0.5763515303707538
"Chick peas, dry",France,34045.88,6588.053224994354,224296069.53177077,0.3810365846393383,0.22429606953177075
"Chick peas, dry",Ukraine,23144.620000000003,4579.187332744632,105983550.72518808,0.2590312530495709,0.10598355072518807
"Chick peas, dry","China, mainland",20992.67,3781.4641953204327,79383029.96917738,0.23494693863870456,0.07938302996917738
"Chick peas, dry",United Arab Emirates,19788.68,2310.7043438201677,45725788.83446728,0.22147205599387598,0.045725788834467276
"Chick peas, dry",Singapore,13499.66,4150.142844891839,56025517.357472554,0.15108625008935855,0.056025517357472555
"Chick peas, dry",Djibouti,13041.75,4007.0296203744124,52258678.55151799,0.1459613873314507,0.052258678551517994
"Chick peas, dry",Bulgaria,5137.9,5024.842088029115,25817136.16408479,0.057502636683747235,0.02581713616408479
"Chick peas, dry",Germany,4839.0,5780.147011489692,27970131.38859862,0.0541573909403945,0.02797013138859862
"Chick peas, dry",Uzbekistan,4255.0,1582.619042819331,6734044.027196254,0.047621347065794295,0.006734044027196254
"Chick peas, dry",Kenya,4120.75,5433.987898014537,22392105.630743403,0.04611884040455273,0.022392105630743404
"Chick peas, dry",Kazakhstan,4043.0,2553.3734052401,10323288.677385725,0.04524867360446683,0.010323288677385726
"Chick peas, dry",Uganda,3518.71,5686.140306803077,20007878.758951053,0.039380895448620695,0.020007878758951055
"Chick peas, dry",Malawi,2616.2,6646.911286747215,17389649.30838806,0.029280133535494957,0.01738964930838806
"Chick peas, dry",United Kingdom of Great Britain and Northern Ireland,2130.4,6714.340625937352,14304231.269496936,0.023843129915151157,0.014304231269496936
"Chick peas, dry",Malaysia,2042.0,3838.831314103306,7838893.54339895,0.0228537698492014,0.00783889354339895
"Chick peas, dry",South Africa,1825.0,7993.256602133439,14587693.298893526,0.02042513710812564,0.014587693298893527
"Chick peas, dry",Egypt,1796.0,4428.472173909593,7953536.024341629,0.020100573285585562,0.007953536024341628
"Chick peas, dry",Republic of Korea,1722.0,4688.275219427333,8073209.927853867,0.019272375945310876,0.008073209927853868
"Chick peas, dry",Azerbaijan,1622.0,2808.9519006469,4556119.982849272,0.01815319035034509,0.0045561199828492716
"Chick peas, dry",Italy,1394.63,5916.674095107869,8251571.193260288,0.015608498063071378,0.008251571193260287
"Chick peas, dry",Japan,1204.0,5842.232014440779,7034047.345386697,0.013474994563388094,0.007034047345386697
"Chick peas, dry",Sri Lanka,1144.25,2428.9375693398165,2779311.813717085,0.012806281170396033,0.002779311813717085
"Chick peas, dry",Indonesia,1142.0,4993.546328004081,5702629.9065806605,0.012781099494509304,0.00570262990658066
"Chick peas, dry",Belgium,1081.0,6413.584835634752,6933085.207321167,0.012098396281580173,0.006933085207321167
"Chick peas, dry",Romania,1074.0,4803.843905463052,5159328.354467317,0.012020053289932569,0.005159328354467318
"Chick peas, dry",Panama,863.0,15147.18238743536,13072018.400356716,0.009658571684554754,0.013072018400356716
"Chick peas, dry",Afghanistan,769.0,1002.9527124104856,771270.6358436634,0.008606537225286913,0.0007712706358436633
"Chick peas, dry",Netherlands (Kingdom of the),712.0,6357.460004804903,4526511.523421091,0.007968601436156414,0.004526511523421091
"Chick peas, dry","China, Taiwan Province of",642.0,4389.463591265317,2818035.6255923333,0.007185171519680362,0.002818035625592333
"Chick peas, dry",Switzerland,583.0,6243.158569671946,3639761.4461187446,0.006524852018650547,0.0036397614461187444
"Chick peas, dry",Mozambique,573.0,7716.397734599136,4421495.901925305,0.0064129334591539675,0.0044214959019253045
"Chick peas, dry",Madagascar,525.0,6170.132996692938,3239319.8232637923,0.00587572437357039,0.0032393198232637923
"Chick peas, dry",Qatar,513.02,2568.4266382771602,1317654.2339689487,0.005741645939293488,0.0013176542339689487
"Chick peas, dry",Israel,484.0,4065.628404436001,1967764.1477470244,0.005416858279634416,0.0019677641477470246
"Chick peas, dry",Saudi Arabia,479.0,3050.2928733853737,1461090.286351594,0.005360898999886127,0.0014610902863515939
"Chick peas, dry",Thailand,469.0,2916.9713106501185,1368059.5446949056,0.005248980440389548,0.0013680595446949055
"Chick peas, dry",Spain,390.94,7275.224630476575,2844176.3170385123,0.0043753441649592535,0.0028441763170385125
"Chick peas, dry",Austria,374.0,5565.876795654235,2081637.9215746839,0.004185754125172049,0.0020816379215746837
"Chick peas, dry",Morocco,345.0,7775.268819976927,2682467.74289204,0.0038611903026319703,0.00268246774289204
"Chick peas, dry",Greece,298.0,5009.237571090582,1492752.7961849933,0.0033351730729980497,0.0014927527961849933
"Chick peas, dry",Guyana,244.0,13825.825944770262,3373501.530523944,0.002730812851716524,0.0033735015305239443
"Chick peas, dry",Papua New Guinea,239.0,8604.206509756355,2056405.355831769,0.0026748535719682345,0.002056405355831769
"Chick peas, dry",Lebanon,201.06,3981.6155753675694,800543.6275834035,0.0022502345572382146,0.0008005436275834035
"Chick peas, dry",Sweden,147.96,5569.000083685222,823989.2523820655,0.0016559470063113807,0.0008239892523820656
"Chick peas, dry",Portugal,135.0,7775.1724705511915,1049648.2835244108,0.0015109005532038145,0.0010496482835244108
"Chick peas, dry",Bahrain,120.0,2632.450908574484,315894.10902893805,0.0013430227139589461,0.00031589410902893805
"Chick peas, dry",Brazil,120.0,14238.19804883822,1708583.7658605864,0.0013430227139589461,0.0017085837658605864
"Chick peas, dry",Kuwait,120.0,2835.8211057413478,340298.5326889617,0.0013430227139589461,0.00034029853268896173
"Chick peas, dry",New Zealand,120.0,12749.082110394997,1529889.8532473997,0.0013430227139589461,0.0015298898532473996
"Chick peas, dry",Norway,120.0,5986.066335949758,718327.9603139709,0.0013430227139589461,0.000718327960313971
"Chick peas, dry",Costa Rica,110.0,15275.390684051625,1680292.9752456788,0.0012311041544623672,0.0016802929752456788
"Chick peas, dry",Iraq,110.0,3155.958588669031,347155.4447535934,0.0012311041544623672,0.0003471554447535934
"Chick peas, dry",Algeria,96.0,6830.689369505322,655746.1794725109,0.001074418171167157,0.000655746179472511
"Chick peas, dry",Congo,85.0,7552.5859841816555,641969.8086554407,0.0009513077557209202,0.0006419698086554407
"Chick peas, dry",Libya,72.0,6053.629554881623,435861.3279514769,0.0008058136283753677,0.0004358613279514769
"Chick peas, dry",Peru,72.0,16777.20000027679,1207958.4000199288,0.0008058136283753677,0.0012079584000199287
"Chick peas, dry",El Salvador,65.0,15090.599138971464,980888.9440331451,0.0007274706367277626,0.0009808889440331451
"Chick peas, dry",Viet Nam,48.0,3003.948710326737,144189.53809568338,0.0005372090855835785,0.00014418953809568338
"Chick peas, dry",New Caledonia,47.0,11099.853396744677,521693.1096469998,0.0005260172296339205,0.0005216931096469998
"Chick peas, dry",Syrian Arab Republic,45.0,3908.479487335017,175881.57693007577,0.0005036335177346048,0.00017588157693007578
"Chick peas, dry",Côte d'Ivoire,24.0,8914.685559015084,213952.45341636203,0.00026860454279178925,0.00021395245341636202
"Chick peas, dry",Jordan,22.0,3957.6955468454776,87069.3020306005,0.0002462208308924735,8.706930203060051e-05
"Chick peas, dry",Zambia,15.0,7190.538312063473,107858.0746809521,0.00016787783924486827,0.00010785807468095209
"Chick peas, dry",Bangladesh,12.0,1420.6060378421687,17047.272454106023,0.00013430227139589462,1.7047272454106024e-05
"Chick peas, dry",Maldives,1.0,2747.428566403176,2747.428566403176,1.1191855949657884e-05,2.747428566403176e-06
"Coffee, green",Viet Nam,558185.4800000001,3003.9487103267365,1676760552.7691107,43.72554841446153,1.6767605527691107
"Coffee, green",Indonesia,314946.75999999995,4993.546328004081,1572701236.9147825,24.67140457031915,1.5727012369147826
"Coffee, green",Uganda,175667.86,5686.140306803078,998872099.35584,13.760969771723278,0.99887209935584
"Coffee, green",Kenya,98192.89999999998,5433.987898014538,533579030.27095157,7.691956449505597,0.5335790302709515
"Coffee, green",Côte d'Ivoire,27932.23,8914.685559015084,249007047.4120879,2.188075682636665,0.2490070474120879
"Coffee, green",Brazil,19585.43,14238.19804883822,278861231.2116575,1.5342277761919696,0.2788612312116575
"Coffee, green",United Republic of Tanzania,14314.69,5888.532962571469,84292523.9139922,1.1213435194211936,0.0842925239139922
"Coffee, green",Honduras,8327.45,14981.129130335665,124754603.77641374,0.6523321211150237,0.12475460377641374
"Coffee, green","China, mainland",5686.8,3781.464195320433,21504430.58594824,0.44547638308929094,0.02150443058594824
"Coffee, green",United Kingdom of Great Britain and Northern Ireland,5218.31,6714.340625937352,35037510.83173515,0.40877714437621826,0.03503751083173515
"Coffee, green",Peru,4533.9400000000005,16777.200000276785,76066818.16925494,0.35516691150451224,0.07606681816925494
"Coffee, green",Guinea,4456.219999999999,9785.265656028361,43605296.5217067,0.34907870293489485,0.0436052965217067
"Coffee, green",Papua New Guinea,3583.04,8604.206509756355,30829216.092717413,0.2806780086629129,0.030829216092717413
"Coffee, green",Cameroon,3400.1800000000003,7437.197470355536,25287810.09475349,0.2663536414596162,0.02528781009475349
"Coffee, green",Belgium,3175.62,6413.584835634754,20367108.275738437,0.24876269811950733,0.020367108275738437
"Coffee, green",Rwanda,3141.82,6061.655320904235,19044629.920323346,0.24611496974002886,0.019044629920323346
"Coffee, green",Mexico,2969.0,14659.908762023892,43525269.114448935,0.23257708753466008,0.043525269114448935
"Coffee, green",Germany,1913.91,5780.147011489693,11062681.166760238,0.14992644446057976,0.011062681166760237
"Coffee, green",Ghana,1867.73,8490.148944042125,15857305.887255797,0.14630892681074795,0.0158573058872558
"Coffee, green",Nicaragua,1705.98,15153.117624235527,25850915.604593325,0.13363821481723792,0.025850915604593325
"Coffee, green",Burundi,1702.6100000000001,6225.419735211545,10599461.89536853,0.13337422533088167,0.01059946189536853
"Coffee, green",Colombia,1382.2600000000002,15276.235264636356,21115728.956896253,0.10827955709520354,0.021115728956896253
"Coffee, green",Congo,1248.0,7552.585984181655,9425627.308258705,0.09776227862689653,0.009425627308258706
"Coffee, green",Zambia,1238.4,7190.538312063473,8904762.645659406,0.09701026109899732,0.008904762645659406
"Coffee, green",Italy,1153.96,5916.674095107869,6827605.238790677,0.09039564025985058,0.006827605238790677
"Coffee, green",United States of America,1050.21,12048.513666060027,12653469.537232902,0.08226836749739824,0.012653469537232901
"Coffee, green",Lao People's Democratic Republic,1030.0500000000002,2843.9248680572487,2929384.8103423696,0.08068913068880992,0.0029293848103423697
"Coffee, green",United Arab Emirates,999.3999999999999,2310.7043438201686,2309317.921213876,0.07828815806067338,0.002309317921213876
"Coffee, green",Democratic Republic of the Congo,902.4000000000001,7550.471654711011,6813545.621211217,0.07068964762252519,0.006813545621211217
"Coffee, green",Thailand,859.25,2916.9713106501185,2506407.5986761143,0.06730948550493657,0.0025064075986761143
"Coffee, green","China, Taiwan Province of",786.19,4389.463591265316,3450952.3808168788,0.06158631877698701,0.0034509523808168787
"Coffee, green",Djibouti,615.4,4007.029620374413,2465926.0283784135,0.04820745694470522,0.0024659260283784136
"Coffee, green",Republic of Korea,511.0,4688.2752194273335,2395708.6371273673,0.04002926632880138,0.0023957086371273672
"Coffee, green",Costa Rica,449.0,15275.390684051623,6858650.417139179,0.03517248646111902,0.006858650417139179
"Coffee, green",Spain,357.26,7275.224630476575,2599146.751484061,0.027986018960132253,0.0025991467514840613
"Coffee, green",Canada,326.6,11339.239814279874,3703395.723343807,0.02558426298040417,0.0037033957233438067
"Coffee, green",France,307.72,6588.0532249943535,2027275.7383952627,0.024105295175535738,0.0020272757383952627
"Coffee, green",Jordan,280.2,3957.695546845478,1108946.292226103,0.021949511595558018,0.0011089462922261029
"Coffee, green",Ethiopia,234.8,4557.245264061662,1070041.1880016783,0.018393095369868034,0.0010700411880016783
"Coffee, green",Nigeria,211.0,7578.188208003617,1598997.7118887631,0.016528718581951256,0.0015989977118887632
"Coffee, green",Guatemala,209.0,15028.209292593448,3140895.7421520306,0.01637204826363892,0.0031408957421520307
"Coffee, green",Malaysia,201.59999999999997,3838.8313141033063,773908.3929232265,0.015792368085883284,0.0007739083929232264
"Coffee, green",Egypt,189.0,4428.472173909593,836981.2408689131,0.014805345080515581,0.0008369812408689131
"Coffee, green",Czechia,180.22,5706.560394901874,1028436.3143692157,0.014117562383124432,0.0010284363143692157
"Coffee, green",Kuwait,145.62,2835.8211057413478,412952.2694180551,0.01140716587632105,0.0004129522694180551
"Coffee, green",Pakistan,130.0,682.729880538837,88754.88447004881,0.010183570690301721,8.875488447004881e-05
"Coffee, green",Singapore,128.66,4150.142844891839,533957.3784237839,0.010078601577032458,0.0005339573784237839
"Coffee, green",Sri Lanka,107.42,2428.9375693398165,260916.47369848308,0.008414762796555468,0.0002609164736984831
"Coffee, green",Japan,96.0,5842.232014440779,560854.2733863147,0.007520175278992041,0.0005608542733863147
"Coffee, green",Portugal,83.0,7775.172470551191,645339.3150557488,0.006501818209961868,0.0006453393150557488
"Coffee, green",Madagascar,80.6,6170.132996692938,497312.7195334508,0.0063138138279870675,0.0004973127195334508
"Coffee, green",Oman,72.02,1934.407833335268,139316.052156806,0.005641698162427153,0.00013931605215680598
"Coffee, green",Ukraine,72.0,4579.187332744632,329701.4879576135,0.0056401314592440304,0.0003297014879576135
"Coffee, green",Eswatini,70.0,7843.071704698209,549015.0193288747,0.005483461140931695,0.0005490150193288747
"Coffee, green",Iran (Islamic Republic of),55.0,2542.2091304770397,139821.50217623718,0.00430843375358919,0.0001398215021762372
"Coffee, green",Slovenia,54.0,5713.59590750485,308534.1790052619,0.004230098594433023,0.0003085341790052619
"Coffee, green",New Zealand,49.0,12749.082110394997,624705.0234093548,0.003838422798652187,0.0006247050234093549
"Coffee, green",Estonia,38.4,5205.001858772424,199872.0713768611,0.003008070111596816,0.0001998720713768611
"Coffee, green",Myanmar,36.0,2341.88616329966,84307.90187878776,0.0028200657296220152,8.430790187878776e-05
"Coffee, green",Netherlands (Kingdom of the),32.0,6357.460004804903,203438.7201537569,0.002506725092997347,0.0002034387201537569
"Coffee, green",Qatar,20.88,2568.42663827716,53628.748207227094,0.0016356381231807686,5.362874820722709e-05
"Coffee, green",Finland,20.0,5215.952945243741,104319.05890487482,0.0015667031831233416,0.00010431905890487482
"Coffee, green",Timor-Leste,19.02,6632.195674161094,126144.361722544,0.001489934727150298,0.000126144361722544
"Coffee, green",Liberia,16.0,9474.70973902622,151595.35582441953,0.0012533625464986734,0.00015159535582441952
"Coffee, green",Australia,3.8600000000000003,10354.14409830728,39966.996219466106,0.000302373714342805,3.996699621946611e-05
"Coffee, green",Panama,1.62,15147.182387435358,24538.435467645282,0.00012690295783299068,2.4538435467645282e-05
"Coffee, green",Jamaica,1.12,14130.371805788029,15826.016422482593,8.773537825490715e-05,1.5826016422482593e-05
"Coffee, green",Philippines,1.01,4752.271687366133,4799.794404239794,7.911851074772876e-05,4.799794404239794e-06
"Coffee, green",Türkiye,1.0,4218.907186700092,4218.907186700092,7.833515915616709e-05,4.218907186700092e-06
"Coffee, green",Nepal,0.43,800.4339445742335,344.18659616692037,3.368411843715184e-05,3.441865961669204e-07
"Coffee, green",Greece,0.24,5009.237571090582,1202.2170170617396,1.88004381974801e-05,1.2022170170617397e-06
"Coffee, green",Yemen,0.2,3687.6558316689607,737.5311663337922,1.566703183123342e-05,7.375311663337922e-07
"Coffee, green",Israel,0.01,4065.6284044360004,40.65628404436001,7.833515915616709e-07,4.0656284044360004e-08
Grapes,"China, mainland",61840.05,3781.464195320433,233845934.91182536,47.806459139077795,0.23384593491182537
Grapes,United States of America,25954.52,12048.513666060026,312713388.91602826,20.06456495191025,0.31271338891602823
Grapes,Afghanistan,12559.939999999999,1002.9527124104856,12597025.890712952,9.709666444307025,0.012597025890712953
Grapes,Chile,8011.549999999999,16920.671533114524,135560806.02112365,6.193459379733339,0.13556080602112364
Grapes,Australia,7328.720000000001,10354.144098307279,75882622.93614653,5.665586512652275,0.07588262293614653
Grapes,Peru,7039.370000000001,16777.20000027679,118100918.36594842,5.441899776436954,0.11810091836594842
Grapes,Egypt,2528.97,4428.472173909593,11199473.273652142,1.9550615009035983,0.011199473273652142
Grapes,Mexico,989.11,14659.90876202389,14500262.35560545,0.7646476158905634,0.01450026235560545
Grapes,South Africa,948.0200000000001,7993.25660213344,7577767.123954544,0.7328823212954798,0.007577767123954544
Grapes,Italy,738.6500000000001,5916.674095107868,4370351.320351427,0.5710254283927619,0.004370351320351427
Grapes,United Arab Emirates,374.07,2310.704343820168,864365.1738928102,0.28918091382776745,0.0008643651738928103
Grapes,"China, Hong Kong SAR",136.47,3759.949352937716,513120.2881954101,0.10550035905064674,0.0005131202881954101
Grapes,Germany,114.0,5780.147011489692,658936.7593098249,0.08812955911023469,0.0006589367593098249
Grapes,Netherlands (Kingdom of the),91.27000000000001,6357.460004804902,580245.3746385435,0.07055776192974667,0.0005802453746385435
Grapes,"China, Taiwan Province of",90.0,4389.463591265317,395051.72321387846,0.06957596771860633,0.0003950517232138785
Grapes,Spain,58.8,7275.224630476576,427783.20827202266,0.04545629890948947,0.00042778320827202267
Grapes,Thailand,54.0,2916.9713106501185,157516.4507751064,0.0417455806311638,0.0001575164507751064
Grapes,United Kingdom of Great Britain and Northern Ireland,45.0,6714.340625937353,302145.3281671809,0.034787983859303165,0.0003021453281671809
Grapes,Uzbekistan,44.01,1582.619042819331,69651.06407447875,0.034022648214398495,6.965106407447876e-05
Grapes,Malaysia,38.0,3838.8313141033054,145875.58993592561,0.029376519703411562,0.0001458755899359256
Grapes,Japan,37.0,5842.232014440779,216162.58453430881,0.028603453395427046,0.0002161625845343088
Grapes,Ukraine,37.0,4579.187332744632,169429.93131155137,0.028603453395427046,0.00016942993131155136
Grapes,Singapore,36.0,4150.142844891839,149405.1424161062,0.027830387087442534,0.0001494051424161062
Grapes,Türkiye,33.230000000000004,4218.907186700092,140194.28581404407,0.02568899341432543,0.00014019428581404407
Grapes,New Zealand,33.0,12749.082110394995,420719.70964303485,0.02551118816348899,0.00042071970964303483
Grapes,Pakistan,31.0,682.7298805388372,21164.62629670395,0.02396505554751996,2.116462629670395e-05
Grapes,Saudi Arabia,30.0,3050.292873385374,91508.78620156122,0.023191989239535443,9.150878620156122e-05
Grapes,Iran (Islamic Republic of),29.259999999999998,2542.2091304770397,74385.03915775818,0.022619920171626902,7.438503915775817e-05
Grapes,Argentina,29.0,15803.099696243316,458289.8911910562,0.02241892293155093,0.0004582898911910562
Grapes,Brazil,17.0,14238.19804883822,242049.36683024972,0.013142127235736751,0.00024204936683024973
Grapes,Denmark,17.0,5846.974609763495,99398.56836597942,0.013142127235736751,9.939856836597942e-05
Grapes,Republic of Korea,16.0,4688.2752194273335,75012.40351083734,0.012369060927752237,7.501240351083734e-05
Grapes,Bangladesh,14.0,1420.6060378421685,19888.48452979036,0.010822928311783208,1.988848452979036e-05
Grapes,Viet Nam,11.0,3003.948710326737,33043.43581359411,0.008503729387829662,3.3043435813594104e-05
"Hazelnuts, in shell",United States of America,35.0,12048.513666060027,421697.978312101,39.05814083249638,0.000421697978312101
"Hazelnuts, in shell",Australia,22.0,10354.14409830728,227791.1701627602,24.550831380426292,0.00022779117016276019
"Hazelnuts, in shell",Türkiye,16.0,4218.907186700092,67502.51498720147,17.855150094855485,6.750251498720148e-05
"Hazelnuts, in shell",Iran (Islamic Republic of),13.47,2542.2091304770397,34243.55698752573,15.031804486106463,3.4243556987525726e-05
"Hazelnuts, in shell",Afghanistan,2.0,1002.9527124104854,2005.905424820971,2.2318937618569357,2.005905424820971e-06
"Hazelnuts, in shell",Singapore,1.0,4150.142844891839,4150.142844891839,1.1159468809284678,4.150142844891839e-06
"Hazelnuts, in shell",United Arab Emirates,0.14,2310.704343820168,323.49860813482354,0.1562325633299855,3.2349860813482354e-07
Kiwi fruit,Iran (Islamic Republic of),130654.94,2542.2091304770397,332152181.4099298,29.892043812094716,0.3321521814099298
Kiwi fruit,Chile,107795.88,16920.67153311452,1823978678.103029,24.662206937780574,1.823978678103029
Kiwi fruit,New Zealand,66690.83,12749.082110394997,850246867.6803939,15.257939823974207,0.8502468676803939
Kiwi fruit,United Arab Emirates,51096.200000000004,2310.704343820168,118068211.29270408,11.690104094277293,0.11806821129270408
Kiwi fruit,Italy,40356.99,5916.674095107869,238779157.2895273,9.233121328625371,0.2387791572895273
Kiwi fruit,Greece,37581.6,5009.237571090583,188255162.70169783,8.598150469692294,0.18825516270169781
Kiwi fruit,France,711.03,6588.053224994355,4684303.484567736,0.1626738331647751,0.0046843034845677365
Kiwi fruit,"China, mainland",301.92,3781.464195320433,1141699.6698511452,0.06907512159699157,0.0011416996698511452
Kiwi fruit,United States of America,288.53999999999996,12048.51366606003,3476478.1332049603,0.06601396259140149,0.0034764781332049604
Kiwi fruit,Afghanistan,273.68,1002.9527124104854,274488.09833250166,0.06261420004857131,0.0002744880983325017
Kiwi fruit,Germany,208.94,5780.147011489692,1207703.9165806563,0.047802583156052646,0.0012077039165806563
Kiwi fruit,"China, Hong Kong SAR",120.0,3759.9493529377155,451193.9223525259,0.02745434085730984,0.00045119392235252586
Kiwi fruit,Oman,110.87,1934.4078333352677,214467.79648188115,0.025365523090416182,0.00021446779648188113
Kiwi fruit,Australia,105.0,10354.14409830728,1087185.1303222645,0.02402254825014611,0.0010871851303222645
Kiwi fruit,Canada,96.0,11339.239814279872,1088567.0221708678,0.021963472685847873,0.0010885670221708677
Kiwi fruit,Qatar,81.49000000000001,2568.42663827716,209301.08675320577,0.018643785303851492,0.00020930108675320578
Kiwi fruit,Viet Nam,78.35,3003.948710326737,235359.38145409984,0.017925396718085216,0.00023535938145409984
Kiwi fruit,Japan,70.0,5842.232014440779,408956.2410108545,0.016015032166764073,0.0004089562410108545
Kiwi fruit,Indonesia,52.0,4993.546328004081,259664.40905621223,0.011896881038167597,0.00025966440905621224
Kiwi fruit,"China, Taiwan Province of",51.0,4389.463591265317,223862.64315453114,0.011668094864356682,0.00022386264315453114
Kiwi fruit,Spain,50.0,7275.224630476575,363761.23152382876,0.011439308690545767,0.00036376123152382874
Kiwi fruit,Republic of Korea,47.83,4688.2752194273335,224240.20374520935,0.01094284269337608,0.00022424020374520935
Kiwi fruit,Türkiye,41.04,4218.907186700092,173143.95094217177,0.009389384573199966,0.00017314395094217177
Kiwi fruit,South Africa,35.0,7993.25660213344,279763.9810746704,0.008007516083382037,0.0002797639810746704
Kiwi fruit,Saudi Arabia,24.0,3050.2928733853737,73207.02896124897,0.005490868171461968,7.320702896124897e-05
Kiwi fruit,Singapore,24.0,4150.142844891839,99603.42827740413,0.005490868171461968,9.960342827740413e-05
Kiwi fruit,Algeria,17.0,6830.689369505322,116121.71928159049,0.0038893649547855607,0.00011612171928159049
Kiwi fruit,Austria,17.0,5565.876795654235,94619.90552612199,0.0038893649547855607,9.461990552612199e-05
Kiwi fruit,Malaysia,17.0,3838.8313141033054,65260.132339756194,0.0038893649547855607,6.526013233975619e-05
Kiwi fruit,Norway,17.0,5986.066335949758,101763.12771114588,0.0038893649547855607,0.00010176312771114588
Kiwi fruit,Somalia,17.0,4487.162056851129,76281.75496646919,0.0038893649547855607,7.62817549664692e-05
Kiwi fruit,United Kingdom of Great Britain and Northern Ireland,17.0,6714.340625937352,114143.790640935,0.0038893649547855607,0.000114143790640935
Kiwi fruit,Finland,15.0,5215.952945243741,78239.29417865611,0.00343179260716373,7.823929417865612e-05
Kiwi fruit,Nepal,12.0,800.4339445742334,9605.2073348908,0.002745434085730984,9.6052073348908e-06
Kiwi fruit,Netherlands (Kingdom of the),11.22,6357.460004804903,71330.70125391101,0.0025669808701584704,7.133070125391102e-05
Kiwi fruit,Israel,2.0,4065.628404436001,8131.256808872002,0.0004575723476218307,8.131256808872001e-06
"Lentils, dry",Canada,8562267.04,11339.239814279874,97089599320.46428,69.94860874567075,97.08959932046427
"Lentils, dry",Australia,2608511.0399999996,10354.144098307283,27008899190.185387,21.309977520360388,27.008899190185385
"Lentils, dry",United States of America,731126.1799999999,12048.513666060031,8808983771.344265,5.972864297460272,8.808983771344264
"Lentils, dry",Nepal,113775.84,800.4339445742334,91070044.40844683,0.9294806713795317,0.09107004440844683
"Lentils, dry",Russian Federation,64456.84,4337.813911083233,279601777.2164661,0.5265738922973723,0.2796017772164661
"Lentils, dry",Türkiye,35473.59999999999,4218.907186700094,149659825.9781244,0.28979812888438305,0.1496598259781244
"Lentils, dry",United Arab Emirates,35036.45,2310.7043438201686,80958877.20703813,0.28622687442918804,0.08095887720703814
"Lentils, dry",Singapore,19634.72,4150.142844891838,81486892.71945468,0.1604039374963008,0.08148689271945468
"Lentils, dry",Sri Lanka,17865.25,2428.9375693398165,43393576.91064816,0.14594842423807358,0.04339357691064816
"Lentils, dry","China, mainland",13976.0,3781.464195320433,52849743.59379838,0.11417557420978246,0.052849743593798376
"Lentils, dry",Netherlands (Kingdom of the),11131.449999999999,6357.460004804904,70767748.17048554,0.0909372993372555,0.07076774817048555
"Lentils, dry",Myanmar,4057.0,2341.8861632996595,9501032.164506719,0.03314326735611674,0.009501032164506719
"Lentils, dry",United Republic of Tanzania,2076.04,5888.53296257147,12224829.971616875,0.016960007089473154,0.012224829971616875
"Lentils, dry","China, Taiwan Province of",1944.0,4389.463591265317,8533117.221419776,0.015881319137365277,0.008533117221419776
"Lentils, dry",Pakistan,1500.5,682.729880538837,1024436.185748525,0.012258188974082613,0.001024436185748525
"Lentils, dry",Mozambique,1361.0,7716.397734599136,10502017.316789424,0.011118557276725382,0.010502017316789423
"Lentils, dry",United Kingdom of Great Britain and Northern Ireland,1310.29,6714.340625937353,8797733.378759455,0.010704286858281044,0.008797733378759455
"Lentils, dry",Republic of Korea,819.0,4688.275219427333,3839697.4047109857,0.006690740932871482,0.0038396974047109856
"Lentils, dry",Philippines,809.0,4752.271687366133,3844587.7950792015,0.006609046904387093,0.0038445877950792013
"Lentils, dry",Japan,728.0,5842.2320144407795,4253144.906512887,0.00594732527366354,0.004253144906512887
"Lentils, dry",Switzerland,689.0,6243.158569671947,4301536.254503971,0.0056287185625744215,0.004301536254503971
"Lentils, dry",Germany,662.0,5780.147011489692,3826457.321606176,0.0054081446856665705,0.003826457321606176
"Lentils, dry",Spain,653.0,7275.224630476576,4750721.683701204,0.00533462006003062,0.0047507216837012044
"Lentils, dry",Iran (Islamic Republic of),631.0,2542.2091304770397,1604133.9613310122,0.005154893197364964,0.0016041339613310122
"Lentils, dry",Indonesia,589.0,4993.54632800408,2941198.7871944034,0.004811778277730529,0.0029411987871944033
"Lentils, dry",Uzbekistan,575.0,1582.6190428193313,910005.9496211155,0.004697406637852384,0.0009100059496211154
"Lentils, dry",Saudi Arabia,563.0,3050.2928733853737,1717314.8877159655,0.004599373803671116,0.0017173148877159656
"Lentils, dry",Malaysia,548.0,3838.831314103306,2103679.5601286115,0.004476832760944532,0.0021036795601286117
"Lentils, dry",Ukraine,537.0,4579.187332744632,2459023.5976838674,0.004386969329611704,0.0024590235976838675
"Lentils, dry",Brazil,500.0,14238.198048838221,7119099.02441911,0.004084701424219464,0.00711909902441911
"Lentils, dry",Djibouti,445.0,4007.029620374413,1783128.1810666136,0.0036353842675553236,0.0017831281810666137
"Lentils, dry",Italy,418.0,5916.674095107868,2473169.771755089,0.0034148103906474717,0.002473169771755089
"Lentils, dry",Côte d'Ivoire,399.0,8914.685559015084,3556959.5380470185,0.003259591736527132,0.0035569595380470186
"Lentils, dry",Belgium,396.0,6413.584835634752,2539779.594911362,0.003235083527981816,0.002539779594911362
"Lentils, dry",Malawi,396.0,6646.911286747214,2632176.8695518966,0.003235083527981816,0.0026321768695518966
"Lentils, dry",France,385.0,6588.053224994354,2536400.4916228266,0.003145220096648987,0.0025364004916228265
"Lentils, dry",Czechia,366.0,5706.560394901874,2088601.1045340858,0.002990001442528648,0.0020886011045340856
"Lentils, dry",Afghanistan,359.8,1002.9527124104853,360862.3859252926,0.0029393511448683263,0.00036086238592529263
"Lentils, dry",Finland,356.0,5215.952945243741,1856879.2485067719,0.0029083074140442582,0.0018568792485067719
"Lentils, dry",Ethiopia,294.0,4557.245264061662,1339830.1076341285,0.0024018044374410448,0.0013398301076341286
"Lentils, dry",Norway,276.0,5986.066335949758,1652154.308722133,0.002254755186169144,0.001652154308722133
"Lentils, dry",Algeria,274.86,6830.689369505322,1877483.280102233,0.002245442066921924,0.001877483280102233
"Lentils, dry",Sweden,269.0,5569.000083685222,1498061.0225113248,0.002197569366230072,0.0014980610225113248
"Lentils, dry",Maldives,227.0,2747.4285664031763,623666.284573521,0.0018544544465956367,0.000623666284573521
"Lentils, dry",Kenya,197.0,5433.987898014537,1070495.6159088637,0.001609372361142469,0.0010704956159088637
"Lentils, dry",Hungary,189.0,5364.760386864549,1013939.7131173998,0.0015440171383549574,0.0010139397131174
"Lentils, dry",Chile,139.0,16920.67153311452,2351973.3431029185,0.001135546995933011,0.0023519733431029183
"Lentils, dry",Lebanon,138.0,3981.615575367569,549462.9494007245,0.001127377593084572,0.0005494629494007245
"Lentils, dry",Thailand,138.0,2916.9713106501185,402542.0408697164,0.001127377593084572,0.0004025420408697164
"Lentils, dry",New Zealand,137.0,12749.082110394997,1746624.2491241146,0.001119208190236133,0.0017466242491241146
"Lentils, dry",Kazakhstan,135.0,2553.3734052401,344705.4097074135,0.0011028693845392553,0.0003447054097074135
"Lentils, dry",South Africa,135.0,7993.25660213344,1079089.6412880144,0.0011028693845392553,0.0010790896412880143
"Lentils, dry",Argentina,125.0,15803.099696243316,1975387.4620304145,0.001021175356054866,0.0019753874620304147
"Lentils, dry",Madagascar,125.0,6170.132996692938,771266.6245866172,0.001021175356054866,0.0007712666245866172
"Lentils, dry",Georgia,110.87,3259.3031745164394,361358.94295863766,0.000905741693806424,0.00036135894295863765
"Lentils, dry",Bahrain,103.0,2632.4509085744844,271142.4435831719,0.0008414484933892097,0.00027114244358317186
"Lentils, dry",Greece,100.0,5009.237571090582,500923.75710905815,0.0008169402848438928,0.0005009237571090582
"Lentils, dry",Viet Nam,93.0,3003.948710326737,279367.23006038653,0.0007597544649048203,0.0002793672300603865
"Lentils, dry",Oman,78.0,1934.407833335268,150883.8110001509,0.0006372134221782365,0.0001508838110001509
"Lentils, dry",Panama,75.0,15147.18238743536,1136038.679057652,0.0006127052136329196,0.001136038679057652
"Lentils, dry",Poland,75.0,5264.896657577059,394867.24931827944,0.0006127052136329196,0.0003948672493182794
"Lentils, dry",Qatar,36.0,2568.42663827716,92463.35897797775,0.00029409850254380146,9.246335897797775e-05
Maize (corn),Ukraine,911684.75,4579.187332744632,4174775258.6564565,47.44600670434686,4.174775258656457
Maize (corn),Myanmar,631283.23,2341.88616329966,1478393461.4601169,32.85331729298065,1.4783934614601169
Maize (corn),Argentina,142336.48,15803.099696243313,2249357583.8523426,7.407492101138177,2.2493575838523427
Maize (corn),South Africa,77370.15999999999,7993.2566021334405,618439542.2281206,4.026507112328455,0.6184395422281206
Maize (corn),Singapore,45447.24,4150.142844891838,188612537.90608212,2.3651706949513644,0.18861253790608212
Maize (corn),Brazil,39523.01,14238.19804883822,562736443.8662134,2.0568612093555014,0.5627364438662135
Maize (corn),"China, mainland",31700.0,3781.464195320433,119872414.99165773,1.6497351880985125,0.11987241499165774
Maize (corn),United States of America,28889.88,12048.513666060027,348080113.9908343,1.503490587253737,0.3480801139908343
Maize (corn),Switzerland,7122.97,6243.158569671947,44469831.19701619,0.3706944559233458,0.04446983119701619
Maize (corn),France,1630.4299999999998,6588.053224994354,10741359.619627545,0.08485103289373684,0.010741359619627544
Maize (corn),Türkiye,855.02,4218.907186700093,3607250.022772313,0.04449705301350127,0.003607250022772313
Maize (corn),Pakistan,707.0,682.729880538837,482690.0255409578,0.03679377848535169,0.00048269002554095783
Maize (corn),Bangladesh,648.0,1420.6060378421685,920552.7125217252,0.03372329343494752,0.0009205527125217253
Maize (corn),Australia,621.0799999999999,10354.144098307283,6430751.816576686,0.032322319578051234,0.006430751816576686
Maize (corn),United Arab Emirates,539.05,2310.704343820168,1245585.1765362616,0.028053304515599467,0.0012455851765362615
Maize (corn),Japan,189.0,5842.232014440779,1104181.8507293072,0.009835960585193025,0.0011041818507293072
Maize (corn),Nepal,175.31,800.4339445742334,140324.07482330885,0.00912350396926026,0.00014032407482330886
Maize (corn),Qatar,120.0,2568.42663827716,308211.19659325917,0.0062450543398050945,0.00030821119659325916
Maize (corn),Italy,105.26,5916.674095107869,622789.1152510543,0.005477953498399036,0.0006227891152510543
Maize (corn),Jordan,98.0,3957.695546845478,387854.1635908568,0.0051001277108408275,0.0003878541635908568
Maize (corn),Saudi Arabia,96.0,3050.2928733853737,292828.1158449959,0.004996043471844076,0.0002928281158449959
Maize (corn),New Zealand,84.0,12749.082110394995,1070922.8972731796,0.004371538037863567,0.0010709228972731796
Maize (corn),Malaysia,53.9,3838.831314103306,206913.00783016818,0.002805070240962455,0.00020691300783016818
Maize (corn),Bhutan,53.67,1234.966136613527,66280.63255204799,0.0027931005534778293,6.628063255204798e-05
Maize (corn),Republic of Moldova,50.0,4624.782329273415,231239.11646367074,0.0026021059749187898,0.00023123911646367074
Maize (corn),Lebanon,48.0,3981.615575367569,191117.54761764331,0.002498021735922038,0.00019111754761764332
Maize (corn),Thailand,31.880000000000003,2916.9713106501185,92993.04538352578,0.0016591027696082204,9.299304538352578e-05
Maize (corn),"China, Taiwan Province of",26.29,4389.4635912653175,115398.99781436518,0.0013681873216122996,0.00011539899781436519
Maize (corn),Indonesia,21.05,4993.546328004081,105114.15020448591,0.0010954866154408106,0.0001051141502044859
Maize (corn),Philippines,2.95,4752.271687366132,14019.20147773009,0.00015352425252020862,1.401920147773009e-05
Maize (corn),Spain,2.12,7275.224630476574,15423.476216610337,0.00011032929333655668,1.5423476216610336e-05
Maize (corn),Peru,1.34,16777.20000027679,22481.4480003709,6.973644012782356e-05,2.2481448000370898e-05
Maize (corn),Mexico,1.01,14659.908762023892,14806.507849644131,5.2562540693359554e-05,1.4806507849644132e-05
Maize (corn),Germany,1.0,5780.147011489692,5780.147011489692,5.2042119498375795e-05,5.780147011489692e-06
Maize (corn),Chile,0.76,16920.67153311452,12859.710365167035,3.9552010818765605e-05,1.2859710365167034e-05
Maize (corn),Guatemala,0.38,15028.209292593448,5710.71953118551,1.9776005409382803e-05,5.71071953118551e-06
Maize (corn),Zimbabwe,0.17,7161.042887638526,1217.3772908985495,8.847160314723885e-06,1.2173772908985495e-06
Maize (corn),Ghana,0.07,8490.148944042125,594.3104260829488,3.6429483648863056e-06,5.943104260829488e-07
Maize (corn),Kenya,0.02,5433.987898014537,108.67975796029074,1.040842389967516e-06,1.0867975796029074e-07
Maize (corn),United Kingdom of Great Britain and Northern Ireland,0.02,6714.340625937352,134.28681251874704,1.040842389967516e-06,1.3428681251874703e-07
Maize (corn),Nigeria,0.01,7578.188208003617,75.78188208003617,5.20421194983758e-07,7.578188208003617e-08
"Mangoes, guavas and mangosteens",Thailand,5921.850000000001,2916.9713106501185,17273866.555973407,64.14301590293168,0.01727386655597341
"Mangoes, guavas and mangosteens",Nepal,960.56,800.4339445742334,768864.8298002256,10.404386358269804,0.0007688648298002256
"Mangoes, guavas and mangosteens","China, mainland",418.62,3781.464195320433,1582996.5414450397,4.5343177076902075,0.0015829965414450398
"Mangoes, guavas and mangosteens",Sri Lanka,332.77,2428.937569339816,808277.5549492106,3.6044262184990448,0.0008082775549492106
"Mangoes, guavas and mangosteens",Malawi,307.99,6646.911286747213,2047182.2072052741,3.3360195661733956,0.002047182207205274
"Mangoes, guavas and mangosteens",South Africa,234.21,7993.256602133439,1872100.6287856728,2.5368652962546543,0.0018721006287856729
"Mangoes, guavas and mangosteens",Bangladesh,205.0,1420.6060378421682,291224.2377576445,2.2204747266649765,0.0002912242377576445
"Mangoes, guavas and mangosteens",United Arab Emirates,158.23,2310.704343820168,365622.74832266517,1.7138815414643862,0.0003656227483226652
"Mangoes, guavas and mangosteens",United States of America,75.54,12048.513666060027,910144.7223341746,0.8182178578159626,0.0009101447223341746
"Mangoes, guavas and mangosteens",Netherlands (Kingdom of the),72.24000000000001,6357.460004804903,459262.91074710625,0.7824736305086727,0.00045926291074710625
"Mangoes, guavas and mangosteens",Pakistan,67.0,682.729880538837,45742.90199610208,0.7257161301783094,4.574290199610208e-05
"Mangoes, guavas and mangosteens",Australia,61.0,10354.14409830728,631602.7899967441,0.6607266259832368,0.0006316027899967441
"Mangoes, guavas and mangosteens",Saudi Arabia,52.910000000000004,3050.2928733853732,161390.99593082012,0.5730991111602142,0.00016139099593082012
"Mangoes, guavas and mangosteens",Kenya,48.01,5433.987898014537,260885.7589836779,0.5200243494009049,0.0002608857589836779
"Mangoes, guavas and mangosteens",Japan,46.0,5842.2320144407795,268742.67266427586,0.4982528654955557,0.0002687426726642759
"Mangoes, guavas and mangosteens",Malaysia,31.25,3838.831314103306,119963.4785657283,0.3384870010160025,0.00011996347856572831
"Mangoes, guavas and mangosteens",Singapore,30.0,4150.142844891839,124504.28534675516,0.3249475209753624,0.00012450428534675515
"Mangoes, guavas and mangosteens",United Kingdom of Great Britain and Northern Ireland,26.410000000000004,6714.340625937351,177325.73593100547,0.2860621342986441,0.00017732573593100547
"Mangoes, guavas and mangosteens",Germany,24.0,5780.147011489692,138723.52827575261,0.25995801678028996,0.00013872352827575262
"Mangoes, guavas and mangosteens",Poland,22.6,5264.896657577059,118986.66446124154,0.24479379913477303,0.00011898666446124154
"Mangoes, guavas and mangosteens",Yemen,21.0,3687.65583166896,77440.77246504817,0.22746326468275369,7.744077246504818e-05
"Mangoes, guavas and mangosteens",Kuwait,19.0,2835.8211057413478,53880.60100908561,0.20580009661772952,5.3880601009085604e-05
"Mangoes, guavas and mangosteens",Indonesia,17.0,4993.546328004081,84890.28757606939,0.18413692855270536,8.489028757606938e-05
"Mangoes, guavas and mangosteens","China, Taiwan Province of",13.04,4389.463591265317,57238.605230099725,0.1412438557839575,5.7238605230099724e-05
"Mangoes, guavas and mangosteens",Republic of Korea,9.0,4688.275219427333,42194.476974845995,0.09748425629260872,4.2194476974845996e-05
"Mangoes, guavas and mangosteens",Viet Nam,7.069999999999999,3003.948710326737,21237.91738201003,0.0765792991098604,2.1237917382010028e-05
"Mangoes, guavas and mangosteens",France,7.0,6588.053224994354,46116.37257496048,0.07582108822758456,4.611637257496048e-05
"Mangoes, guavas and mangosteens",Oman,5.84,1934.4078333352677,11296.941746677963,0.06325645074987055,1.1296941746677963e-05
"Mangoes, guavas and mangosteens",Italy,5.0,5916.67409510787,29583.37047553935,0.05415792016256041,2.9583370475539347e-05
"Mangoes, guavas and mangosteens",Spain,4.08,7275.224630476575,29682.916492344426,0.044192862852649284,2.9682916492344427e-05
"Mangoes, guavas and mangosteens",Switzerland,4.0,6243.158569671946,24972.634278687783,0.04332633613004832,2.4972634278687784e-05
"Mangoes, guavas and mangosteens",Afghanistan,3.0,1002.9527124104856,3008.8581372314566,0.032494752097536245,3.0088581372314566e-06
"Mangoes, guavas and mangosteens","China, Hong Kong SAR",3.0,3759.949352937716,11279.848058813148,0.032494752097536245,1.1279848058813148e-05
"Mangoes, guavas and mangosteens",Argentina,2.0,15803.099696243316,31606.199392486633,0.02166316806502416,3.1606199392486634e-05
"Mangoes, guavas and mangosteens",Austria,2.0,5565.876795654235,11131.75359130847,0.02166316806502416,1.113175359130847e-05
"Mangoes, guavas and mangosteens",Belgium,2.0,6413.584835634752,12827.169671269505,0.02166316806502416,1.2827169671269504e-05
"Mangoes, guavas and mangosteens",Sweden,2.0,5569.000083685222,11138.000167370445,0.02166316806502416,1.1138000167370445e-05
"Mangoes, guavas and mangosteens",Ukraine,1.01,4579.187332744632,4624.979206072078,0.010939899872837201,4.624979206072078e-06
"Mangoes, guavas and mangosteens",Brazil,1.0,14238.19804883822,14238.19804883822,0.01083158403251208,1.423819804883822e-05
"Mangoes, guavas and mangosteens",Canada,1.0,11339.239814279874,11339.239814279874,0.01083158403251208,1.1339239814279874e-05
"Mangoes, guavas and mangosteens",Ethiopia,1.0,4557.245264061662,4557.245264061662,0.01083158403251208,4.557245264061662e-06
"Mangoes, guavas and mangosteens",Iran (Islamic Republic of),1.0,2542.2091304770397,2542.2091304770397,0.01083158403251208,2.5422091304770395e-06
"Mangoes, guavas and mangosteens",Iraq,1.0,3155.958588669031,3155.958588669031,0.01083158403251208,3.155958588669031e-06
"Mangoes, guavas and mangosteens",Israel,1.0,4065.628404436001,4065.628404436001,0.01083158403251208,4.065628404436001e-06
"Mangoes, guavas and mangosteens",Mexico,1.0,14659.908762023892,14659.908762023892,0.01083158403251208,1.465990876202389e-05
"Mangoes, guavas and mangosteens",Nigeria,1.0,7578.188208003617,7578.188208003617,0.01083158403251208,7.578188208003617e-06
"Mangoes, guavas and mangosteens",Qatar,1.0,2568.42663827716,2568.42663827716,0.01083158403251208,2.56842663827716e-06
"Mangoes, guavas and mangosteens",Algeria,0.03,6830.689369505322,204.92068108515966,0.0003249475209753624,2.0492068108515965e-07
Palm oil,Indonesia,100857319.42,4993.546328004082,503635697042.0758,63.59086362385814,503.63569704207583
Palm oil,Malaysia,48595382.279999994,3838.831314103306,186549475217.28488,30.63954450790154,186.54947521728488
Palm oil,Thailand,4416679.67,2916.971310650119,12883327885.721634,2.7847307084937474,12.883327885721634
Palm oil,Singapore,1777071.0999999999,4150.14284489184,7375098910.52907,1.1204490325527192,7.37509891052907
Palm oil,Papua New Guinea,1054234.48,8604.206509756355,9070851175.625607,0.6646982234980462,9.070851175625606
Palm oil,Nepal,599483.5799999998,800.4339445742335,479847006.64688295,0.3779763213988683,0.47984700664688296
Palm oil,Philippines,239951.31,4752.271687366133,1140313816.859414,0.1512900711453006,1.140313816859414
Palm oil,Cambodia,167284.44,3441.9744142695317,575788762.3854066,0.10547337636582094,0.5757887623854067
Palm oil,"China, mainland",123468.0,3781.464195320433,466889821.2678232,0.07784697030480049,0.46688982126782325
Palm oil,Bhutan,77996.0,1234.9661366135272,96322418.79130866,0.049176728349800906,0.09632241879130865
Palm oil,Argentina,68340.0,15803.099696243315,1079983833.2412682,0.043088589356189984,1.0799838332412681
Palm oil,Côte d'Ivoire,45949.44,8914.685559015084,409624809.2128301,0.028971269407475717,0.4096248092128301
Palm oil,United States of America,42128.27000000001,12048.513666060024,507583036.8224667,0.026562009457370476,0.5075830368224666
Palm oil,Bangladesh,40657.52,1420.6060378421685,57758318.39568872,0.0256346968615903,0.05775831839568872
Palm oil,Sri Lanka,39757.05,2428.9375693398165,96567392.39112155,0.02506694763628202,0.09656739239112155
Palm oil,Germany,34559.969999999994,5780.147011489693,199761707.31267342,0.021790172014811895,0.19976170731267343
Palm oil,Lithuania,34500.0,5032.259527391903,173612953.69502068,0.021752360737321546,0.17361295369502067
Palm oil,Brazil,22310.0,14238.198048838218,317654198.46958065,0.0140665266101346,0.31765419846958065
Palm oil,Netherlands (Kingdom of the),21848.33,6357.4600048049015,138899884.1467791,0.013775442193276652,0.1388998841467791
Palm oil,Gabon,19039.47,7831.974248997707,149116638.75456437,0.012004446947461202,0.14911663875456438
Palm oil,Morocco,18593.0,7775.268819976929,144565573.16983104,0.011722946179391869,0.14456557316983104
Palm oil,Guinea,18416.58,9785.26565602836,180211127.77549878,0.011611712803122934,0.18021112777549878
Palm oil,Saudi Arabia,18054.0,3050.2928733853737,55069987.53609954,0.011383104949321831,0.05506998753609954
Palm oil,Japan,16668.0,5842.232014440778,97378323.21669888,0.010509227500570305,0.09737832321669888
Palm oil,United Kingdom of Great Britain and Northern Ireland,15746.48,6714.340625937353,105727230.37951002,0.009928206182696202,0.10572723037951001
Palm oil,Honduras,15005.0,14981.129130335665,224791842.60068664,0.009460700662710429,0.22479184260068663
Palm oil,Iran (Islamic Republic of),13630.0,2542.2091304770393,34650310.44840205,0.008593758749266454,0.03465031044840205
Palm oil,Republic of Korea,13570.279999999999,4688.2752194273335,63621207.444690354,0.008556105097578544,0.06362120744469035
Palm oil,South Africa,13253.0,7993.25660213344,105934629.74807447,0.008356059039180361,0.10593462974807447
Palm oil,Australia,13197.0,10354.144098307283,136643639.6653612,0.008320750859432824,0.1366436396653612
Palm oil,United Arab Emirates,12244.869999999999,2310.7043438201686,28294274.298513263,0.007720429838307434,0.028294274298513264
Palm oil,France,10109.34,6588.053224994355,66600869.98956444,0.006373971318731427,0.06660086998956444
Palm oil,Liberia,10069.699999999999,9474.709739026222,95407484.65907234,0.006348978171495847,0.09540748465907234
Palm oil,Ukraine,9730.0,4579.187332744631,44555492.747605264,0.006134796231134453,0.044555492747605265
Palm oil,Myanmar,9122.0,2341.88616329966,21362685.581619497,0.005751450279589772,0.0213626855816195
Palm oil,Panama,8749.0,15147.18238743536,132522698.70767196,0.005516272582342789,0.13252269870767194
Palm oil,Colombia,8500.0,15276.23526463636,129847999.74940906,0.005359277283108207,0.12984799974940905
Palm oil,Benin,7750.0,8144.460522743463,63119569.05126184,0.00488639987577513,0.06311956905126184
Palm oil,Guatemala,6506.0,15028.209292593448,97773529.65761298,0.004102053882811999,0.09777352965761298
Palm oil,Sweden,6500.0,5569.000083685222,36198500.54395395,0.004098270863553334,0.036198500543953946
Palm oil,Qatar,6355.0,2568.42663827716,16322351.286251351,0.004006847898135607,0.01632235128625135
Palm oil,Spain,5944.0,7275.224630476576,43243935.20355277,0.00374771107891708,0.04324393520355277
Palm oil,Canada,5930.0,11339.239814279874,67241692.09867965,0.0037388840339801963,0.06724169209867965
Palm oil,Senegal,5500.0,9676.778248234616,53222280.36529039,0.003467767653775899,0.053222280365290385
Palm oil,"China, Taiwan Province of",5093.0,4389.463591265317,22355538.07031426,0.0032111528473964825,0.02235553807031426
Palm oil,Viet Nam,4252.0,3003.948710326737,12772789.916309286,0.0026808996479736583,0.012772789916309285
Palm oil,Slovenia,4246.0,5713.59590750485,24259928.223265596,0.002677116628714994,0.024259928223265597
Palm oil,Sierra Leone,3975.66,9604.522169438764,38184314.608150914,0.0025066663909837617,0.038184314608150915
Palm oil,Belgium,3956.33,6413.584835634752,25374258.09276684,0.002494478763938764,0.02537425809276684
Palm oil,Russian Federation,3310.0,4337.813911083233,14358164.0456855,0.0020869656243633133,0.0143581640456855
Palm oil,Solomon Islands,3043.62,9811.604856304171,29862796.7727445,0.0019190121793428,0.0298627967727445
Palm oil,Israel,2982.0,4065.628404436001,12123703.902028155,0.0018801605715563145,0.012123703902028155
Palm oil,Italy,2966.0,5916.674095107869,17548855.36608994,0.0018700725201998753,0.01754885536608994
Palm oil,Bulgaria,2000.0,5024.842088029114,10049684.176058229,0.0012610064195548722,0.010049684176058228
Palm oil,Norway,2000.0,5986.066335949758,11972132.671899514,0.0012610064195548722,0.011972132671899515
Palm oil,New Zealand,1750.0,12749.082110394997,22310893.693191245,0.0011033806171105132,0.022310893693191246
Palm oil,Ecuador,1500.0,15937.889441849802,23906834.162774704,0.0009457548146661541,0.023906834162774705
Palm oil,Türkiye,1500.0,4218.907186700092,6328360.780050138,0.0009457548146661541,0.006328360780050138
Palm oil,Switzerland,1450.0,6243.158569671945,9052579.92602432,0.0009142296541772823,0.00905257992602432
Palm oil,Tunisia,1111.0,6207.970434745458,6897055.153002204,0.0007004890660627316,0.006897055153002205
Palm oil,Iceland,1031.0,7593.303533734082,7828695.943279838,0.0006500488092805366,0.007828695943279838
Palm oil,"China, Hong Kong SAR",1000.0,3759.949352937716,3759949.352937716,0.0006305032097774361,0.0037599493529377162
Palm oil,Saint Lucia,997.0,13483.504116159176,13443053.603810698,0.0006286117001481037,0.013443053603810698
Palm oil,Kazakhstan,996.0,2553.3734052401,2543159.91161914,0.0006279811969383264,0.0025431599116191397
Palm oil,Ghana,989.78,8490.148944042125,8403379.621834014,0.0006240594669735107,0.008403379621834014
Palm oil,Pakistan,856.0,682.729880538837,584416.7777412445,0.0005397107475694853,0.0005844167777412445
Palm oil,Cameroon,840.0,7437.197470355537,6247245.875098651,0.0005296226962130463,0.006247245875098651
Palm oil,Denmark,632.91,5846.974609763495,3700608.7002654136,0.0003990517865002371,0.0037006087002654136
Palm oil,Czechia,627.0,5706.560394901874,3578013.367603475,0.0003953255125304524,0.003578013367603475
Palm oil,Luxembourg,500.0,6302.319454367064,3151159.727183532,0.00031525160488871806,0.003151159727183532
Palm oil,Mexico,500.0,14659.908762023892,7329954.381011946,0.00031525160488871806,0.0073299543810119465
Palm oil,Egypt,375.0,4428.472173909593,1660677.0652160973,0.00023643870366653853,0.0016606770652160972
Palm oil,Bahrain,250.0,2632.450908574484,658112.727143621,0.00015762580244435903,0.000658112727143621
Palm oil,Kuwait,250.0,2835.8211057413478,708955.2764353369,0.00015762580244435903,0.0007089552764353369
Palm oil,Paraguay,250.0,15552.808267672342,3888202.066918086,0.00015762580244435903,0.003888202066918086
Palm oil,Poland,250.0,5264.896657577059,1316224.1643942648,0.00015762580244435903,0.0013162241643942649
Palm oil,Portugal,250.0,7775.17247055119,1943793.1176377975,0.00015762580244435903,0.0019437931176377976
Palm oil,United Republic of Tanzania,245.0,5888.53296257147,1442690.5758300102,0.00015447328639547184,0.0014426905758300101
Palm oil,Congo,234.0,7552.585984181655,1767305.1202985072,0.00014753775108792004,0.001767305120298507
Palm oil,Ireland,125.0,7077.793107246976,884724.138405872,7.881290122217952e-05,0.0008847241384058721
Palm oil,Nigeria,36.97,7578.1882080036185,280165.61804989376,2.3309703665471814e-05,0.0002801656180498938
Palm oil,Kenya,0.04,5433.987898014537,217.3595159205815,2.5220128391097444e-08,2.1735951592058148e-07
Potatoes,Bhutan,23358.89,1234.966136613527,28847438.13888035,94.36658068503858,0.02884743813888035
Potatoes,Germany,458.0,5780.147011489692,2647307.331262279,1.8502546120020118,0.0026473073312622787
Potatoes,Oman,364.0,1934.4078333352677,704124.4513340375,1.4705080322461404,0.0007041244513340375
Potatoes,Bangladesh,295.0,1420.6060378421685,419078.7811634397,1.1917578832764049,0.0004190787811634397
Potatoes,Viet Nam,135.0,3003.948710326737,405533.0758941095,0.5453807262451345,0.0004055330758941095
Potatoes,Nepal,81.0,800.4339445742334,64835.1495105129,0.32722843574708066,6.48351495105129e-05
Potatoes,Somalia,28.0,4487.162056851129,125640.53759183161,0.11311600248047234,0.00012564053759183162
Potatoes,Belgium,24.36,6413.584835634753,156234.92659606258,0.09841092215801092,0.00015623492659606257
Potatoes,Myanmar,7.0,2341.88616329966,16393.20314309762,0.028279000620118084,1.639320314309762e-05
Potatoes,Chile,1.08,16920.67153311452,18274.325255763684,0.004363045809961076,1.8274325255763683e-05
Potatoes,Netherlands (Kingdom of the),1.02,6357.460004804904,6484.609204901002,0.004120654376074349,6.484609204901002e-06
Refined sugar,Brazil,621682.13,14238.19804883822,8851633290.363588,51.7552321240182,8.851633290363589
Refined sugar,Thailand,275594.24,2916.971310650118,803900491.4604232,22.94330683631261,0.8039004914604232
Refined sugar,United Arab Emirates,67289.1,2310.7043438201677,155485215.66174966,5.601838659760534,0.15548521566174967
Refined sugar,Pakistan,63484.0,682.729880538837,43342423.73612753,5.285062892448222,0.04334242373612753
Refined sugar,Spain,37202.73,7275.224630476575,270658217.6169698,3.097138929821219,0.27065821761696984
Refined sugar,Myanmar,34310.0,2341.88616329966,80350114.26281133,2.8563182508962655,0.08035011426281133
Refined sugar,Malaysia,14776.18,3838.8313141033054,56723262.48682698,1.2301216150547472,0.05672326248682698
Refined sugar,France,14198.4,6588.053224994355,93539814.90975985,1.1820212490097795,0.09353981490975985
Refined sugar,Germany,7547.48,5780.147011489693,43625543.966278225,0.6283300749715692,0.04362554396627823
Refined sugar,"China, mainland",7450.299999999999,3781.464195320433,28173042.69439582,0.6202398095206192,0.02817304269439582
Refined sugar,Guatemala,7063.0,15028.20929259345,106144242.23358753,0.5879969631617697,0.10614424223358754
Refined sugar,New Zealand,6346.48,12749.082110394997,80911794.63197963,0.5283464486431981,0.08091179463197963
Refined sugar,United Kingdom of Great Britain and Northern Ireland,6001.910000000001,6714.3406259373505,40298868.14621965,0.49966088817361715,0.04029886814621965
Refined sugar,Poland,5566.63,5264.896657577059,29307731.680968184,0.4634236917804336,0.029307731680968185
Refined sugar,Colombia,5149.0,15276.23526463636,78657335.37761262,0.42865586341780443,0.07865733537761262
Refined sugar,Austria,4003.01,5565.876795654234,22280260.47177186,0.33325183682658877,0.022280260471771857
Refined sugar,United States of America,3743.1600000000003,12048.513666060027,45099514.414249256,0.31161924290366844,0.04509951441424925
Refined sugar,Republic of Korea,3370.6000000000004,4688.275219427333,15802300.45460177,0.28060350616353696,0.01580230045460177
Refined sugar,South Africa,3336.6600000000003,7993.256602133439,26670779.574074563,0.27777799052857866,0.026670779574074564
Refined sugar,Australia,2915.11,10354.14409830728,30183469.00241654,0.24268382093763372,0.03018346900241654
Refined sugar,Denmark,2151.25,5846.974609763495,12578304.129253719,0.17909223658526932,0.012578304129253719
Refined sugar,Belgium,1690.9700000000003,6413.584835634751,10845179.549513295,0.1407737823584395,0.010845179549513296
Refined sugar,Italy,1291.79,5916.67409510787,7643100.429319395,0.10754192227704128,0.007643100429319395
Refined sugar,Algeria,1000.01,6830.689369505322,6830757.676399018,0.08325114584898788,0.006830757676399017
Refined sugar,Netherlands (Kingdom of the),820.0699999999999,6357.460004804903,5213562.226140357,0.06827108446553483,0.005213562226140357
Refined sugar,Nepal,642.0,800.4339445742334,513878.59241665783,0.05344670116803855,0.0005138785924166579
Refined sugar,Canada,630.16,11339.239814279876,7145535.361366606,0.052461017458023625,0.0071455353613666065
Refined sugar,Türkiye,500.0,4218.907186700092,2109453.593350046,0.04162515667292721,0.002109453593350046
Refined sugar,Indonesia,422.6,4993.546328004081,2110272.678214525,0.035181582419958085,0.0021102726782145247
Refined sugar,Saudi Arabia,288.0,3050.2928733853737,878484.3475349876,0.023976090243606075,0.0008784843475349876
Refined sugar,Singapore,266.78999999999996,4150.142844891839,1107216.6095886936,0.0222103510975405,0.0011072166095886936
Refined sugar,Democratic People's Republic of Korea,174.0,4576.879914516306,796377.1051258371,0.014485554522178668,0.0007963771051258371
Refined sugar,Israel,118.52000000000001,4065.628404436001,481858.27849375486,0.009866827137750667,0.00048185827849375485
Refined sugar,Japan,117.46,5842.232014440778,686228.5724162137,0.00977858180560406,0.0006862285724162137
Refined sugar,Ukraine,26.0,4579.187332744632,119058.87065136043,0.002164508146992215,0.00011905887065136043
Refined sugar,Switzerland,18.580000000000002,6243.158569671946,115997.88622450476,0.0015467908219659752,0.00011599788622450476
Refined sugar,Greece,4.5,5009.237571090582,22541.56906990762,0.0003746264100563449,2.2541569069907618e-05
Refined sugar,"China, Hong Kong SAR",1.0,3759.949352937716,3759.949352937716,8.325031334585442e-05,3.759949352937716e-06
Refined sugar,United Republic of Tanzania,0.5,5888.53296257147,2944.266481285735,4.162515667292721e-05,2.9442664812857353e-06
Refined sugar,Mauritius,0.49,5822.975607264604,2853.258047559656,4.079265353946867e-05,2.853258047559656e-06
Refined sugar,Czechia,0.45,5706.560394901874,2567.9521777058435,3.746264100563449e-05,2.5679521777058434e-06
Refined sugar,Bahrain,0.4,2632.450908574484,1052.9803634297937,3.3300125338341766e-05,1.0529803634297938e-06
Refined sugar,Hungary,0.38,5364.760386864549,2038.6089470085287,3.163511907142468e-05,2.0386089470085286e-06
Refined sugar,Sri Lanka,0.24,2428.9375693398165,582.945016641556,1.9980075203005063e-05,5.82945016641556e-07
Refined sugar,Ireland,0.21000000000000002,7077.7931072469755,1486.336552521865,1.748256580262943e-05,1.4863365525218651e-06
Refined sugar,Lithuania,0.07,5032.259527391903,352.25816691743324,5.82752193420981e-06,3.5225816691743327e-07
Refined sugar,Mali,0.05,8875.902597477558,443.7951298738779,4.162515667292721e-06,4.437951298738779e-07
Refined sugar,Nigeria,0.03,7578.188208003617,227.3456462401085,2.497509400375633e-06,2.273456462401085e-07
Refined sugar,Russian Federation,0.02,4337.813911083233,86.75627822166466,1.6650062669170885e-06,8.675627822166466e-08
Refined sugar,Belarus,0.01,4872.203206271063,48.72203206271063,8.325031334585443e-07,4.8722032062710635e-08
Refined sugar,Uganda,0.01,5686.140306803077,56.86140306803077,8.325031334585443e-07,5.686140306803077e-08
Rice,Nepal,303.67,800.4339445742334,243067.77594885745,48.66896385928359,0.00024306777594885746
Rice,United States of America,202.98,12048.513666060026,2445607.303936864,32.531452840772495,0.0024456073039368638
Rice,Viet Nam,62.94,3003.948710326737,189068.53182796482,10.087346742527444,0.00018906853182796483
Rice,Indonesia,22.06,4993.546328004081,110157.63199577003,3.535539706707268,0.00011015763199577003
Rice,Italy,12.600000000000001,5916.674095107868,74550.09359835915,2.0193925795336165,7.455009359835915e-05
Rice,Saudi Arabia,12.0,3050.2928733853737,36603.514480624486,1.9232310281272536,3.6603514480624486e-05
Rice,Philippines,3.54,4752.271687366134,16823.041773276113,0.5673531532975398,1.6823041773276114e-05
Rice,Afghanistan,2.0,1002.9527124104854,2005.905424820971,0.3205385046878756,2.005905424820971e-06
Rice,Republic of Korea,1.32,4688.2752194273335,6188.52328964408,0.21155541309399792,6.18852328964408e-06
Rice,"China, mainland",0.36000000000000004,3781.464195320432,1361.3271103153556,0.05769693084381761,1.3613271103153557e-06
Rice,Thailand,0.28,2916.9713106501185,816.7519669820333,0.04487539065630259,8.167519669820333e-07
Rice,Brazil,0.11999999999999998,14238.198048838221,1708.5837658605863,0.019232310281272536,1.7085837658605862e-06
Rice,Bangladesh,0.04,1420.6060378421685,56.82424151368674,0.006410770093757513,5.682424151368674e-08
Rice,Japan,0.03,5842.232014440779,175.26696043322335,0.004808077570318134,1.7526696043322336e-07
Rice,Malaysia,0.01,3838.831314103305,38.38831314103305,0.0016026925234393782,3.8388313141033054e-08
Soya beans,Togo,1017459.81,8301.724543943055,8446671077.1526375,29.264391496183755,8.446671077152638
Soya beans,Benin,653174.6900000001,8144.460522743462,5319755477.160199,18.786746813673613,5.319755477160199
Soya beans,Niger,407836.56999999995,7857.838600159798,3204713942.302773,11.730280580754092,3.204713942302773
Soya beans,Ethiopia,361688.74,4557.245264061663,1648304297.42943,10.402967058837847,1.64830429742943
Soya beans,Mozambique,324578.3,7716.397734599136,2504575258.820039,9.33558883506738,2.5045752588200387
Soya beans,United Republic of Tanzania,207382.45,5888.532962571469,1221178392.6838298,5.9647773274088856,1.2211783926838298
Soya beans,Burkina Faso,125054.98000000001,8281.2932918483,1035616966.9862233,3.596857445668964,1.0356169669862234
Soya beans,Malawi,109635.41,6646.911286747212,728736844.1561582,3.1533565537931367,0.7287368441561582
Soya beans,United Arab Emirates,89044.65,2310.7043438201686,205755859.54894656,2.561120815416442,0.20575585954894657
Soya beans,Djibouti,35775.6,4007.029620374413,143353888.88666683,1.028985276981969,0.14335388888666684
Soya beans,Ghana,28042.029999999995,8490.148944042126,238081011.39329758,0.8065507219078555,0.23808101139329757
Soya beans,Singapore,25536.14,4150.142844891839,105978628.70715627,0.7344757905094628,0.10597862870715627
Soya beans,Myanmar,16599.989999999998,2341.88616329966,38875286.89191272,0.47745237838213506,0.03887528689191272
Soya beans,Nigeria,16150.37,7578.188208003618,122390543.48889539,0.46452031406353167,0.12239054348889539
Soya beans,Zambia,15888.45,7190.538312063472,114246508.44430488,0.4569869163358313,0.11424650844430488
Soya beans,Sudan,14656.97,4796.807498346663,70306663.59904209,0.4215668314484287,0.07030666359904209
Soya beans,Uganda,11570.279999999999,5686.140306803078,65790235.46899751,0.3327868091816471,0.06579023546899751
Soya beans,United States of America,5312.960000000001,12048.513666060027,64013271.16723029,0.15281246484179503,0.0640132711672303
Soya beans,Ukraine,1976.97,4579.187332744632,9052915.981216155,0.05686202392231138,0.009052915981216155
Soya beans,Madagascar,1816.36,6170.132996692937,11207182.769873183,0.05224252556767654,0.011207182769873184
Soya beans,Switzerland,1456.87,6243.158569671945,9095470.425397966,0.04190279912780557,0.009095470425397966
Soya beans,Côte d'Ivoire,1203.99,8914.685559015084,10733192.266198572,0.034629411767615935,0.010733192266198571
Soya beans,Mali,1058.75,8875.902597477558,9397361.875079364,0.030451988562166937,0.009397361875079363
Soya beans,Canada,589.0,11339.239814279874,6678812.250610846,0.01694094098051129,0.006678812250610846
Soya beans,Türkiye,560.0,4218.907186700092,2362588.0245520514,0.01610683692544367,0.0023625880245520515
Soya beans,Kenya,556.4,5433.987898014537,3023470.866455288,0.016003292973780104,0.003023470866455288
Soya beans,Mauritius,502.08,5822.975607264603,2923599.592895412,0.014440929792012067,0.002923599592895412
Soya beans,Israel,325.0,4065.6284044360013,1321329.2314417004,0.009347717858516416,0.0013213292314417004
Soya beans,Cameroon,258.0,7437.197470355537,1918796.9473517286,0.007420649869222262,0.0019187969473517285
Soya beans,United Kingdom of Great Britain and Northern Ireland,229.7,6714.340625937351,1542284.0417778096,0.006606679360311449,0.0015422840417778096
Soya beans,"China, mainland",213.0,3781.464195320433,805451.8736032522,0.006126350473427682,0.0008054518736032522
Soya beans,Japan,140.0,5842.232014440779,817912.482021709,0.004026709231360917,0.000817912482021709
Soya beans,Malaysia,125.0,3838.831314103306,479853.9142629132,0.0035952760994293906,0.00047985391426291323
Soya beans,Gambia,113.0,9663.550103308213,1091981.161673828,0.003250129593884169,0.001091981161673828
Soya beans,Viet Nam,106.08,3003.948710326737,318658.87919146026,0.003051095109019758,0.0003186588791914603
Soya beans,"China, Hong Kong SAR",62.13,3759.949352937716,233605.6532980203,0.0017869960324603843,0.0002336056532980203
Soya beans,Costa Rica,50.0,15275.390684051625,763769.5342025813,0.0014381104397717562,0.0007637695342025812
Soya beans,Netherlands (Kingdom of the),21.1,6357.460004804903,134142.40610138347,0.0006068826055836812,0.00013414240610138347
Soya beans,Nepal,19.0,800.4339445742334,15208.244946910434,0.0005464819671132674,1.5208244946910434e-05
Soya beans,Indonesia,10.0,4993.546328004081,49935.463280040814,0.00028762208795435123,4.993546328004082e-05
Soya beans,"China, Taiwan Province of",2.02,4389.463591265317,8866.71645435594,5.8099661766778956e-05,8.86671645435594e-06
Soya beans,Republic of Korea,1.5,4688.2752194273335,7032.412829141,4.314331319315269e-05,7.032412829141e-06
Soya beans,Australia,0.1,10354.14409830728,1035.4144098307281,2.876220879543513e-06,1.0354144098307281e-06
Tea leaves,Nepal,177667.34,800.4339445742334,142210969.77821147,31.796025771935383,0.1422109697782115
Tea leaves,Kenya,113650.04000000001,5433.987898014538,617572941.9688681,20.339245248009497,0.6175729419688681
Tea leaves,Viet Nam,79288.38,3003.948710326737,238178226.84489626,14.189751329056913,0.23817822684489626
Tea leaves,Indonesia,43129.38,4993.546328004081,215368557.12809265,7.718598578712298,0.21536855712809264
Tea leaves,Iran (Islamic Republic of),33332.299999999996,2542.20913047704,84737677.39979984,5.96527572168234,0.08473767739979984
Tea leaves,Argentina,27125.699999999997,15803.09969624332,428670141.4303874,4.854518879394421,0.4286701414303874
Tea leaves,Sri Lanka,20885.55,2428.937569339817,50729697.05132521,3.737757800961308,0.05072969705132521
Tea leaves,"China, mainland",17951.36,3781.464195320433,67882425.09730741,3.212643951337877,0.06788242509730741
Tea leaves,Malawi,9275.54,6646.911286747213,61653691.51667525,1.6599860665928672,0.06165369151667525
Tea leaves,United States of America,4263.629999999999,12048.51366606003,51370404.32202351,0.7630355098578998,0.051370404322023513
Tea leaves,United Kingdom of Great Britain and Northern Ireland,3843.45,6714.340625937352,25806232.478758916,0.687838492168257,0.025806232478758916
Tea leaves,Papua New Guinea,3787.0,8604.206509756357,32584130.052447323,0.677735984555852,0.03258413005244732
Tea leaves,Zimbabwe,3531.4,7161.042887638528,25288506.853406698,0.6319928322842714,0.0252885068534067
Tea leaves,United Arab Emirates,3462.53,2310.704343820168,8000883.111607647,0.6196675940333177,0.008000883111607647
Tea leaves,Türkiye,2657.43,4218.907186700092,11211450.525152424,0.4755838229306199,0.011211450525152425
Tea leaves,United Republic of Tanzania,2595.6,5888.532962571471,15284276.15765051,0.4645184899691496,0.01528427615765051
Tea leaves,Mozambique,1756.54,7716.397734599135,13554161.276732765,0.31435710755525115,0.013554161276732766
Tea leaves,Bangladesh,1727.35,1420.6060378421687,2453883.83946667,0.30913315366320326,0.0024538838394666702
Tea leaves,Germany,1335.21,5780.147011489692,7717710.091211152,0.23895428147315004,0.007717710091211152
Tea leaves,Malaysia,998.95,3838.831314103305,3834800.5412234967,0.1787759075183703,0.0038348005412234968
Tea leaves,Oman,886.0,1934.4078333352677,1713885.340335047,0.15856194410258379,0.001713885340335047
Tea leaves,Brazil,731.02,14238.19804883822,10408407.537661714,0.13082613135199864,0.010408407537661715
Tea leaves,Rwanda,589.2199999999999,6061.655320904236,3571648.5481831934,0.10544906174280406,0.0035716485481831935
Tea leaves,South Africa,526.8100000000001,7993.256602133438,4210927.510569917,0.09427992976600698,0.004210927510569917
Tea leaves,Australia,455.16,10354.144098307279,4712792.227785542,0.08145717209676304,0.004712792227785542
Tea leaves,"China, Taiwan Province of",426.1,4389.463591265316,1870350.4362381513,0.07625648350125391,0.0018703504362381513
Tea leaves,Uganda,357.95,5686.140306803077,2035353.9228201613,0.06406009920036103,0.002035353922820161
Tea leaves,Netherlands (Kingdom of the),310.35,6357.460004804902,1973037.7124912017,0.055541421390786556,0.001973037712491202
Tea leaves,Japan,231.19,5842.2320144407795,1350665.6194185638,0.041374645436880755,0.0013506656194185638
Tea leaves,Republic of Korea,178.46999999999997,4688.2752194273335,836716.478411196,0.03193967287131842,0.000836716478411196
Tea leaves,Switzerland,170.03,6243.158569671946,1061524.251601321,0.03042921823449472,0.0010615242516013208
Tea leaves,Myanmar,162.0,2341.8861632996604,379385.558454545,0.028992138763677854,0.00037938555845454496
Tea leaves,Russian Federation,155.35999999999999,4337.8139110832335,673922.7692258911,0.027803819002006114,0.0006739227692258911
Tea leaves,Italy,144.24,5916.674095107868,853421.0714783589,0.025813741328845022,0.000853421071478359
Tea leaves,Saudi Arabia,101.38,3050.2928733853737,309238.6915038092,0.01814335202383741,0.00030923869150380917
Tea leaves,Jordan,101.02,3957.6955468454776,399806.4041423301,0.018078925048807013,0.0003998064041423301
Tea leaves,Singapore,73.53,4150.142844891838,305160.00338489685,0.013159209649958226,0.00030516000338489687
Tea leaves,Venezuela (Bolivarian Republic of),67.0,14199.122494685576,951341.2071439336,0.011990575908434668,0.0009513412071439336
Tea leaves,Thailand,64.7,2916.9713106501185,188728.04379906267,0.011578959123518253,0.00018872804379906267
Tea leaves,Greece,63.0,5009.237571090582,315581.96697870665,0.011274720630319165,0.00031558196697870663
Tea leaves,Grenada,58.0,13696.930821642596,794421.9876552706,0.010379901532674787,0.0007944219876552706
Tea leaves,Belgium,52.17,6413.5848356347515,334596.720875065,0.009336542464821442,0.00033459672087506504
Tea leaves,Croatia,43.900000000000006,5601.706360693635,245914.90923445064,0.007856511677317641,0.00024591490923445066
Tea leaves,Slovenia,42.0,5713.59590750485,239971.02811520372,0.007516480420212776,0.00023997102811520372
Tea leaves,Côte d'Ivoire,37.0,8914.685559015084,329843.3656835581,0.006621661322568398,0.0003298433656835581
Tea leaves,Georgia,35.0,3259.30317451644,114075.61110807539,0.006263733683510647,0.00011407561110807539
Tea leaves,Czechia,33.51,5706.560394901873,191226.83883316178,0.0059970775924126215,0.00019122683883316177
Tea leaves,Guinea,27.0,9785.26565602836,264202.1727127657,0.004832023127279642,0.0002642021727127657
Tea leaves,New Zealand,27.0,12749.082110394998,344225.21698066493,0.004832023127279642,0.0003442252169806649
Tea leaves,Sweden,26.6,5569.000083685222,148135.40222602693,0.004760437599468092,0.00014813540222602693
Tea leaves,Guinea-Bissau,26.0,9653.61883295516,250994.08965683417,0.004653059307750766,0.0002509940896568342
Tea leaves,Senegal,26.0,9676.778248234616,251596.23445410002,0.004653059307750766,0.0002515962344541
Tea leaves,France,25.960000000000004,6588.0532249943535,171025.86172085346,0.0046459007549696126,0.00017102586172085344
Tea leaves,Antigua and Barbuda,25.0,13288.35083099212,332208.770774803,0.004474095488221891,0.000332208770774803
Tea leaves,Bulgaria,25.0,5024.842088029114,125621.05220072785,0.004474095488221891,0.00012562105220072784
Tea leaves,Ghana,25.0,8490.148944042125,212253.72360105312,0.004474095488221891,0.00021225372360105313
Tea leaves,Spain,23.0,7275.224630476575,167330.16650096123,0.004116167849164139,0.00016733016650096122
Tea leaves,Jamaica,22.18,14130.371805788029,313411.6466523785,0.003969417517150461,0.0003134116466523785
Tea leaves,Poland,19.84,5264.896657577059,104455.54968632886,0.0035506421794528928,0.00010445554968632886
Tea leaves,Colombia,19.0,15276.235264636358,290248.4700280908,0.0034003125710486367,0.00029024847002809083
Tea leaves,Finland,13.68,5215.952945243741,71354.23629093438,0.0024482250511550186,7.135423629093438e-05
Tea leaves,Burundi,11.6,6225.419735211546,72214.86892845393,0.0020759803065349574,7.221486892845393e-05
Tea leaves,Austria,10.639999999999999,5565.876795654236,59220.92910576106,0.0019041750397872366,5.922092910576106e-05
Tea leaves,Ethiopia,10.19,4557.245264061662,46438.329240788335,0.0018236413209992426,4.643832924078834e-05
Tea leaves,Bhutan,9.02,1234.966136613527,11139.394552254013,0.0016142536521504582,1.1139394552254012e-05
Tea leaves,Chile,8.0,16920.67153311452,135365.37226491616,0.001431710556231005,0.00013536537226491616
Tea leaves,"China, Hong Kong SAR",6.710000000000001,3759.949352937716,25229.260158212077,0.0012008472290387555,2.5229260158212076e-05
Tea leaves,Egypt,6.45,4428.472173909593,28563.645521716873,0.0011543166359612477,2.8563645521716874e-05
Tea leaves,Qatar,5.65,2568.4266382771593,14511.610506265952,0.0010111455803381473,1.4511610506265952e-05
Tea leaves,Barbados,4.0,13454.700907216173,53818.80362886469,0.0007158552781155025,5.381880362886469e-05
Tea leaves,Lithuania,2.0,5032.259527391903,10064.519054783806,0.00035792763905775123,1.0064519054783806e-05
Tea leaves,Nigeria,2.0,7578.188208003617,15156.376416007233,0.00035792763905775123,1.5156376416007234e-05
Tea leaves,Albania,1.0,5317.453750775707,5317.453750775707,0.00017896381952887562,5.3174537507757065e-06
Tea leaves,Israel,1.0,4065.628404436001,4065.628404436001,0.00017896381952887562,4.065628404436001e-06
Tea leaves,Sierra Leone,1.0,9604.522169438764,9604.522169438764,0.00017896381952887562,9.604522169438764e-06
Tea leaves,Pakistan,0.3,682.729880538837,204.8189641616511,5.3689145858662686e-05,2.048189641616511e-07
Tea leaves,Sudan,0.3,4796.807498346663,1439.0422495039988,5.3689145858662686e-05,1.4390422495039987e-06
Tea leaves,Morocco,0.15000000000000002,7775.268819976927,1166.2903229965393,2.684457292933135e-05,1.1662903229965393e-06
Tea leaves,Denmark,0.08,5846.974609763495,467.7579687810796,1.4317105562310051e-05,4.677579687810796e-07
Tea leaves,Azerbaijan,0.02,2808.9519006469004,56.17903801293801,3.579276390577513e-06,5.6179038012938007e-08
Tomatoes,Italy,323.0,5916.67409510787,1911085.7327198419,86.39135551513854,0.001911085732719842
Tomatoes,Nepal,37.19,800.4339445742334,29768.138398715735,9.947041831603723,2.9768138398715736e-05
Tomatoes,Thailand,5.0,2916.9713106501185,14584.856553250593,1.3373274847544667,1.4584856553250592e-05
Tomatoes,"China, Taiwan Province of",3.0,4389.463591265317,13168.390773795949,0.80239649085268,1.316839077379595e-05
Tomatoes,United Kingdom of Great Britain and Northern Ireland,2.0,6714.340625937352,13428.681251874705,0.5349309939017867,1.3428681251874705e-05
Tomatoes,Netherlands (Kingdom of the),1.69,6357.460004804903,10744.107408120286,0.4520166898470097,1.0744107408120286e-05
Tomatoes,United Arab Emirates,1.0,2310.704343820168,2310.704343820168,0.26746549695089333,2.310704343820168e-06
Tomatoes,United States of America,1.0,12048.513666060027,12048.513666060027,0.26746549695089333,1.2048513666060027e-05
Wheat,Australia,4803186.900000001,10354.144098307277,49732889293.70184,29.43313165175493,49.732889293701845
Wheat,Ukraine,4025472.0300000003,4579.187332744633,18433390528.093822,24.667424084506713,18.433390528093824
Wheat,Russian Federation,3440383.03,4337.813911083233,14923741366.988682,21.082095858991764,14.923741366988681
Wheat,Canada,1621564.0,11339.239814279874,18387303070.20293,9.936674896774537,18.38730307020293
Wheat,Argentina,566216.0,15803.099696243315,8947967897.608105,3.469677615778404,8.947967897608105
Wheat,Bulgaria,529831.3200000001,5024.842088029113,2662318716.2920218,3.2467183391891514,2.6623187162920217
Wheat,France,425555.0,6588.053224994355,2803578990.1624727,2.607730367532141,2.803578990162473
Wheat,Hungary,257772.0,5364.760386864549,1382885014.4428487,1.579584007471408,1.3828850144428486
Wheat,Romania,252289.0,4803.843905463051,1211956975.0653677,1.5459850940402915,1.2119569750653676
Wheat,Brazil,95248.0,14238.19804883822,1356159887.7557428,0.5836639260417604,1.3561598877557428
Wheat,Czechia,70600.0,5706.560394901874,402883163.8800723,0.4326250753669188,0.4028831638800723
Wheat,Pakistan,53094.0,682.729880538837,36248860.27732901,0.32535121461092337,0.036248860277329015
Wheat,Lithuania,52562.18,5032.259527391903,264506531.08548817,0.32209230997095684,0.26450653108548816
Wheat,Republic of Moldova,45707.96000000001,4624.782329273415,211389365.71513608,0.28009078810011495,0.21138936571513608
Wheat,Iran (Islamic Republic of),41911.0,2542.2091304770397,106546526.8674232,0.25682364778616057,0.1065465268674232
Wheat,Kazakhstan,29870.0,2553.3734052401,76269263.61452179,0.1830383994505647,0.07626926361452178
Wheat,Türkiye,3375.33,4218.907186700092,14240203.994484423,0.020683461694592384,0.014240203994484424
Wheat,United States of America,1000.44,12048.513666060027,12053815.012073094,0.006130530175638531,0.012053815012073093
Wheat,Nepal,871.0,800.4339445742334,697177.9657241573,0.005337343351906321,0.0006971779657241573
Wheat,United Kingdom of Great Britain and Northern Ireland,786.6999999999999,6714.340625937352,5282171.770424915,0.004820766951716076,0.005282171770424914
Wheat,Austria,753.0,5565.876795654235,4191105.227127639,0.0046142589483185534,0.004191105227127639
Wheat,Bangladesh,673.0,1420.6060378421685,956067.8634677794,0.004124032234021762,0.0009560678634677794
Wheat,Viet Nam,147.0,3003.948710326737,441580.4604180303,0.000900791587520355,0.0004415804604180303
Wheat,Sri Lanka,48.0,2428.9375693398165,116589.0033283112,0.00029413602857807515,0.0001165890033283112
Wheat,Mexico,36.900000000000006,14659.90876202389,540950.6333186816,0.00022611707196939528,0.0005409506333186816
Wheat,Italy,22.15,5916.674095107869,131054.3312066393,0.00013573152152092426,0.00013105433120663929
Wheat,New Zealand,4.0,12749.082110394997,50996.328441579986,2.4511335714839594e-05,5.099632844157999e-05
Wheat,Morocco,0.1,7775.268819976928,777.5268819976928,6.127833928709899e-07,7.775268819976929e-07
Wheat,Lebanon,0.07,3981.6155753675685,278.7130902757298,4.28948375009693e-07,2.7871309027572984e-07
