State,District,Crop,Season,Area-2024-25,Production-2024-25,Yield-2024-25,Food
Andaman And Nicobar Islands,Nicobars,Rice,Kharif,0.0,0.0,735.0,Rice
Andaman And Nicobar Islands,Nicobars,Rice,Total,0.0,0.0,735.0,Rice
Andaman And Nicobar Islands,North And Middle Andaman,Rice,Kharif,0.04,0.09,2062.0,Rice
Andaman And Nicobar Islands,North And Middle Andaman,Rice,Total,0.04,0.09,2062.0,Rice
Andaman And Nicobar Islands,North And Middle Andaman,Maize,Rabi,0.0,0.0,3177.0,Maize (corn)
Andaman And Nicobar Islands,North And Middle Andaman,Maize,Total,0.0,0.0,3177.0,Maize (corn)
Andaman And Nicobar Islands,South Andamans,Rice,Kharif,0.0,0.0,1889.0,Rice
Andaman And Nicobar Islands,South Andamans,Rice,Total,0.0,0.0,1889.0,Rice
Andaman And Nicobar Islands,South Andamans,Maize,Rabi,0.0,0.0,387.0,Maize (corn)
Andaman And Nicobar Islands,South Andamans,Maize,Total,0.0,0.0,387.0,Maize (corn)
Andhra Pradesh,Alluri Sitharama Raju,Rice,Kharif,0.56,1.76,3155.0,Rice
Andhra Pradesh,Alluri Sitharama Raju,Rice,Rabi,0.01,0.04,2917.0,Rice
Andhra Pradesh,Alluri Sitharama Raju,Rice,Total,0.57,1.79,3150.0,Rice
Andhra Pradesh,Alluri Sitharama Raju,Maize,Kharif,0.02,0.05,2535.0,Maize (corn)
Andhra Pradesh,Alluri Sitharama Raju,Maize,Rabi,0.01,0.03,6125.0,Maize (corn)
Andhra Pradesh,Alluri Sitharama Raju,Maize,Total,0.02,0.08,3333.0,Maize (corn)
Andhra Pradesh,Anakapalli,Rice,Kharif,0.56,1.78,3164.0,Rice
Andhra Pradesh,Anakapalli,Rice,Rabi,0.01,0.04,3126.0,Rice
Andhra Pradesh,Anakapalli,Rice,Total,0.58,1.82,3163.0,Rice
Andhra Pradesh,Anakapalli,Maize,Kharif,0.0,0.0,4586.0,Maize (corn)
Andhra Pradesh,Anakapalli,Maize,Rabi,0.0,0.0,8619.0,Maize (corn)
Andhra Pradesh,Anakapalli,Maize,Total,0.0,0.01,7153.0,Maize (corn)
Andhra Pradesh,Ananthapuramu,Rice,Kharif,0.22,0.74,3431.0,Rice
Andhra Pradesh,Ananthapuramu,Rice,Rabi,0.05,0.13,2789.0,Rice
Andhra Pradesh,Ananthapuramu,Rice,Total,0.26,0.87,3317.0,Rice
Andhra Pradesh,Ananthapuramu,Maize,Kharif,0.2,1.0,5006.0,Maize (corn)
Andhra Pradesh,Ananthapuramu,Maize,Rabi,0.07,0.38,5655.0,Maize (corn)
Andhra Pradesh,Ananthapuramu,Maize,Total,0.27,1.38,5171.0,Maize (corn)
Andhra Pradesh,Ananthapuramu,Gram,Rabi,0.5,0.28,555.0,"Chick peas, dry"
Andhra Pradesh,Ananthapuramu,Gram,Total,0.5,0.28,555.0,"Chick peas, dry"
Andhra Pradesh,Annamayya,Rice,Kharif,0.1,0.37,3681.0,Rice
Andhra Pradesh,Annamayya,Rice,Rabi,0.02,0.07,3487.0,Rice
Andhra Pradesh,Annamayya,Rice,Total,0.12,0.44,3649.0,Rice
Andhra Pradesh,Annamayya,Maize,Kharif,0.03,0.16,6375.0,Maize (corn)
Andhra Pradesh,Annamayya,Maize,Rabi,0.0,0.02,7891.0,Maize (corn)
Andhra Pradesh,Annamayya,Maize,Total,0.03,0.18,6542.0,Maize (corn)
Andhra Pradesh,Annamayya,Gram,Rabi,0.0,0.0,879.0,"Chick peas, dry"
Andhra Pradesh,Annamayya,Gram,Total,0.0,0.0,879.0,"Chick peas, dry"
Andhra Pradesh,Bapatla,Rice,Kharif,0.88,3.23,3651.0,Rice
Andhra Pradesh,Bapatla,Rice,Rabi,0.14,0.52,3745.0,Rice
Andhra Pradesh,Bapatla,Rice,Total,1.02,3.75,3664.0,Rice
Andhra Pradesh,Bapatla,Maize,Kharif,0.02,0.1,5253.0,Maize (corn)
Andhra Pradesh,Bapatla,Maize,Rabi,0.24,2.11,8733.0,Maize (corn)
Andhra Pradesh,Bapatla,Maize,Total,0.26,2.21,8476.0,Maize (corn)
Andhra Pradesh,Bapatla,Gram,Rabi,0.16,0.3,1917.0,"Chick peas, dry"
Andhra Pradesh,Bapatla,Gram,Total,0.16,0.3,1917.0,"Chick peas, dry"
Andhra Pradesh,Chittoor,Rice,Kharif,0.11,0.42,3783.0,Rice
Andhra Pradesh,Chittoor,Rice,Rabi,0.06,0.21,3237.0,Rice
Andhra Pradesh,Chittoor,Rice,Total,0.17,0.63,3581.0,Rice
Andhra Pradesh,Chittoor,Maize,Kharif,0.0,0.03,7300.0,Maize (corn)
Andhra Pradesh,Chittoor,Maize,Rabi,0.0,0.01,6361.0,Maize (corn)
Andhra Pradesh,Chittoor,Maize,Total,0.01,0.04,7034.0,Maize (corn)
Andhra Pradesh,Dr. B.R. Ambedkar Konaseema,Rice,Kharif,0.64,2.05,3210.0,Rice
Andhra Pradesh,Dr. B.R. Ambedkar Konaseema,Rice,Rabi,0.68,3.59,5317.0,Rice
Andhra Pradesh,Dr. B.R. Ambedkar Konaseema,Rice,Total,1.31,5.64,4292.0,Rice
Andhra Pradesh,Dr. B.R. Ambedkar Konaseema,Maize,Rabi,0.01,0.08,8572.0,Maize (corn)
Andhra Pradesh,Dr. B.R. Ambedkar Konaseema,Maize,Total,0.01,0.08,8572.0,Maize (corn)
Andhra Pradesh,East Godavari,Rice,Kharif,0.74,2.7,3656.0,Rice
Andhra Pradesh,East Godavari,Rice,Rabi,0.6,3.22,5399.0,Rice
Andhra Pradesh,East Godavari,Rice,Total,1.33,5.92,4435.0,Rice
Andhra Pradesh,East Godavari,Maize,Kharif,0.0,0.0,4586.0,Maize (corn)
Andhra Pradesh,East Godavari,Maize,Rabi,0.07,0.76,10422.0,Maize (corn)
Andhra Pradesh,East Godavari,Maize,Total,0.07,0.76,10409.0,Maize (corn)
Andhra Pradesh,East Godavari,Gram,Rabi,0.0,0.01,1692.0,"Chick peas, dry"
Andhra Pradesh,East Godavari,Gram,Total,0.0,0.01,1692.0,"Chick peas, dry"
Andhra Pradesh,Eluru,Rice,Kharif,0.78,3.13,4034.0,Rice
Andhra Pradesh,Eluru,Rice,Rabi,0.32,1.73,5408.0,Rice
Andhra Pradesh,Eluru,Rice,Total,1.1,4.86,4434.0,Rice
Andhra Pradesh,Eluru,Maize,Kharif,0.0,0.01,6488.0,Maize (corn)
Andhra Pradesh,Eluru,Maize,Rabi,0.2,2.08,10210.0,Maize (corn)
Andhra Pradesh,Eluru,Maize,Total,0.2,2.08,10188.0,Maize (corn)
Andhra Pradesh,Guntur,Rice,Kharif,0.57,2.08,3670.0,Rice
Andhra Pradesh,Guntur,Rice,Rabi,0.01,0.05,3810.0,Rice
Andhra Pradesh,Guntur,Rice,Total,0.58,2.13,3673.0,Rice
Andhra Pradesh,Guntur,Maize,Kharif,0.0,0.0,4586.0,Maize (corn)
Andhra Pradesh,Guntur,Maize,Rabi,0.2,2.09,10512.0,Maize (corn)
Andhra Pradesh,Guntur,Maize,Total,0.2,2.09,10490.0,Maize (corn)
Andhra Pradesh,Guntur,Gram,Rabi,0.07,0.16,2222.0,"Chick peas, dry"
Andhra Pradesh,Guntur,Gram,Total,0.07,0.16,2222.0,"Chick peas, dry"
Andhra Pradesh,Kakinada,Rice,Kharif,0.87,3.22,3727.0,Rice
Andhra Pradesh,Kakinada,Rice,Rabi,0.65,3.62,5551.0,Rice
Andhra Pradesh,Kakinada,Rice,Total,1.52,6.85,4511.0,Rice
Andhra Pradesh,Kakinada,Maize,Kharif,0.0,0.01,4586.0,Maize (corn)
Andhra Pradesh,Kakinada,Maize,Rabi,0.01,0.1,8619.0,Maize (corn)
Andhra Pradesh,Kakinada,Maize,Total,0.01,0.11,7791.0,Maize (corn)
Andhra Pradesh,Kakinada,Gram,Rabi,0.0,0.01,1692.0,"Chick peas, dry"
Andhra Pradesh,Kakinada,Gram,Total,0.0,0.01,1692.0,"Chick peas, dry"
Andhra Pradesh,Krishna,Rice,Kharif,1.54,5.84,3803.0,Rice
Andhra Pradesh,Krishna,Rice,Rabi,0.05,0.22,4349.0,Rice
Andhra Pradesh,Krishna,Rice,Total,1.59,6.06,3820.0,Rice
Andhra Pradesh,Krishna,Maize,Kharif,0.0,0.0,4586.0,Maize (corn)
Andhra Pradesh,Krishna,Maize,Rabi,0.05,0.46,8859.0,Maize (corn)
Andhra Pradesh,Krishna,Maize,Total,0.05,0.46,8808.0,Maize (corn)
Andhra Pradesh,Krishna,Gram,Rabi,0.0,0.0,1692.0,"Chick peas, dry"
Andhra Pradesh,Krishna,Gram,Total,0.0,0.0,1692.0,"Chick peas, dry"
Andhra Pradesh,Kurnool,Rice,Kharif,0.14,0.48,3526.0,Rice
Andhra Pradesh,Kurnool,Rice,Rabi,0.04,0.11,3178.0,Rice
Andhra Pradesh,Kurnool,Rice,Total,0.17,0.59,3454.0,Rice
Andhra Pradesh,Kurnool,Maize,Kharif,0.05,0.22,4503.0,Maize (corn)
Andhra Pradesh,Kurnool,Maize,Rabi,0.07,0.44,6332.0,Maize (corn)
Andhra Pradesh,Kurnool,Maize,Total,0.12,0.66,5573.0,Maize (corn)
Andhra Pradesh,Kurnool,Gram,Rabi,0.43,0.45,1034.0,"Chick peas, dry"
Andhra Pradesh,Kurnool,Gram,Total,0.43,0.45,1034.0,"Chick peas, dry"
Andhra Pradesh,Nandyal,Rice,Kharif,0.67,2.76,4105.0,Rice
Andhra Pradesh,Nandyal,Rice,Rabi,0.4,1.63,4026.0,Rice
Andhra Pradesh,Nandyal,Rice,Total,1.08,4.39,4076.0,Rice
Andhra Pradesh,Nandyal,Maize,Kharif,0.55,2.47,4521.0,Maize (corn)
Andhra Pradesh,Nandyal,Maize,Rabi,0.16,0.88,5621.0,Maize (corn)
Andhra Pradesh,Nandyal,Maize,Total,0.7,3.35,4767.0,Maize (corn)
Andhra Pradesh,Nandyal,Gram,Rabi,0.54,0.55,1029.0,"Chick peas, dry"
Andhra Pradesh,Nandyal,Gram,Total,0.54,0.55,1029.0,"Chick peas, dry"
Andhra Pradesh,Ntr,Rice,Kharif,0.47,1.54,3310.0,Rice
Andhra Pradesh,Ntr,Rice,Rabi,0.2,0.87,4233.0,Rice
Andhra Pradesh,Ntr,Rice,Total,0.67,2.41,3592.0,Rice
Andhra Pradesh,Ntr,Maize,Kharif,0.04,0.18,4085.0,Maize (corn)
Andhra Pradesh,Ntr,Maize,Rabi,0.08,0.58,6842.0,Maize (corn)
Andhra Pradesh,Ntr,Maize,Total,0.13,0.76,5898.0,Maize (corn)
Andhra Pradesh,Ntr,Gram,Rabi,0.04,0.08,2033.0,"Chick peas, dry"
Andhra Pradesh,Ntr,Gram,Total,0.04,0.08,2033.0,"Chick peas, dry"
Andhra Pradesh,Palnadu,Rice,Kharif,0.35,1.37,3926.0,Rice
Andhra Pradesh,Palnadu,Rice,Rabi,0.21,0.81,3880.0,Rice
Andhra Pradesh,Palnadu,Rice,Total,0.56,2.18,3909.0,Rice
Andhra Pradesh,Palnadu,Maize,Kharif,0.01,0.03,4194.0,Maize (corn)
Andhra Pradesh,Palnadu,Maize,Rabi,0.16,1.12,6906.0,Maize (corn)
Andhra Pradesh,Palnadu,Maize,Total,0.17,1.15,6780.0,Maize (corn)
Andhra Pradesh,Palnadu,Gram,Rabi,0.08,0.18,2132.0,"Chick peas, dry"
Andhra Pradesh,Palnadu,Gram,Total,0.08,0.18,2132.0,"Chick peas, dry"
Andhra Pradesh,Parvathipuram Manyam,Rice,Kharif,0.72,2.45,3390.0,Rice
Andhra Pradesh,Parvathipuram Manyam,Rice,Rabi,0.02,0.06,3627.0,Rice
Andhra Pradesh,Parvathipuram Manyam,Rice,Total,0.74,2.51,3396.0,Rice
Andhra Pradesh,Parvathipuram Manyam,Maize,Kharif,0.05,0.21,4132.0,Maize (corn)
Andhra Pradesh,Parvathipuram Manyam,Maize,Rabi,0.05,0.35,6729.0,Maize (corn)
Andhra Pradesh,Parvathipuram Manyam,Maize,Total,0.1,0.56,5438.0,Maize (corn)
Andhra Pradesh,Parvathipuram Manyam,Gram,Rabi,0.0,0.0,1692.0,"Chick peas, dry"
Andhra Pradesh,Parvathipuram Manyam,Gram,Total,0.0,0.0,1692.0,"Chick peas, dry"
Andhra Pradesh,Prakasam,Rice,Kharif,0.1,0.31,3278.0,Rice
Andhra Pradesh,Prakasam,Rice,Rabi,0.14,0.46,3370.0,Rice
Andhra Pradesh,Prakasam,Rice,Total,0.23,0.77,3332.0,Rice
Andhra Pradesh,Prakasam,Maize,Kharif,0.04,0.16,4127.0,Maize (corn)
Andhra Pradesh,Prakasam,Maize,Rabi,0.06,0.27,4267.0,Maize (corn)
Andhra Pradesh,Prakasam,Maize,Total,0.1,0.43,4213.0,Maize (corn)
Andhra Pradesh,Prakasam,Gram,Rabi,0.25,0.31,1229.0,"Chick peas, dry"
Andhra Pradesh,Prakasam,Gram,Total,0.25,0.31,1229.0,"Chick peas, dry"
Andhra Pradesh,Sri Potti Sriramulu Nellore,Rice,Kharif,0.16,0.56,3612.0,Rice
Andhra Pradesh,Sri Potti Sriramulu Nellore,Rice,Rabi,1.25,5.3,4229.0,Rice
Andhra Pradesh,Sri Potti Sriramulu Nellore,Rice,Total,1.41,5.87,4161.0,Rice
Andhra Pradesh,Sri Potti Sriramulu Nellore,Maize,Kharif,0.0,0.02,4586.0,Maize (corn)
Andhra Pradesh,Sri Potti Sriramulu Nellore,Maize,Rabi,0.01,0.04,6106.0,Maize (corn)
Andhra Pradesh,Sri Potti Sriramulu Nellore,Maize,Total,0.01,0.05,5594.0,Maize (corn)
Andhra Pradesh,Sri Potti Sriramulu Nellore,Gram,Rabi,0.04,0.05,1454.0,"Chick peas, dry"
Andhra Pradesh,Sri Potti Sriramulu Nellore,Gram,Total,0.04,0.05,1454.0,"Chick peas, dry"
Andhra Pradesh,Sri Sathya Sai,Rice,Kharif,0.09,0.32,3432.0,Rice
Andhra Pradesh,Sri Sathya Sai,Rice,Rabi,0.03,0.1,3597.0,Rice
Andhra Pradesh,Sri Sathya Sai,Rice,Total,0.12,0.42,3470.0,Rice
Andhra Pradesh,Sri Sathya Sai,Maize,Kharif,0.23,0.89,3842.0,Maize (corn)
Andhra Pradesh,Sri Sathya Sai,Maize,Rabi,0.04,0.19,5395.0,Maize (corn)
Andhra Pradesh,Sri Sathya Sai,Maize,Total,0.27,1.08,4047.0,Maize (corn)
Andhra Pradesh,Sri Sathya Sai,Gram,Rabi,0.01,0.01,816.0,"Chick peas, dry"
Andhra Pradesh,Sri Sathya Sai,Gram,Total,0.01,0.01,816.0,"Chick peas, dry"
Andhra Pradesh,Srikakulam,Rice,Kharif,1.47,4.75,3234.0,Rice
Andhra Pradesh,Srikakulam,Rice,Rabi,0.05,0.19,3551.0,Rice
Andhra Pradesh,Srikakulam,Rice,Total,1.52,4.94,3245.0,Rice
Andhra Pradesh,Srikakulam,Maize,Kharif,0.08,0.4,4886.0,Maize (corn)
Andhra Pradesh,Srikakulam,Maize,Rabi,0.16,1.26,7970.0,Maize (corn)
Andhra Pradesh,Srikakulam,Maize,Total,0.24,1.66,6913.0,Maize (corn)
Andhra Pradesh,Tirupati,Rice,Kharif,0.19,0.7,3648.0,Rice
Andhra Pradesh,Tirupati,Rice,Rabi,0.82,2.98,3654.0,Rice
Andhra Pradesh,Tirupati,Rice,Total,1.01,3.68,3653.0,Rice
Andhra Pradesh,Tirupati,Maize,Kharif,0.0,0.0,4503.0,Maize (corn)
Andhra Pradesh,Tirupati,Maize,Rabi,0.0,0.0,5652.0,Maize (corn)
Andhra Pradesh,Tirupati,Maize,Total,0.0,0.0,4618.0,Maize (corn)
Andhra Pradesh,Visakhapatnam,Rice,Kharif,0.04,0.16,3568.0,Rice
Andhra Pradesh,Visakhapatnam,Rice,Rabi,0.01,0.02,3525.0,Rice
Andhra Pradesh,Visakhapatnam,Rice,Total,0.05,0.18,3563.0,Rice
Andhra Pradesh,Visakhapatnam,Maize,Kharif,0.0,0.0,4586.0,Maize (corn)
Andhra Pradesh,Visakhapatnam,Maize,Rabi,0.0,0.03,6757.0,Maize (corn)
Andhra Pradesh,Visakhapatnam,Maize,Total,0.0,0.03,6729.0,Maize (corn)
Andhra Pradesh,Vizianagaram,Rice,Kharif,0.97,3.56,3666.0,Rice
Andhra Pradesh,Vizianagaram,Rice,Rabi,0.01,0.04,3504.0,Rice
Andhra Pradesh,Vizianagaram,Rice,Total,0.98,3.6,3664.0,Rice
Andhra Pradesh,Vizianagaram,Maize,Kharif,0.1,0.5,5253.0,Maize (corn)
Andhra Pradesh,Vizianagaram,Maize,Rabi,0.18,1.6,9017.0,Maize (corn)
Andhra Pradesh,Vizianagaram,Maize,Total,0.27,2.1,7694.0,Maize (corn)
Andhra Pradesh,Vizianagaram,Gram,Rabi,0.0,0.0,1692.0,"Chick peas, dry"
Andhra Pradesh,Vizianagaram,Gram,Total,0.0,0.0,1692.0,"Chick peas, dry"
Andhra Pradesh,West Godavari,Rice,Kharif,0.83,3.09,3713.0,Rice
Andhra Pradesh,West Godavari,Rice,Rabi,0.89,5.05,5684.0,Rice
Andhra Pradesh,West Godavari,Rice,Total,1.72,8.14,4731.0,Rice
Andhra Pradesh,West Godavari,Maize,Rabi,0.0,0.01,8619.0,Maize (corn)
Andhra Pradesh,West Godavari,Maize,Total,0.0,0.01,8619.0,Maize (corn)
Andhra Pradesh,Y.S.R. Kadapa,Rice,Kharif,0.29,0.92,3204.0,Rice
Andhra Pradesh,Y.S.R. Kadapa,Rice,Rabi,0.07,0.23,3507.0,Rice
Andhra Pradesh,Y.S.R. Kadapa,Rice,Total,0.35,1.15,3260.0,Rice
Andhra Pradesh,Y.S.R. Kadapa,Maize,Kharif,0.02,0.06,3678.0,Maize (corn)
Andhra Pradesh,Y.S.R. Kadapa,Maize,Rabi,0.02,0.1,3946.0,Maize (corn)
Andhra Pradesh,Y.S.R. Kadapa,Maize,Total,0.04,0.16,3835.0,Maize (corn)
Andhra Pradesh,Y.S.R. Kadapa,Gram,Rabi,0.74,0.66,900.0,"Chick peas, dry"
Andhra Pradesh,Y.S.R. Kadapa,Gram,Total,0.74,0.66,900.0,"Chick peas, dry"
Arunachal Pradesh,Anjaw,Rice,Kharif,0.04,0.04,1123.0,Rice
Arunachal Pradesh,Anjaw,Rice,Total,0.04,0.04,1123.0,Rice
Arunachal Pradesh,Anjaw,Maize,Kharif,0.01,0.03,2563.0,Maize (corn)
Arunachal Pradesh,Anjaw,Maize,Rabi,0.0,0.01,1755.0,Maize (corn)
Arunachal Pradesh,Anjaw,Maize,Total,0.02,0.04,2403.0,Maize (corn)
Arunachal Pradesh,Anjaw,Lentil,Rabi,0.0,0.0,568.0,"Lentils, dry"
Arunachal Pradesh,Anjaw,Lentil,Total,0.0,0.0,568.0,"Lentils, dry"
Arunachal Pradesh,Changlang,Rice,Kharif,0.1,0.22,2249.0,Rice
Arunachal Pradesh,Changlang,Rice,Rabi,0.0,0.0,433.0,Rice
Arunachal Pradesh,Changlang,Rice,Total,0.1,0.22,2245.0,Rice
Arunachal Pradesh,Changlang,Wheat,Rabi,0.0,0.01,2451.0,Wheat
Arunachal Pradesh,Changlang,Wheat,Total,0.0,0.01,2451.0,Wheat
Arunachal Pradesh,Changlang,Maize,Kharif,0.01,0.02,1538.0,Maize (corn)
Arunachal Pradesh,Changlang,Maize,Rabi,0.0,0.0,1841.0,Maize (corn)
Arunachal Pradesh,Changlang,Maize,Total,0.01,0.02,1597.0,Maize (corn)
Arunachal Pradesh,Dibang Valley,Rice,Kharif,0.02,0.02,1202.0,Rice
Arunachal Pradesh,Dibang Valley,Rice,Total,0.02,0.02,1202.0,Rice
Arunachal Pradesh,Dibang Valley,Maize,Kharif,0.02,0.02,1435.0,Maize (corn)
Arunachal Pradesh,Dibang Valley,Maize,Rabi,0.0,0.01,1726.0,Maize (corn)
Arunachal Pradesh,Dibang Valley,Maize,Total,0.02,0.03,1490.0,Maize (corn)
Arunachal Pradesh,Dibang Valley,Lentil,Rabi,0.0,0.0,703.0,"Lentils, dry"
Arunachal Pradesh,Dibang Valley,Lentil,Total,0.0,0.0,703.0,"Lentils, dry"
Arunachal Pradesh,East Kameng,Rice,Kharif,0.07,0.09,1353.0,Rice
Arunachal Pradesh,East Kameng,Rice,Rabi,0.0,0.0,417.0,Rice
Arunachal Pradesh,East Kameng,Rice,Total,0.07,0.09,1350.0,Rice
Arunachal Pradesh,East Kameng,Wheat,Rabi,0.0,0.0,2133.0,Wheat
Arunachal Pradesh,East Kameng,Wheat,Total,0.0,0.0,2133.0,Wheat
Arunachal Pradesh,East Kameng,Maize,Kharif,0.02,0.03,1470.0,Maize (corn)
Arunachal Pradesh,East Kameng,Maize,Rabi,0.0,0.01,1786.0,Maize (corn)
Arunachal Pradesh,East Kameng,Maize,Total,0.02,0.03,1532.0,Maize (corn)
Arunachal Pradesh,East Siang,Rice,Kharif,0.15,0.28,1857.0,Rice
Arunachal Pradesh,East Siang,Rice,Rabi,0.0,0.0,489.0,Rice
Arunachal Pradesh,East Siang,Rice,Total,0.15,0.28,1856.0,Rice
Arunachal Pradesh,East Siang,Wheat,Rabi,0.0,0.0,2550.0,Wheat
Arunachal Pradesh,East Siang,Wheat,Total,0.0,0.0,2550.0,Wheat
Arunachal Pradesh,East Siang,Maize,Kharif,0.02,0.04,2092.0,Maize (corn)
Arunachal Pradesh,East Siang,Maize,Rabi,0.01,0.01,1831.0,Maize (corn)
Arunachal Pradesh,East Siang,Maize,Total,0.02,0.05,2024.0,Maize (corn)
Arunachal Pradesh,East Siang,Lentil,Rabi,0.0,0.0,864.0,"Lentils, dry"
Arunachal Pradesh,East Siang,Lentil,Total,0.0,0.0,864.0,"Lentils, dry"
Arunachal Pradesh,Kamle,Rice,Kharif,0.04,0.07,1935.0,Rice
Arunachal Pradesh,Kamle,Rice,Total,0.04,0.07,1935.0,Rice
Arunachal Pradesh,Kamle,Maize,Kharif,0.0,0.01,2042.0,Maize (corn)
Arunachal Pradesh,Kamle,Maize,Rabi,0.0,0.0,2193.0,Maize (corn)
Arunachal Pradesh,Kamle,Maize,Total,0.01,0.01,2076.0,Maize (corn)
Arunachal Pradesh,Kamle,Lentil,Rabi,0.0,0.0,1535.0,"Lentils, dry"
Arunachal Pradesh,Kamle,Lentil,Total,0.0,0.0,1535.0,"Lentils, dry"
Arunachal Pradesh,Kra Daadi,Rice,Kharif,0.01,0.01,2018.0,Rice
Arunachal Pradesh,Kra Daadi,Rice,Rabi,0.0,0.0,333.0,Rice
Arunachal Pradesh,Kra Daadi,Rice,Total,0.01,0.01,2003.0,Rice
Arunachal Pradesh,Kra Daadi,Maize,Kharif,0.0,0.01,1587.0,Maize (corn)
Arunachal Pradesh,Kra Daadi,Maize,Rabi,0.0,0.0,1950.0,Maize (corn)
Arunachal Pradesh,Kra Daadi,Maize,Total,0.0,0.01,1628.0,Maize (corn)
Arunachal Pradesh,Kurung Kumey,Rice,Kharif,0.01,0.01,2015.0,Rice
Arunachal Pradesh,Kurung Kumey,Rice,Rabi,0.0,0.0,333.0,Rice
Arunachal Pradesh,Kurung Kumey,Rice,Total,0.01,0.01,2006.0,Rice
Arunachal Pradesh,Kurung Kumey,Maize,Kharif,0.0,0.0,1622.0,Maize (corn)
Arunachal Pradesh,Kurung Kumey,Maize,Rabi,0.0,0.0,2030.0,Maize (corn)
Arunachal Pradesh,Kurung Kumey,Maize,Total,0.0,0.01,1672.0,Maize (corn)
Arunachal Pradesh,Leparada,Rice,Kharif,0.04,0.06,1679.0,Rice
Arunachal Pradesh,Leparada,Rice,Rabi,0.0,0.0,445.0,Rice
Arunachal Pradesh,Leparada,Rice,Total,0.04,0.06,1676.0,Rice
Arunachal Pradesh,Leparada,Maize,Kharif,0.0,0.01,1784.0,Maize (corn)
Arunachal Pradesh,Leparada,Maize,Rabi,0.0,0.0,1406.0,Maize (corn)
Arunachal Pradesh,Leparada,Maize,Total,0.01,0.01,1655.0,Maize (corn)
Arunachal Pradesh,Leparada,Lentil,Rabi,0.0,0.0,1314.0,"Lentils, dry"
Arunachal Pradesh,Leparada,Lentil,Total,0.0,0.0,1314.0,"Lentils, dry"
Arunachal Pradesh,Lohit,Rice,Kharif,0.05,0.1,2137.0,Rice
Arunachal Pradesh,Lohit,Rice,Rabi,0.0,0.0,500.0,Rice
Arunachal Pradesh,Lohit,Rice,Total,0.05,0.1,2133.0,Rice
Arunachal Pradesh,Lohit,Wheat,Rabi,0.0,0.0,2026.0,Wheat
Arunachal Pradesh,Lohit,Wheat,Total,0.0,0.0,2026.0,Wheat
Arunachal Pradesh,Lohit,Maize,Kharif,0.04,0.04,1170.0,Maize (corn)
Arunachal Pradesh,Lohit,Maize,Rabi,0.01,0.02,1674.0,Maize (corn)
Arunachal Pradesh,Lohit,Maize,Total,0.05,0.06,1270.0,Maize (corn)
Arunachal Pradesh,Longding,Rice,Kharif,0.03,0.06,1763.0,Rice
Arunachal Pradesh,Longding,Rice,Total,0.03,0.06,1763.0,Rice
Arunachal Pradesh,Longding,Maize,Kharif,0.01,0.04,2601.0,Maize (corn)
Arunachal Pradesh,Longding,Maize,Rabi,0.0,0.01,1716.0,Maize (corn)
Arunachal Pradesh,Longding,Maize,Total,0.02,0.04,2403.0,Maize (corn)
Arunachal Pradesh,Lower Dibang Valley,Rice,Kharif,0.14,0.24,1650.0,Rice
Arunachal Pradesh,Lower Dibang Valley,Rice,Rabi,0.0,0.0,417.0,Rice
Arunachal Pradesh,Lower Dibang Valley,Rice,Total,0.14,0.24,1649.0,Rice
Arunachal Pradesh,Lower Dibang Valley,Wheat,Rabi,0.0,0.01,1954.0,Wheat
Arunachal Pradesh,Lower Dibang Valley,Wheat,Total,0.0,0.01,1954.0,Wheat
Arunachal Pradesh,Lower Dibang Valley,Maize,Kharif,0.08,0.11,1351.0,Maize (corn)
Arunachal Pradesh,Lower Dibang Valley,Maize,Rabi,0.01,0.02,1692.0,Maize (corn)
Arunachal Pradesh,Lower Dibang Valley,Maize,Total,0.09,0.12,1392.0,Maize (corn)
Arunachal Pradesh,Lower Dibang Valley,Lentil,Rabi,0.0,0.0,857.0,"Lentils, dry"
Arunachal Pradesh,Lower Dibang Valley,Lentil,Total,0.0,0.0,857.0,"Lentils, dry"
Arunachal Pradesh,Lower Siang,Rice,Kharif,0.05,0.08,1574.0,Rice
Arunachal Pradesh,Lower Siang,Rice,Rabi,0.0,0.0,467.0,Rice
Arunachal Pradesh,Lower Siang,Rice,Total,0.05,0.08,1572.0,Rice
Arunachal Pradesh,Lower Siang,Wheat,Rabi,0.0,0.0,1857.0,Wheat
Arunachal Pradesh,Lower Siang,Wheat,Total,0.0,0.0,1857.0,Wheat
Arunachal Pradesh,Lower Siang,Maize,Kharif,0.02,0.03,1615.0,Maize (corn)
Arunachal Pradesh,Lower Siang,Maize,Rabi,0.01,0.01,1757.0,Maize (corn)
Arunachal Pradesh,Lower Siang,Maize,Total,0.03,0.04,1648.0,Maize (corn)
Arunachal Pradesh,Lower Siang,Lentil,Rabi,0.0,0.0,1382.0,"Lentils, dry"
Arunachal Pradesh,Lower Siang,Lentil,Total,0.0,0.0,1382.0,"Lentils, dry"
Arunachal Pradesh,Lower Subansiri,Rice,Kharif,0.06,0.13,2069.0,Rice
Arunachal Pradesh,Lower Subansiri,Rice,Rabi,0.0,0.0,424.0,Rice
Arunachal Pradesh,Lower Subansiri,Rice,Total,0.06,0.13,2066.0,Rice
Arunachal Pradesh,Lower Subansiri,Maize,Kharif,0.0,0.01,2511.0,Maize (corn)
Arunachal Pradesh,Lower Subansiri,Maize,Rabi,0.0,0.0,1817.0,Maize (corn)
Arunachal Pradesh,Lower Subansiri,Maize,Total,0.01,0.01,2328.0,Maize (corn)
Arunachal Pradesh,Lower Subansiri,Lentil,Rabi,0.0,0.0,548.0,"Lentils, dry"
Arunachal Pradesh,Lower Subansiri,Lentil,Total,0.0,0.0,548.0,"Lentils, dry"
Arunachal Pradesh,Namsai,Rice,Kharif,0.09,0.2,2281.0,Rice
Arunachal Pradesh,Namsai,Rice,Rabi,0.0,0.0,471.0,Rice
Arunachal Pradesh,Namsai,Rice,Total,0.09,0.2,2278.0,Rice
Arunachal Pradesh,Namsai,Wheat,Rabi,0.0,0.01,2034.0,Wheat
Arunachal Pradesh,Namsai,Wheat,Total,0.0,0.01,2034.0,Wheat
Arunachal Pradesh,Namsai,Maize,Kharif,0.06,0.06,1145.0,Maize (corn)
Arunachal Pradesh,Namsai,Maize,Rabi,0.01,0.02,1735.0,Maize (corn)
Arunachal Pradesh,Namsai,Maize,Total,0.07,0.09,1258.0,Maize (corn)
Arunachal Pradesh,Pakke Kessang,Rice,Kharif,0.03,0.04,1365.0,Rice
Arunachal Pradesh,Pakke Kessang,Rice,Rabi,0.0,0.0,445.0,Rice
Arunachal Pradesh,Pakke Kessang,Rice,Total,0.03,0.04,1361.0,Rice
Arunachal Pradesh,Pakke Kessang,Wheat,Rabi,0.0,0.0,1667.0,Wheat
Arunachal Pradesh,Pakke Kessang,Wheat,Total,0.0,0.0,1667.0,Wheat
Arunachal Pradesh,Pakke Kessang,Maize,Kharif,0.01,0.01,1498.0,Maize (corn)
Arunachal Pradesh,Pakke Kessang,Maize,Rabi,0.0,0.0,1763.0,Maize (corn)
Arunachal Pradesh,Pakke Kessang,Maize,Total,0.01,0.01,1552.0,Maize (corn)
Arunachal Pradesh,Papum Pare,Rice,Kharif,0.12,0.25,2024.0,Rice
Arunachal Pradesh,Papum Pare,Rice,Rabi,0.0,0.0,529.0,Rice
Arunachal Pradesh,Papum Pare,Rice,Total,0.12,0.25,2021.0,Rice
Arunachal Pradesh,Papum Pare,Wheat,Rabi,0.0,0.01,2602.0,Wheat
Arunachal Pradesh,Papum Pare,Wheat,Total,0.0,0.01,2602.0,Wheat
Arunachal Pradesh,Papum Pare,Maize,Kharif,0.02,0.04,1805.0,Maize (corn)
Arunachal Pradesh,Papum Pare,Maize,Rabi,0.01,0.01,1723.0,Maize (corn)
Arunachal Pradesh,Papum Pare,Maize,Total,0.03,0.05,1786.0,Maize (corn)
Arunachal Pradesh,Papum Pare,Lentil,Rabi,0.0,0.0,755.0,"Lentils, dry"
Arunachal Pradesh,Papum Pare,Lentil,Total,0.0,0.0,755.0,"Lentils, dry"
Arunachal Pradesh,Shi Yomi,Rice,Kharif,0.03,0.05,1664.0,Rice
Arunachal Pradesh,Shi Yomi,Rice,Total,0.03,0.05,1664.0,Rice
Arunachal Pradesh,Shi Yomi,Maize,Kharif,0.0,0.0,1947.0,Maize (corn)
Arunachal Pradesh,Shi Yomi,Maize,Rabi,0.0,0.0,1420.0,Maize (corn)
Arunachal Pradesh,Shi Yomi,Maize,Total,0.0,0.01,1819.0,Maize (corn)
Arunachal Pradesh,Siang,Rice,Kharif,0.08,0.17,2151.0,Rice
Arunachal Pradesh,Siang,Rice,Rabi,0.0,0.0,489.0,Rice
Arunachal Pradesh,Siang,Rice,Total,0.08,0.17,2148.0,Rice
Arunachal Pradesh,Siang,Maize,Kharif,0.02,0.03,1770.0,Maize (corn)
Arunachal Pradesh,Siang,Maize,Rabi,0.01,0.01,1704.0,Maize (corn)
Arunachal Pradesh,Siang,Maize,Total,0.02,0.04,1755.0,Maize (corn)
Arunachal Pradesh,Tawang,Rice,Kharif,0.01,0.02,1979.0,Rice
Arunachal Pradesh,Tawang,Rice,Total,0.01,0.02,1979.0,Rice
Arunachal Pradesh,Tawang,Wheat,Rabi,0.01,0.02,1892.0,Wheat
Arunachal Pradesh,Tawang,Wheat,Total,0.01,0.02,1892.0,Wheat
Arunachal Pradesh,Tawang,Maize,Kharif,0.01,0.02,2491.0,Maize (corn)
Arunachal Pradesh,Tawang,Maize,Rabi,0.0,0.0,1933.0,Maize (corn)
Arunachal Pradesh,Tawang,Maize,Total,0.01,0.02,2388.0,Maize (corn)
Arunachal Pradesh,Tirap,Rice,Kharif,0.03,0.05,1463.0,Rice
Arunachal Pradesh,Tirap,Rice,Rabi,0.0,0.0,476.0,Rice
Arunachal Pradesh,Tirap,Rice,Total,0.03,0.05,1461.0,Rice
Arunachal Pradesh,Tirap,Wheat,Rabi,0.0,0.0,1193.0,Wheat
Arunachal Pradesh,Tirap,Wheat,Total,0.0,0.0,1193.0,Wheat
Arunachal Pradesh,Tirap,Maize,Kharif,0.03,0.04,1094.0,Maize (corn)
Arunachal Pradesh,Tirap,Maize,Rabi,0.01,0.01,1669.0,Maize (corn)
Arunachal Pradesh,Tirap,Maize,Total,0.04,0.05,1211.0,Maize (corn)
Arunachal Pradesh,Tirap,Lentil,Rabi,0.0,0.0,956.0,"Lentils, dry"
Arunachal Pradesh,Tirap,Lentil,Total,0.0,0.0,956.0,"Lentils, dry"
Arunachal Pradesh,Upper Siang,Rice,Kharif,0.07,0.14,1969.0,Rice
Arunachal Pradesh,Upper Siang,Rice,Total,0.07,0.14,1969.0,Rice
Arunachal Pradesh,Upper Siang,Maize,Kharif,0.01,0.02,1333.0,Maize (corn)
Arunachal Pradesh,Upper Siang,Maize,Rabi,0.0,0.01,1766.0,Maize (corn)
Arunachal Pradesh,Upper Siang,Maize,Total,0.02,0.03,1417.0,Maize (corn)
Arunachal Pradesh,Upper Subansiri,Rice,Kharif,0.04,0.1,2116.0,Rice
Arunachal Pradesh,Upper Subansiri,Rice,Rabi,0.0,0.0,351.0,Rice
Arunachal Pradesh,Upper Subansiri,Rice,Total,0.05,0.1,2109.0,Rice
Arunachal Pradesh,Upper Subansiri,Maize,Kharif,0.01,0.01,1438.0,Maize (corn)
Arunachal Pradesh,Upper Subansiri,Maize,Rabi,0.0,0.01,1817.0,Maize (corn)
Arunachal Pradesh,Upper Subansiri,Maize,Total,0.01,0.02,1552.0,Maize (corn)
Arunachal Pradesh,Upper Subansiri,Lentil,Rabi,0.0,0.0,860.0,"Lentils, dry"
Arunachal Pradesh,Upper Subansiri,Lentil,Total,0.0,0.0,860.0,"Lentils, dry"
Arunachal Pradesh,West Kameng,Rice,Kharif,0.01,0.02,1864.0,Rice
Arunachal Pradesh,West Kameng,Rice,Total,0.01,0.02,1864.0,Rice
Arunachal Pradesh,West Kameng,Wheat,Rabi,0.01,0.01,1734.0,Wheat
Arunachal Pradesh,West Kameng,Wheat,Total,0.01,0.01,1734.0,Wheat
Arunachal Pradesh,West Kameng,Maize,Kharif,0.03,0.05,1821.0,Maize (corn)
Arunachal Pradesh,West Kameng,Maize,Rabi,0.01,0.01,1755.0,Maize (corn)
Arunachal Pradesh,West Kameng,Maize,Total,0.03,0.06,1807.0,Maize (corn)
Arunachal Pradesh,West Siang,Rice,Kharif,0.06,0.11,1690.0,Rice
Arunachal Pradesh,West Siang,Rice,Rabi,0.0,0.0,433.0,Rice
Arunachal Pradesh,West Siang,Rice,Total,0.06,0.11,1686.0,Rice
Arunachal Pradesh,West Siang,Maize,Kharif,0.0,0.01,2011.0,Maize (corn)
Arunachal Pradesh,West Siang,Maize,Rabi,0.0,0.0,1351.0,Maize (corn)
Arunachal Pradesh,West Siang,Maize,Total,0.01,0.01,1670.0,Maize (corn)
Arunachal Pradesh,West Siang,Lentil,Rabi,0.0,0.0,932.0,"Lentils, dry"
Arunachal Pradesh,West Siang,Lentil,Total,0.0,0.0,932.0,"Lentils, dry"
Assam,Baksa,Rice,Kharif,0.84,1.73,2067.0,Rice
Assam,Baksa,Rice,Summer,0.03,0.1,3657.0,Rice
Assam,Baksa,Rice,Total,0.86,1.82,2116.0,Rice
Assam,Baksa,Wheat,Rabi,0.0,0.0,1350.0,Wheat
Assam,Baksa,Wheat,Total,0.0,0.0,1350.0,Wheat
Assam,Baksa,Maize,Kharif,0.0,0.01,3446.0,Maize (corn)
Assam,Baksa,Maize,Rabi,0.0,0.02,5382.0,Maize (corn)
Assam,Baksa,Maize,Total,0.01,0.03,4370.0,Maize (corn)
Assam,Baksa,Gram,Rabi,0.0,0.0,890.0,"Chick peas, dry"
Assam,Baksa,Gram,Total,0.0,0.0,890.0,"Chick peas, dry"
Assam,Baksa,Lentil,Rabi,0.02,0.02,997.0,"Lentils, dry"
Assam,Baksa,Lentil,Total,0.02,0.02,997.0,"Lentils, dry"
Assam,Barpeta,Rice,Kharif,0.57,1.19,2066.0,Rice
Assam,Barpeta,Rice,Summer,0.46,1.39,3040.0,Rice
Assam,Barpeta,Rice,Total,1.03,2.57,2497.0,Rice
Assam,Barpeta,Wheat,Rabi,0.01,0.01,1350.0,Wheat
Assam,Barpeta,Wheat,Total,0.01,0.01,1350.0,Wheat
Assam,Barpeta,Maize,Kharif,0.01,0.04,3446.0,Maize (corn)
Assam,Barpeta,Maize,Rabi,0.02,0.12,5771.0,Maize (corn)
Assam,Barpeta,Maize,Total,0.03,0.16,4900.0,Maize (corn)
Assam,Barpeta,Gram,Rabi,0.0,0.0,600.0,"Chick peas, dry"
Assam,Barpeta,Gram,Total,0.0,0.0,600.0,"Chick peas, dry"
Assam,Barpeta,Lentil,Rabi,0.04,0.02,625.0,"Lentils, dry"
Assam,Barpeta,Lentil,Total,0.04,0.02,625.0,"Lentils, dry"
Assam,Biswanath,Rice,Kharif,0.49,0.93,1886.0,Rice
Assam,Biswanath,Rice,Summer,0.04,0.12,2722.0,Rice
Assam,Biswanath,Rice,Total,0.54,1.05,1953.0,Rice
Assam,Biswanath,Wheat,Rabi,0.0,0.0,1357.0,Wheat
Assam,Biswanath,Wheat,Total,0.0,0.0,1357.0,Wheat
Assam,Biswanath,Maize,Kharif,0.01,0.04,4983.0,Maize (corn)
Assam,Biswanath,Maize,Rabi,0.01,0.05,5382.0,Maize (corn)
Assam,Biswanath,Maize,Total,0.02,0.09,5177.0,Maize (corn)
Assam,Biswanath,Gram,Rabi,0.0,0.0,780.0,"Chick peas, dry"
Assam,Biswanath,Gram,Total,0.0,0.0,780.0,"Chick peas, dry"
Assam,Biswanath,Lentil,Rabi,0.01,0.01,1070.0,"Lentils, dry"
Assam,Biswanath,Lentil,Total,0.01,0.01,1070.0,"Lentils, dry"
Assam,Bongaigaon,Rice,Kharif,0.4,1.11,2759.0,Rice
Assam,Bongaigaon,Rice,Summer,0.14,0.43,3119.0,Rice
Assam,Bongaigaon,Rice,Total,0.54,1.54,2850.0,Rice
Assam,Bongaigaon,Wheat,Rabi,0.0,0.0,1272.0,Wheat
Assam,Bongaigaon,Wheat,Total,0.0,0.0,1272.0,Wheat
Assam,Bongaigaon,Maize,Kharif,0.01,0.03,3446.0,Maize (corn)
Assam,Bongaigaon,Maize,Rabi,0.03,0.18,5382.0,Maize (corn)
Assam,Bongaigaon,Maize,Total,0.04,0.21,5004.0,Maize (corn)
Assam,Bongaigaon,Gram,Rabi,0.0,0.0,600.0,"Chick peas, dry"
Assam,Bongaigaon,Gram,Total,0.0,0.0,600.0,"Chick peas, dry"
Assam,Bongaigaon,Lentil,Rabi,0.01,0.01,651.0,"Lentils, dry"
Assam,Bongaigaon,Lentil,Total,0.01,0.01,651.0,"Lentils, dry"
Assam,Cachar,Rice,Kharif,0.72,1.31,1819.0,Rice
Assam,Cachar,Rice,Summer,0.04,0.11,2986.0,Rice
Assam,Cachar,Rice,Total,0.76,1.42,1876.0,Rice
Assam,Cachar,Wheat,Rabi,0.0,0.0,1350.0,Wheat
Assam,Cachar,Wheat,Total,0.0,0.0,1350.0,Wheat
Assam,Cachar,Maize,Kharif,0.0,0.0,3446.0,Maize (corn)
Assam,Cachar,Maize,Rabi,0.0,0.01,5382.0,Maize (corn)
Assam,Cachar,Maize,Total,0.0,0.01,4994.0,Maize (corn)
Assam,Cachar,Gram,Rabi,0.0,0.0,760.0,"Chick peas, dry"
Assam,Cachar,Gram,Total,0.0,0.0,760.0,"Chick peas, dry"
Assam,Cachar,Lentil,Rabi,0.0,0.0,590.0,"Lentils, dry"
Assam,Cachar,Lentil,Total,0.0,0.0,590.0,"Lentils, dry"
Assam,Charaideo,Rice,Kharif,0.34,0.64,1887.0,Rice
Assam,Charaideo,Rice,Summer,0.0,0.0,2986.0,Rice
Assam,Charaideo,Rice,Total,0.34,0.64,1891.0,Rice
Assam,Charaideo,Wheat,Rabi,0.0,0.0,1350.0,Wheat
Assam,Charaideo,Wheat,Total,0.0,0.0,1350.0,Wheat
Assam,Charaideo,Maize,Kharif,0.0,0.0,3446.0,Maize (corn)
Assam,Charaideo,Maize,Rabi,0.0,0.0,5382.0,Maize (corn)
Assam,Charaideo,Maize,Total,0.0,0.0,4594.0,Maize (corn)
Assam,Charaideo,Lentil,Rabi,0.0,0.0,610.0,"Lentils, dry"
Assam,Charaideo,Lentil,Total,0.0,0.0,610.0,"Lentils, dry"
Assam,Chirang,Rice,Kharif,0.34,0.69,1991.0,Rice
Assam,Chirang,Rice,Summer,0.01,0.04,2835.0,Rice
Assam,Chirang,Rice,Total,0.36,0.73,2025.0,Rice
Assam,Chirang,Wheat,Rabi,0.0,0.0,1629.0,Wheat
Assam,Chirang,Wheat,Total,0.0,0.0,1629.0,Wheat
Assam,Chirang,Maize,Kharif,0.01,0.03,3446.0,Maize (corn)
Assam,Chirang,Maize,Rabi,0.03,0.15,5515.0,Maize (corn)
Assam,Chirang,Maize,Total,0.03,0.17,5040.0,Maize (corn)
Assam,Chirang,Gram,Rabi,0.0,0.0,668.0,"Chick peas, dry"
Assam,Chirang,Gram,Total,0.0,0.0,668.0,"Chick peas, dry"
Assam,Chirang,Lentil,Rabi,0.02,0.02,738.0,"Lentils, dry"
Assam,Chirang,Lentil,Total,0.02,0.02,738.0,"Lentils, dry"
Assam,Darrang,Rice,Kharif,0.53,1.01,1897.0,Rice
Assam,Darrang,Rice,Summer,0.2,0.57,2926.0,Rice
Assam,Darrang,Rice,Total,0.73,1.58,2173.0,Rice
Assam,Darrang,Wheat,Rabi,0.0,0.0,1350.0,Wheat
Assam,Darrang,Wheat,Total,0.0,0.0,1350.0,Wheat
Assam,Darrang,Maize,Kharif,0.09,0.3,3446.0,Maize (corn)
Assam,Darrang,Maize,Rabi,0.11,0.92,8586.0,Maize (corn)
Assam,Darrang,Maize,Total,0.19,1.22,6268.0,Maize (corn)
Assam,Darrang,Gram,Rabi,0.0,0.0,710.0,"Chick peas, dry"
Assam,Darrang,Gram,Total,0.0,0.0,710.0,"Chick peas, dry"
Assam,Darrang,Lentil,Rabi,0.01,0.01,1075.0,"Lentils, dry"
Assam,Darrang,Lentil,Total,0.01,0.01,1075.0,"Lentils, dry"
Assam,Dhemaji,Rice,Kharif,0.75,1.3,1742.0,Rice
Assam,Dhemaji,Rice,Summer,0.04,0.12,3123.0,Rice
Assam,Dhemaji,Rice,Total,0.79,1.42,1810.0,Rice
Assam,Dhemaji,Wheat,Rabi,0.0,0.0,1350.0,Wheat
Assam,Dhemaji,Wheat,Total,0.0,0.0,1350.0,Wheat
Assam,Dhemaji,Maize,Kharif,0.0,0.02,3446.0,Maize (corn)
Assam,Dhemaji,Maize,Rabi,0.01,0.02,2991.0,Maize (corn)
Assam,Dhemaji,Maize,Total,0.01,0.04,3188.0,Maize (corn)
Assam,Dhemaji,Gram,Rabi,0.0,0.0,705.0,"Chick peas, dry"
Assam,Dhemaji,Gram,Total,0.0,0.0,705.0,"Chick peas, dry"
Assam,Dhemaji,Lentil,Rabi,0.0,0.0,1002.0,"Lentils, dry"
Assam,Dhemaji,Lentil,Total,0.0,0.0,1002.0,"Lentils, dry"
Assam,Dhubri,Rice,Kharif,0.34,0.73,2132.0,Rice
Assam,Dhubri,Rice,Summer,0.5,1.51,3007.0,Rice
Assam,Dhubri,Rice,Total,0.84,2.24,2653.0,Rice
Assam,Dhubri,Wheat,Rabi,0.0,0.01,2475.0,Wheat
Assam,Dhubri,Wheat,Total,0.0,0.01,2475.0,Wheat
Assam,Dhubri,Maize,Kharif,0.05,0.18,3446.0,Maize (corn)
Assam,Dhubri,Maize,Rabi,0.07,0.27,3709.0,Maize (corn)
Assam,Dhubri,Maize,Total,0.12,0.45,3602.0,Maize (corn)
Assam,Dhubri,Gram,Rabi,0.0,0.0,990.0,"Chick peas, dry"
Assam,Dhubri,Gram,Total,0.0,0.0,990.0,"Chick peas, dry"
Assam,Dhubri,Lentil,Rabi,0.01,0.01,720.0,"Lentils, dry"
Assam,Dhubri,Lentil,Total,0.01,0.01,720.0,"Lentils, dry"
Assam,Dibrugarh,Rice,Kharif,0.75,1.36,1821.0,Rice
Assam,Dibrugarh,Rice,Summer,0.0,0.01,2986.0,Rice
Assam,Dibrugarh,Rice,Total,0.75,1.37,1828.0,Rice
Assam,Dibrugarh,Wheat,Rabi,0.0,0.0,1350.0,Wheat
Assam,Dibrugarh,Wheat,Total,0.0,0.0,1350.0,Wheat
Assam,Dibrugarh,Maize,Kharif,0.0,0.0,3446.0,Maize (corn)
Assam,Dibrugarh,Maize,Rabi,0.0,0.01,5382.0,Maize (corn)
Assam,Dibrugarh,Maize,Total,0.0,0.01,5147.0,Maize (corn)
Assam,Dibrugarh,Lentil,Rabi,0.0,0.0,625.0,"Lentils, dry"
Assam,Dibrugarh,Lentil,Total,0.0,0.0,625.0,"Lentils, dry"
Assam,Dima Hasao,Rice,Kharif,0.08,0.2,2365.0,Rice
Assam,Dima Hasao,Rice,Total,0.08,0.2,2365.0,Rice
Assam,Dima Hasao,Wheat,Rabi,0.0,0.0,1350.0,Wheat
Assam,Dima Hasao,Wheat,Total,0.0,0.0,1350.0,Wheat
Assam,Dima Hasao,Maize,Kharif,0.03,0.12,3662.0,Maize (corn)
Assam,Dima Hasao,Maize,Rabi,0.02,0.09,5382.0,Maize (corn)
Assam,Dima Hasao,Maize,Total,0.05,0.2,4233.0,Maize (corn)
Assam,Dima Hasao,Lentil,Rabi,0.0,0.0,1050.0,"Lentils, dry"
Assam,Dima Hasao,Lentil,Total,0.0,0.0,1050.0,"Lentils, dry"
Assam,Goalpara,Rice,Kharif,0.45,0.86,1907.0,Rice
Assam,Goalpara,Rice,Summer,0.27,0.84,3106.0,Rice
Assam,Goalpara,Rice,Total,0.72,1.7,2354.0,Rice
Assam,Goalpara,Wheat,Rabi,0.01,0.01,1350.0,Wheat
Assam,Goalpara,Wheat,Total,0.01,0.01,1350.0,Wheat
Assam,Goalpara,Maize,Kharif,0.0,0.01,3446.0,Maize (corn)
Assam,Goalpara,Maize,Rabi,0.01,0.04,4238.0,Maize (corn)
Assam,Goalpara,Maize,Total,0.01,0.05,4092.0,Maize (corn)
Assam,Goalpara,Gram,Rabi,0.0,0.0,710.0,"Chick peas, dry"
Assam,Goalpara,Gram,Total,0.0,0.0,710.0,"Chick peas, dry"
Assam,Goalpara,Lentil,Rabi,0.01,0.01,725.0,"Lentils, dry"
Assam,Goalpara,Lentil,Total,0.01,0.01,725.0,"Lentils, dry"
Assam,Golaghat,Rice,Kharif,1.14,2.75,2416.0,Rice
Assam,Golaghat,Rice,Summer,0.04,0.12,2791.0,Rice
Assam,Golaghat,Rice,Total,1.18,2.87,2429.0,Rice
Assam,Golaghat,Wheat,Rabi,0.0,0.0,1350.0,Wheat
Assam,Golaghat,Wheat,Total,0.0,0.0,1350.0,Wheat
Assam,Golaghat,Maize,Kharif,0.0,0.0,3446.0,Maize (corn)
Assam,Golaghat,Maize,Rabi,0.0,0.01,5382.0,Maize (corn)
Assam,Golaghat,Maize,Total,0.0,0.01,4581.0,Maize (corn)
Assam,Golaghat,Gram,Rabi,0.0,0.0,800.0,"Chick peas, dry"
Assam,Golaghat,Gram,Total,0.0,0.0,800.0,"Chick peas, dry"
Assam,Golaghat,Lentil,Rabi,0.0,0.0,800.0,"Lentils, dry"
Assam,Golaghat,Lentil,Total,0.0,0.0,800.0,"Lentils, dry"
Assam,Hailakandi,Rice,Kharif,0.4,0.89,2207.0,Rice
Assam,Hailakandi,Rice,Summer,0.01,0.02,2986.0,Rice
Assam,Hailakandi,Rice,Total,0.41,0.91,2220.0,Rice
Assam,Hailakandi,Maize,Kharif,0.0,0.0,3446.0,Maize (corn)
Assam,Hailakandi,Maize,Rabi,0.0,0.0,5382.0,Maize (corn)
Assam,Hailakandi,Maize,Total,0.0,0.0,4436.0,Maize (corn)
Assam,Hailakandi,Gram,Rabi,0.0,0.0,550.0,"Chick peas, dry"
Assam,Hailakandi,Gram,Total,0.0,0.0,550.0,"Chick peas, dry"
Assam,Hailakandi,Lentil,Rabi,0.0,0.0,800.0,"Lentils, dry"
Assam,Hailakandi,Lentil,Total,0.0,0.0,800.0,"Lentils, dry"
Assam,Hojai,Rice,Kharif,0.54,1.29,2380.0,Rice
Assam,Hojai,Rice,Summer,0.07,0.18,2641.0,Rice
Assam,Hojai,Rice,Total,0.61,1.47,2410.0,Rice
Assam,Hojai,Wheat,Rabi,0.01,0.0,634.0,Wheat
Assam,Hojai,Wheat,Total,0.01,0.0,634.0,Wheat
Assam,Hojai,Maize,Kharif,0.0,0.01,3446.0,Maize (corn)
Assam,Hojai,Maize,Rabi,0.0,0.02,5382.0,Maize (corn)
Assam,Hojai,Maize,Total,0.01,0.03,4580.0,Maize (corn)
Assam,Hojai,Gram,Rabi,0.0,0.0,1160.0,"Chick peas, dry"
Assam,Hojai,Gram,Total,0.0,0.0,1160.0,"Chick peas, dry"
Assam,Hojai,Lentil,Rabi,0.0,0.0,902.0,"Lentils, dry"
Assam,Hojai,Lentil,Total,0.0,0.0,902.0,"Lentils, dry"
Assam,Jorhat,Rice,Kharif,0.67,1.26,1878.0,Rice
Assam,Jorhat,Rice,Summer,0.01,0.01,2401.0,Rice
Assam,Jorhat,Rice,Total,0.67,1.27,1882.0,Rice
Assam,Jorhat,Wheat,Rabi,0.0,0.0,1350.0,Wheat
Assam,Jorhat,Wheat,Total,0.0,0.0,1350.0,Wheat
Assam,Jorhat,Maize,Kharif,0.0,0.0,3446.0,Maize (corn)
Assam,Jorhat,Maize,Rabi,0.0,0.01,5382.0,Maize (corn)
Assam,Jorhat,Maize,Total,0.0,0.01,4771.0,Maize (corn)
Assam,Jorhat,Gram,Rabi,0.0,0.0,500.0,"Chick peas, dry"
Assam,Jorhat,Gram,Total,0.0,0.0,500.0,"Chick peas, dry"
Assam,Jorhat,Lentil,Rabi,0.0,0.0,720.0,"Lentils, dry"
Assam,Jorhat,Lentil,Total,0.0,0.0,720.0,"Lentils, dry"
Assam,Kamrup,Rice,Kharif,0.77,1.98,2565.0,Rice
Assam,Kamrup,Rice,Summer,0.28,0.85,3076.0,Rice
Assam,Kamrup,Rice,Total,1.05,2.83,2700.0,Rice
Assam,Kamrup,Wheat,Rabi,0.0,0.01,1325.0,Wheat
Assam,Kamrup,Wheat,Total,0.0,0.01,1325.0,Wheat
Assam,Kamrup,Maize,Kharif,0.0,0.01,3446.0,Maize (corn)
Assam,Kamrup,Maize,Rabi,0.04,0.31,6974.0,Maize (corn)
Assam,Kamrup,Maize,Total,0.05,0.32,6786.0,Maize (corn)
Assam,Kamrup,Gram,Rabi,0.0,0.0,1095.0,"Chick peas, dry"
Assam,Kamrup,Gram,Total,0.0,0.0,1095.0,"Chick peas, dry"
Assam,Kamrup,Lentil,Rabi,0.03,0.03,1116.0,"Lentils, dry"
Assam,Kamrup,Lentil,Total,0.03,0.03,1116.0,"Lentils, dry"
Assam,Kamrup Metro,Rice,Kharif,0.11,0.31,2942.0,Rice
Assam,Kamrup Metro,Rice,Summer,0.06,0.2,3247.0,Rice
Assam,Kamrup Metro,Rice,Total,0.17,0.52,3055.0,Rice
Assam,Kamrup Metro,Wheat,Rabi,0.0,0.0,1350.0,Wheat
Assam,Kamrup Metro,Wheat,Total,0.0,0.0,1350.0,Wheat
Assam,Kamrup Metro,Maize,Kharif,0.0,0.0,3446.0,Maize (corn)
Assam,Kamrup Metro,Maize,Rabi,0.0,0.01,5382.0,Maize (corn)
Assam,Kamrup Metro,Maize,Total,0.0,0.01,4877.0,Maize (corn)
Assam,Kamrup Metro,Gram,Rabi,0.0,0.0,1100.0,"Chick peas, dry"
Assam,Kamrup Metro,Gram,Total,0.0,0.0,1100.0,"Chick peas, dry"
Assam,Kamrup Metro,Lentil,Rabi,0.0,0.0,1100.0,"Lentils, dry"
Assam,Kamrup Metro,Lentil,Total,0.0,0.0,1100.0,"Lentils, dry"
Assam,Karbi Anglong,Rice,Kharif,0.65,1.53,2361.0,Rice
Assam,Karbi Anglong,Rice,Summer,0.04,0.1,2675.0,Rice
Assam,Karbi Anglong,Rice,Total,0.69,1.64,2379.0,Rice
Assam,Karbi Anglong,Wheat,Rabi,0.01,0.01,955.0,Wheat
Assam,Karbi Anglong,Wheat,Total,0.01,0.01,955.0,Wheat
Assam,Karbi Anglong,Maize,Kharif,0.03,0.11,3066.0,Maize (corn)
Assam,Karbi Anglong,Maize,Rabi,0.07,0.18,2696.0,Maize (corn)
Assam,Karbi Anglong,Maize,Total,0.1,0.28,2822.0,Maize (corn)
Assam,Karbi Anglong,Gram,Rabi,0.0,0.0,1075.0,"Chick peas, dry"
Assam,Karbi Anglong,Gram,Total,0.0,0.0,1075.0,"Chick peas, dry"
Assam,Karbi Anglong,Lentil,Rabi,0.01,0.0,630.0,"Lentils, dry"
Assam,Karbi Anglong,Lentil,Total,0.01,0.0,630.0,"Lentils, dry"
Assam,Kokrajhar,Rice,Kharif,0.66,1.19,1810.0,Rice
Assam,Kokrajhar,Rice,Summer,0.08,0.2,2470.0,Rice
Assam,Kokrajhar,Rice,Total,0.74,1.39,1882.0,Rice
Assam,Kokrajhar,Wheat,Rabi,0.0,0.0,909.0,Wheat
Assam,Kokrajhar,Wheat,Total,0.0,0.0,909.0,Wheat
Assam,Kokrajhar,Maize,Kharif,0.01,0.02,3446.0,Maize (corn)
Assam,Kokrajhar,Maize,Rabi,0.01,0.05,5382.0,Maize (corn)
Assam,Kokrajhar,Maize,Total,0.01,0.07,4591.0,Maize (corn)
Assam,Kokrajhar,Gram,Rabi,0.0,0.0,687.0,"Chick peas, dry"
Assam,Kokrajhar,Gram,Total,0.0,0.0,687.0,"Chick peas, dry"
Assam,Kokrajhar,Lentil,Rabi,0.01,0.01,840.0,"Lentils, dry"
Assam,Kokrajhar,Lentil,Total,0.01,0.01,840.0,"Lentils, dry"
Assam,Lakhimpur,Rice,Kharif,0.87,1.44,1660.0,Rice
Assam,Lakhimpur,Rice,Summer,0.17,0.41,2400.0,Rice
Assam,Lakhimpur,Rice,Total,1.04,1.86,1782.0,Rice
Assam,Lakhimpur,Wheat,Rabi,0.0,0.0,1350.0,Wheat
Assam,Lakhimpur,Wheat,Total,0.0,0.0,1350.0,Wheat
Assam,Lakhimpur,Maize,Kharif,0.0,0.01,3446.0,Maize (corn)
Assam,Lakhimpur,Maize,Rabi,0.0,0.03,5382.0,Maize (corn)
Assam,Lakhimpur,Maize,Total,0.01,0.03,4925.0,Maize (corn)
Assam,Lakhimpur,Gram,Rabi,0.0,0.0,744.0,"Chick peas, dry"
Assam,Lakhimpur,Gram,Total,0.0,0.0,744.0,"Chick peas, dry"
Assam,Lakhimpur,Lentil,Rabi,0.01,0.01,930.0,"Lentils, dry"
Assam,Lakhimpur,Lentil,Total,0.01,0.01,930.0,"Lentils, dry"
Assam,Majuli,Rice,Kharif,0.21,0.44,2109.0,Rice
Assam,Majuli,Rice,Summer,0.05,0.12,2223.0,Rice
Assam,Majuli,Rice,Total,0.26,0.56,2132.0,Rice
Assam,Majuli,Wheat,Rabi,0.0,0.0,1350.0,Wheat
Assam,Majuli,Wheat,Total,0.0,0.0,1350.0,Wheat
Assam,Majuli,Maize,Kharif,0.0,0.0,3446.0,Maize (corn)
Assam,Majuli,Maize,Rabi,0.0,0.0,5382.0,Maize (corn)
Assam,Majuli,Maize,Total,0.0,0.01,4069.0,Maize (corn)
Assam,Majuli,Gram,Rabi,0.0,0.0,714.0,"Chick peas, dry"
Assam,Majuli,Gram,Total,0.0,0.0,714.0,"Chick peas, dry"
Assam,Majuli,Lentil,Rabi,0.0,0.0,590.0,"Lentils, dry"
Assam,Majuli,Lentil,Total,0.0,0.0,590.0,"Lentils, dry"
Assam,Marigaon,Rice,Kharif,0.35,0.81,2278.0,Rice
Assam,Marigaon,Rice,Summer,0.4,1.32,3323.0,Rice
Assam,Marigaon,Rice,Total,0.75,2.12,2830.0,Rice
Assam,Marigaon,Wheat,Rabi,0.01,0.01,1350.0,Wheat
Assam,Marigaon,Wheat,Total,0.01,0.01,1350.0,Wheat
Assam,Marigaon,Maize,Kharif,0.0,0.01,3446.0,Maize (corn)
Assam,Marigaon,Maize,Rabi,0.06,0.32,5271.0,Maize (corn)
Assam,Marigaon,Maize,Total,0.06,0.33,5174.0,Maize (corn)
Assam,Marigaon,Gram,Rabi,0.0,0.0,927.0,"Chick peas, dry"
Assam,Marigaon,Gram,Total,0.0,0.0,927.0,"Chick peas, dry"
Assam,Marigaon,Lentil,Rabi,0.01,0.01,1111.0,"Lentils, dry"
Assam,Marigaon,Lentil,Total,0.01,0.01,1111.0,"Lentils, dry"
Assam,Nagaon,Rice,Kharif,0.94,2.25,2388.0,Rice
Assam,Nagaon,Rice,Summer,0.4,1.28,3217.0,Rice
Assam,Nagaon,Rice,Total,1.34,3.53,2634.0,Rice
Assam,Nagaon,Wheat,Rabi,0.01,0.01,1085.0,Wheat
Assam,Nagaon,Wheat,Total,0.01,0.01,1085.0,Wheat
Assam,Nagaon,Maize,Kharif,0.01,0.03,3446.0,Maize (corn)
Assam,Nagaon,Maize,Rabi,0.07,0.3,4371.0,Maize (corn)
Assam,Nagaon,Maize,Total,0.08,0.34,4254.0,Maize (corn)
Assam,Nagaon,Gram,Rabi,0.0,0.0,1142.0,"Chick peas, dry"
Assam,Nagaon,Gram,Total,0.0,0.0,1142.0,"Chick peas, dry"
Assam,Nagaon,Lentil,Rabi,0.01,0.01,743.0,"Lentils, dry"
Assam,Nagaon,Lentil,Total,0.01,0.01,743.0,"Lentils, dry"
Assam,Nalbari,Rice,Kharif,0.45,1.03,2313.0,Rice
Assam,Nalbari,Rice,Summer,0.05,0.15,3021.0,Rice
Assam,Nalbari,Rice,Total,0.5,1.18,2384.0,Rice
Assam,Nalbari,Wheat,Rabi,0.0,0.0,1350.0,Wheat
Assam,Nalbari,Wheat,Total,0.0,0.0,1350.0,Wheat
Assam,Nalbari,Maize,Kharif,0.0,0.01,3446.0,Maize (corn)
Assam,Nalbari,Maize,Rabi,0.02,0.06,3992.0,Maize (corn)
Assam,Nalbari,Maize,Total,0.02,0.07,3908.0,Maize (corn)
Assam,Nalbari,Gram,Rabi,0.0,0.0,681.0,"Chick peas, dry"
Assam,Nalbari,Gram,Total,0.0,0.0,681.0,"Chick peas, dry"
Assam,Nalbari,Lentil,Rabi,0.01,0.0,685.0,"Lentils, dry"
Assam,Nalbari,Lentil,Total,0.01,0.0,685.0,"Lentils, dry"
Assam,Sivasagar,Rice,Kharif,0.69,1.29,1877.0,Rice
Assam,Sivasagar,Rice,Summer,0.0,0.0,2986.0,Rice
Assam,Sivasagar,Rice,Total,0.69,1.29,1878.0,Rice
Assam,Sivasagar,Wheat,Rabi,0.0,0.0,1085.0,Wheat
Assam,Sivasagar,Wheat,Total,0.0,0.0,1085.0,Wheat
Assam,Sivasagar,Maize,Kharif,0.0,0.0,3446.0,Maize (corn)
Assam,Sivasagar,Maize,Rabi,0.0,0.01,5382.0,Maize (corn)
Assam,Sivasagar,Maize,Total,0.0,0.01,4672.0,Maize (corn)
Assam,Sivasagar,Gram,Rabi,0.0,0.0,524.0,"Chick peas, dry"
Assam,Sivasagar,Gram,Total,0.0,0.0,524.0,"Chick peas, dry"
Assam,Sivasagar,Lentil,Rabi,0.0,0.0,733.0,"Lentils, dry"
Assam,Sivasagar,Lentil,Total,0.0,0.0,733.0,"Lentils, dry"
Assam,Sonitpur,Rice,Kharif,0.66,1.29,1957.0,Rice
Assam,Sonitpur,Rice,Summer,0.14,0.37,2723.0,Rice
Assam,Sonitpur,Rice,Total,0.79,1.66,2088.0,Rice
Assam,Sonitpur,Wheat,Rabi,0.0,0.01,3135.0,Wheat
Assam,Sonitpur,Wheat,Total,0.0,0.01,3135.0,Wheat
Assam,Sonitpur,Maize,Kharif,0.0,0.01,3343.0,Maize (corn)
Assam,Sonitpur,Maize,Rabi,0.04,0.09,2513.0,Maize (corn)
Assam,Sonitpur,Maize,Total,0.04,0.1,2585.0,Maize (corn)
Assam,Sonitpur,Gram,Rabi,0.0,0.0,650.0,"Chick peas, dry"
Assam,Sonitpur,Gram,Total,0.0,0.0,650.0,"Chick peas, dry"
Assam,Sonitpur,Lentil,Rabi,0.01,0.01,850.0,"Lentils, dry"
Assam,Sonitpur,Lentil,Total,0.01,0.01,850.0,"Lentils, dry"
Assam,South Salmara Mancachar,Rice,Kharif,0.1,0.16,1625.0,Rice
Assam,South Salmara Mancachar,Rice,Summer,0.1,0.31,2986.0,Rice
Assam,South Salmara Mancachar,Rice,Total,0.2,0.46,2324.0,Rice
Assam,South Salmara Mancachar,Wheat,Rabi,0.0,0.01,1350.0,Wheat
Assam,South Salmara Mancachar,Wheat,Total,0.0,0.01,1350.0,Wheat
Assam,South Salmara Mancachar,Maize,Kharif,0.0,0.01,3420.0,Maize (corn)
Assam,South Salmara Mancachar,Maize,Rabi,0.01,0.04,5382.0,Maize (corn)
Assam,South Salmara Mancachar,Maize,Total,0.01,0.05,4631.0,Maize (corn)
Assam,South Salmara Mancachar,Gram,Rabi,0.0,0.0,900.0,"Chick peas, dry"
Assam,South Salmara Mancachar,Gram,Total,0.0,0.0,900.0,"Chick peas, dry"
Assam,South Salmara Mancachar,Lentil,Rabi,0.0,0.01,1200.0,"Lentils, dry"
Assam,South Salmara Mancachar,Lentil,Total,0.0,0.01,1200.0,"Lentils, dry"
Assam,Sribhumi,Rice,Kharif,0.58,1.04,1816.0,Rice
Assam,Sribhumi,Rice,Summer,0.05,0.11,2264.0,Rice
Assam,Sribhumi,Rice,Total,0.62,1.16,1851.0,Rice
Assam,Sribhumi,Maize,Kharif,0.0,0.0,3446.0,Maize (corn)
Assam,Sribhumi,Maize,Rabi,0.0,0.01,5382.0,Maize (corn)
Assam,Sribhumi,Maize,Total,0.0,0.02,5172.0,Maize (corn)
Assam,Sribhumi,Lentil,Rabi,0.0,0.0,800.0,"Lentils, dry"
Assam,Sribhumi,Lentil,Total,0.0,0.0,800.0,"Lentils, dry"
Assam,Tinsukia,Rice,Kharif,0.62,1.26,2035.0,Rice
Assam,Tinsukia,Rice,Summer,0.0,0.01,2986.0,Rice
Assam,Tinsukia,Rice,Total,0.62,1.27,2037.0,Rice
Assam,Tinsukia,Wheat,Rabi,0.0,0.0,1350.0,Wheat
Assam,Tinsukia,Wheat,Total,0.0,0.0,1350.0,Wheat
Assam,Tinsukia,Maize,Kharif,0.02,0.04,2546.0,Maize (corn)
Assam,Tinsukia,Maize,Rabi,0.01,0.03,5382.0,Maize (corn)
Assam,Tinsukia,Maize,Total,0.02,0.07,3296.0,Maize (corn)
Assam,Tinsukia,Gram,Rabi,0.0,0.0,730.0,"Chick peas, dry"
Assam,Tinsukia,Gram,Total,0.0,0.0,730.0,"Chick peas, dry"
Assam,Tinsukia,Lentil,Rabi,0.0,0.0,610.0,"Lentils, dry"
Assam,Tinsukia,Lentil,Total,0.0,0.0,610.0,"Lentils, dry"
Assam,Udalguri,Rice,Kharif,0.71,1.29,1807.0,Rice
Assam,Udalguri,Rice,Summer,0.13,0.34,2609.0,Rice
Assam,Udalguri,Rice,Total,0.84,1.63,1930.0,Rice
Assam,Udalguri,Wheat,Rabi,0.0,0.0,1350.0,Wheat
Assam,Udalguri,Wheat,Total,0.0,0.0,1350.0,Wheat
Assam,Udalguri,Maize,Kharif,0.0,0.02,5521.0,Maize (corn)
Assam,Udalguri,Maize,Rabi,0.02,0.23,9974.0,Maize (corn)
Assam,Udalguri,Maize,Total,0.03,0.25,9445.0,Maize (corn)
Assam,Udalguri,Gram,Rabi,0.0,0.0,936.0,"Chick peas, dry"
Assam,Udalguri,Gram,Total,0.0,0.0,936.0,"Chick peas, dry"
Assam,Udalguri,Lentil,Rabi,0.0,0.0,737.0,"Lentils, dry"
Assam,Udalguri,Lentil,Total,0.0,0.0,737.0,"Lentils, dry"
Assam,West Karbi Anglong,Rice,Kharif,0.49,1.06,2162.0,Rice
Assam,West Karbi Anglong,Rice,Summer,0.03,0.08,2986.0,Rice
Assam,West Karbi Anglong,Rice,Total,0.51,1.13,2204.0,Rice
Assam,West Karbi Anglong,Wheat,Rabi,0.0,0.0,1350.0,Wheat
Assam,West Karbi Anglong,Wheat,Total,0.0,0.0,1350.0,Wheat
Assam,West Karbi Anglong,Maize,Kharif,0.02,0.06,3446.0,Maize (corn)
Assam,West Karbi Anglong,Maize,Rabi,0.01,0.05,5382.0,Maize (corn)
Assam,West Karbi Anglong,Maize,Total,0.03,0.1,4117.0,Maize (corn)
Assam,West Karbi Anglong,Gram,Rabi,0.0,0.0,640.0,"Chick peas, dry"
Assam,West Karbi Anglong,Gram,Total,0.0,0.0,640.0,"Chick peas, dry"
Assam,West Karbi Anglong,Lentil,Rabi,0.0,0.0,634.0,"Lentils, dry"
Assam,West Karbi Anglong,Lentil,Total,0.0,0.0,634.0,"Lentils, dry"
Bihar,Araria,Rice,Kharif,0.29,0.64,2205.0,Rice
Bihar,Araria,Rice,Summer,0.07,0.19,2760.0,Rice
Bihar,Araria,Rice,Total,0.36,0.83,2313.0,Rice
Bihar,Araria,Wheat,Rabi,0.17,0.51,3034.0,Wheat
Bihar,Araria,Wheat,Total,0.17,0.51,3034.0,Wheat
Bihar,Araria,Maize,Rabi,0.98,8.83,9035.0,Maize (corn)
Bihar,Araria,Maize,Total,0.98,8.83,9035.0,Maize (corn)
Bihar,Araria,Lentil,Rabi,0.0,0.0,502.0,"Lentils, dry"
Bihar,Araria,Lentil,Total,0.0,0.0,502.0,"Lentils, dry"
Bihar,Arwal,Rice,Kharif,0.18,0.59,3175.0,Rice
Bihar,Arwal,Rice,Total,0.18,0.59,3175.0,Rice
Bihar,Arwal,Wheat,Rabi,0.12,0.3,2647.0,Wheat
Bihar,Arwal,Wheat,Total,0.12,0.3,2647.0,Wheat
Bihar,Arwal,Maize,Rabi,0.0,0.0,7400.0,Maize (corn)
Bihar,Arwal,Maize,Summer,0.0,0.0,5691.0,Maize (corn)
Bihar,Arwal,Maize,Total,0.0,0.0,6588.0,Maize (corn)
Bihar,Arwal,Gram,Rabi,0.01,0.02,1071.0,"Chick peas, dry"
Bihar,Arwal,Gram,Total,0.01,0.02,1071.0,"Chick peas, dry"
Bihar,Arwal,Lentil,Rabi,0.03,0.02,880.0,"Lentils, dry"
Bihar,Arwal,Lentil,Total,0.03,0.02,880.0,"Lentils, dry"
Bihar,Aurangabad,Rice,Kharif,1.67,5.6,3345.0,Rice
Bihar,Aurangabad,Rice,Total,1.67,5.6,3345.0,Rice
Bihar,Aurangabad,Wheat,Rabi,1.14,2.69,2347.0,Wheat
Bihar,Aurangabad,Wheat,Total,1.14,2.69,2347.0,Wheat
Bihar,Aurangabad,Gram,Rabi,0.11,0.1,900.0,"Chick peas, dry"
Bihar,Aurangabad,Gram,Total,0.11,0.1,900.0,"Chick peas, dry"
Bihar,Aurangabad,Lentil,Rabi,0.14,0.09,623.0,"Lentils, dry"
Bihar,Aurangabad,Lentil,Total,0.14,0.09,623.0,"Lentils, dry"
Bihar,Banka,Rice,Kharif,1.0,2.84,2845.0,Rice
Bihar,Banka,Rice,Summer,0.0,0.0,2800.0,Rice
Bihar,Banka,Rice,Total,1.0,2.84,2845.0,Rice
Bihar,Banka,Wheat,Rabi,0.29,0.78,2671.0,Wheat
Bihar,Banka,Wheat,Total,0.29,0.78,2671.0,Wheat
Bihar,Banka,Maize,Kharif,0.04,0.1,2676.0,Maize (corn)
Bihar,Banka,Maize,Rabi,0.01,0.05,4046.0,Maize (corn)
Bihar,Banka,Maize,Summer,0.04,0.15,3771.0,Maize (corn)
Bihar,Banka,Maize,Total,0.09,0.3,3332.0,Maize (corn)
Bihar,Banka,Gram,Rabi,0.03,0.02,763.0,"Chick peas, dry"
Bihar,Banka,Gram,Total,0.03,0.02,763.0,"Chick peas, dry"
Bihar,Banka,Lentil,Rabi,0.02,0.01,558.0,"Lentils, dry"
Bihar,Banka,Lentil,Total,0.02,0.01,558.0,"Lentils, dry"
Bihar,Begusarai,Rice,Kharif,0.12,0.32,2593.0,Rice
Bihar,Begusarai,Rice,Total,0.12,0.32,2593.0,Rice
Bihar,Begusarai,Wheat,Rabi,0.65,2.49,3819.0,Wheat
Bihar,Begusarai,Wheat,Total,0.65,2.49,3819.0,Wheat
Bihar,Begusarai,Maize,Kharif,0.41,0.86,2108.0,Maize (corn)
Bihar,Begusarai,Maize,Rabi,0.32,1.85,5753.0,Maize (corn)
Bihar,Begusarai,Maize,Summer,0.01,0.06,4412.0,Maize (corn)
Bihar,Begusarai,Maize,Total,0.74,2.77,3730.0,Maize (corn)
Bihar,Begusarai,Gram,Rabi,0.0,0.0,1070.0,"Chick peas, dry"
Bihar,Begusarai,Gram,Total,0.0,0.0,1070.0,"Chick peas, dry"
Bihar,Begusarai,Lentil,Rabi,0.01,0.0,880.0,"Lentils, dry"
Bihar,Begusarai,Lentil,Total,0.01,0.0,880.0,"Lentils, dry"
Bihar,Bhagalpur,Rice,Kharif,0.57,1.45,2519.0,Rice
Bihar,Bhagalpur,Rice,Summer,0.0,0.01,2803.0,Rice
Bihar,Bhagalpur,Rice,Total,0.58,1.45,2520.0,Rice
Bihar,Bhagalpur,Wheat,Rabi,0.45,1.44,3236.0,Wheat
Bihar,Bhagalpur,Wheat,Total,0.45,1.44,3236.0,Wheat
Bihar,Bhagalpur,Maize,Kharif,0.21,0.59,2785.0,Maize (corn)
Bihar,Bhagalpur,Maize,Rabi,0.25,1.65,6693.0,Maize (corn)
Bihar,Bhagalpur,Maize,Summer,0.07,0.3,4205.0,Maize (corn)
Bihar,Bhagalpur,Maize,Total,0.53,2.54,4792.0,Maize (corn)
Bihar,Bhagalpur,Gram,Rabi,0.04,0.03,894.0,"Chick peas, dry"
Bihar,Bhagalpur,Gram,Total,0.04,0.03,894.0,"Chick peas, dry"
Bihar,Bhagalpur,Lentil,Rabi,0.04,0.04,1028.0,"Lentils, dry"
Bihar,Bhagalpur,Lentil,Total,0.04,0.04,1028.0,"Lentils, dry"
Bihar,Bhojpur,Rice,Kharif,1.01,2.56,2541.0,Rice
Bihar,Bhojpur,Rice,Total,1.01,2.56,2541.0,Rice
Bihar,Bhojpur,Wheat,Rabi,1.07,3.4,3188.0,Wheat
Bihar,Bhojpur,Wheat,Total,1.07,3.4,3188.0,Wheat
Bihar,Bhojpur,Maize,Kharif,0.0,0.01,1897.0,Maize (corn)
Bihar,Bhojpur,Maize,Total,0.0,0.01,1897.0,Maize (corn)
Bihar,Bhojpur,Gram,Rabi,0.04,0.05,1211.0,"Chick peas, dry"
Bihar,Bhojpur,Gram,Total,0.04,0.05,1211.0,"Chick peas, dry"
Bihar,Bhojpur,Lentil,Rabi,0.02,0.02,705.0,"Lentils, dry"
Bihar,Bhojpur,Lentil,Total,0.02,0.02,705.0,"Lentils, dry"
Bihar,Buxar,Rice,Kharif,0.82,2.04,2482.0,Rice
Bihar,Buxar,Rice,Total,0.82,2.04,2482.0,Rice
Bihar,Buxar,Wheat,Rabi,0.87,2.94,3379.0,Wheat
Bihar,Buxar,Wheat,Total,0.87,2.94,3379.0,Wheat
Bihar,Buxar,Maize,Kharif,0.0,0.02,4560.0,Maize (corn)
Bihar,Buxar,Maize,Rabi,0.0,0.0,4947.0,Maize (corn)
Bihar,Buxar,Maize,Summer,0.0,0.0,5655.0,Maize (corn)
Bihar,Buxar,Maize,Total,0.01,0.02,4675.0,Maize (corn)
Bihar,Buxar,Gram,Rabi,0.02,0.02,998.0,"Chick peas, dry"
Bihar,Buxar,Gram,Total,0.02,0.02,998.0,"Chick peas, dry"
Bihar,Buxar,Lentil,Rabi,0.02,0.02,759.0,"Lentils, dry"
Bihar,Buxar,Lentil,Total,0.02,0.02,759.0,"Lentils, dry"
Bihar,Darbhanga,Rice,Kharif,0.9,1.83,2036.0,Rice
Bihar,Darbhanga,Rice,Summer,0.02,0.06,2865.0,Rice
Bihar,Darbhanga,Rice,Total,0.92,1.88,2054.0,Rice
Bihar,Darbhanga,Wheat,Rabi,0.52,1.38,2625.0,Wheat
Bihar,Darbhanga,Wheat,Total,0.52,1.38,2625.0,Wheat
Bihar,Darbhanga,Maize,Kharif,0.01,0.04,3082.0,Maize (corn)
Bihar,Darbhanga,Maize,Rabi,0.08,0.47,5613.0,Maize (corn)
Bihar,Darbhanga,Maize,Summer,0.03,0.11,3711.0,Maize (corn)
Bihar,Darbhanga,Maize,Total,0.13,0.62,4882.0,Maize (corn)
Bihar,Darbhanga,Gram,Rabi,0.0,0.0,1045.0,"Chick peas, dry"
Bihar,Darbhanga,Gram,Total,0.0,0.0,1045.0,"Chick peas, dry"
Bihar,Darbhanga,Lentil,Rabi,0.03,0.02,802.0,"Lentils, dry"
Bihar,Darbhanga,Lentil,Total,0.03,0.02,802.0,"Lentils, dry"
Bihar,Gaya,Rice,Kharif,1.13,2.94,2603.0,Rice
Bihar,Gaya,Rice,Summer,0.0,0.0,2727.0,Rice
Bihar,Gaya,Rice,Total,1.13,2.94,2603.0,Rice
Bihar,Gaya,Wheat,Rabi,0.61,1.54,2535.0,Wheat
Bihar,Gaya,Wheat,Total,0.61,1.54,2535.0,Wheat
Bihar,Gaya,Maize,Kharif,0.0,0.01,2897.0,Maize (corn)
Bihar,Gaya,Maize,Rabi,0.01,0.04,7400.0,Maize (corn)
Bihar,Gaya,Maize,Summer,0.0,0.01,5565.0,Maize (corn)
Bihar,Gaya,Maize,Total,0.01,0.06,5639.0,Maize (corn)
Bihar,Gaya,Gram,Rabi,0.04,0.04,1079.0,"Chick peas, dry"
Bihar,Gaya,Gram,Total,0.04,0.04,1079.0,"Chick peas, dry"
Bihar,Gaya,Lentil,Rabi,0.04,0.06,1326.0,"Lentils, dry"
Bihar,Gaya,Lentil,Total,0.04,0.06,1326.0,"Lentils, dry"
Bihar,Gopalganj,Rice,Kharif,0.47,1.08,2311.0,Rice
Bihar,Gopalganj,Rice,Summer,0.0,0.0,3000.0,Rice
Bihar,Gopalganj,Rice,Total,0.47,1.08,2311.0,Rice
Bihar,Gopalganj,Wheat,Rabi,0.56,1.97,3484.0,Wheat
Bihar,Gopalganj,Wheat,Total,0.56,1.97,3484.0,Wheat
Bihar,Gopalganj,Maize,Kharif,0.04,0.2,4613.0,Maize (corn)
Bihar,Gopalganj,Maize,Rabi,0.05,0.17,3224.0,Maize (corn)
Bihar,Gopalganj,Maize,Summer,0.0,0.02,4877.0,Maize (corn)
Bihar,Gopalganj,Maize,Total,0.1,0.39,3894.0,Maize (corn)
Bihar,Gopalganj,Gram,Rabi,0.0,0.0,1045.0,"Chick peas, dry"
Bihar,Gopalganj,Gram,Total,0.0,0.0,1045.0,"Chick peas, dry"
Bihar,Gopalganj,Lentil,Rabi,0.0,0.0,926.0,"Lentils, dry"
Bihar,Gopalganj,Lentil,Total,0.0,0.0,926.0,"Lentils, dry"
Bihar,Jamui,Rice,Kharif,0.43,1.27,2936.0,Rice
Bihar,Jamui,Rice,Total,0.43,1.27,2936.0,Rice
Bihar,Jamui,Wheat,Rabi,0.24,0.71,2911.0,Wheat
Bihar,Jamui,Wheat,Total,0.24,0.71,2911.0,Wheat
Bihar,Jamui,Maize,Kharif,0.02,0.06,3124.0,Maize (corn)
Bihar,Jamui,Maize,Rabi,0.0,0.02,4694.0,Maize (corn)
Bihar,Jamui,Maize,Summer,0.0,0.03,5741.0,Maize (corn)
Bihar,Jamui,Maize,Total,0.03,0.11,3747.0,Maize (corn)
Bihar,Jamui,Gram,Rabi,0.03,0.03,832.0,"Chick peas, dry"
Bihar,Jamui,Gram,Total,0.03,0.03,832.0,"Chick peas, dry"
Bihar,Jamui,Lentil,Rabi,0.02,0.01,671.0,"Lentils, dry"
Bihar,Jamui,Lentil,Total,0.02,0.01,671.0,"Lentils, dry"
Bihar,Jehanabad,Rice,Kharif,0.44,1.2,2712.0,Rice
Bihar,Jehanabad,Rice,Total,0.44,1.2,2712.0,Rice
Bihar,Jehanabad,Wheat,Rabi,0.34,0.95,2825.0,Wheat
Bihar,Jehanabad,Wheat,Total,0.34,0.95,2825.0,Wheat
Bihar,Jehanabad,Maize,Kharif,0.0,0.0,2909.0,Maize (corn)
Bihar,Jehanabad,Maize,Rabi,0.0,0.02,7400.0,Maize (corn)
Bihar,Jehanabad,Maize,Summer,0.0,0.0,5220.0,Maize (corn)
Bihar,Jehanabad,Maize,Total,0.0,0.02,6968.0,Maize (corn)
Bihar,Jehanabad,Gram,Rabi,0.04,0.04,1045.0,"Chick peas, dry"
Bihar,Jehanabad,Gram,Total,0.04,0.04,1045.0,"Chick peas, dry"
Bihar,Jehanabad,Lentil,Rabi,0.07,0.06,872.0,"Lentils, dry"
Bihar,Jehanabad,Lentil,Total,0.07,0.06,872.0,"Lentils, dry"
Bihar,Kaimur (Bhabua),Rice,Kharif,1.2,4.18,3491.0,Rice
Bihar,Kaimur (Bhabua),Rice,Summer,0.0,0.0,2800.0,Rice
Bihar,Kaimur (Bhabua),Rice,Total,1.2,4.18,3491.0,Rice
Bihar,Kaimur (Bhabua),Wheat,Rabi,1.02,3.32,3250.0,Wheat
Bihar,Kaimur (Bhabua),Wheat,Total,1.02,3.32,3250.0,Wheat
Bihar,Kaimur (Bhabua),Maize,Kharif,0.0,0.0,2484.0,Maize (corn)
Bihar,Kaimur (Bhabua),Maize,Summer,0.0,0.0,5536.0,Maize (corn)
Bihar,Kaimur (Bhabua),Maize,Total,0.0,0.0,3094.0,Maize (corn)
Bihar,Kaimur (Bhabua),Gram,Rabi,0.01,0.01,943.0,"Chick peas, dry"
Bihar,Kaimur (Bhabua),Gram,Total,0.01,0.01,943.0,"Chick peas, dry"
Bihar,Kaimur (Bhabua),Lentil,Rabi,0.01,0.01,633.0,"Lentils, dry"
Bihar,Kaimur (Bhabua),Lentil,Total,0.01,0.01,633.0,"Lentils, dry"
Bihar,Katihar,Rice,Kharif,0.58,1.08,1862.0,Rice
Bihar,Katihar,Rice,Summer,0.16,0.43,2618.0,Rice
Bihar,Katihar,Rice,Total,0.75,1.51,2029.0,Rice
Bihar,Katihar,Wheat,Rabi,0.16,0.43,2612.0,Wheat
Bihar,Katihar,Wheat,Total,0.16,0.43,2612.0,Wheat
Bihar,Katihar,Maize,Kharif,0.04,0.15,3877.0,Maize (corn)
Bihar,Katihar,Maize,Rabi,0.48,3.93,8201.0,Maize (corn)
Bihar,Katihar,Maize,Summer,0.22,1.7,7538.0,Maize (corn)
Bihar,Katihar,Maize,Total,0.74,5.77,7779.0,Maize (corn)
Bihar,Katihar,Gram,Rabi,0.0,0.0,1045.0,"Chick peas, dry"
Bihar,Katihar,Gram,Total,0.0,0.0,1045.0,"Chick peas, dry"
Bihar,Katihar,Lentil,Rabi,0.01,0.01,720.0,"Lentils, dry"
Bihar,Katihar,Lentil,Total,0.01,0.01,720.0,"Lentils, dry"
Bihar,Khagaria,Rice,Kharif,0.18,0.46,2611.0,Rice
Bihar,Khagaria,Rice,Total,0.18,0.46,2611.0,Rice
Bihar,Khagaria,Wheat,Rabi,0.26,0.94,3649.0,Wheat
Bihar,Khagaria,Wheat,Total,0.26,0.94,3649.0,Wheat
Bihar,Khagaria,Maize,Kharif,0.13,0.29,2179.0,Maize (corn)
Bihar,Khagaria,Maize,Rabi,0.31,2.03,6466.0,Maize (corn)
Bihar,Khagaria,Maize,Summer,0.08,0.52,6374.0,Maize (corn)
Bihar,Khagaria,Maize,Total,0.53,2.84,5361.0,Maize (corn)
Bihar,Khagaria,Gram,Rabi,0.0,0.0,1070.0,"Chick peas, dry"
Bihar,Khagaria,Gram,Total,0.0,0.0,1070.0,"Chick peas, dry"
Bihar,Khagaria,Lentil,Rabi,0.0,0.0,902.0,"Lentils, dry"
Bihar,Khagaria,Lentil,Total,0.0,0.0,902.0,"Lentils, dry"
Bihar,Kishanganj,Rice,Kharif,0.76,1.84,2428.0,Rice
Bihar,Kishanganj,Rice,Summer,0.11,0.33,2994.0,Rice
Bihar,Kishanganj,Rice,Total,0.86,2.16,2500.0,Rice
Bihar,Kishanganj,Wheat,Rabi,0.07,0.18,2792.0,Wheat
Bihar,Kishanganj,Wheat,Total,0.07,0.18,2792.0,Wheat
Bihar,Kishanganj,Maize,Kharif,0.0,0.0,3932.0,Maize (corn)
Bihar,Kishanganj,Maize,Rabi,0.39,2.99,7695.0,Maize (corn)
Bihar,Kishanganj,Maize,Summer,0.03,0.26,8043.0,Maize (corn)
Bihar,Kishanganj,Maize,Total,0.42,3.25,7722.0,Maize (corn)
Bihar,Kishanganj,Gram,Rabi,0.0,0.0,1045.0,"Chick peas, dry"
Bihar,Kishanganj,Gram,Total,0.0,0.0,1045.0,"Chick peas, dry"
Bihar,Kishanganj,Lentil,Rabi,0.0,0.0,470.0,"Lentils, dry"
Bihar,Kishanganj,Lentil,Total,0.0,0.0,470.0,"Lentils, dry"
Bihar,Lakhisarai,Rice,Kharif,0.47,1.49,3168.0,Rice
Bihar,Lakhisarai,Rice,Summer,0.0,0.0,2875.0,Rice
Bihar,Lakhisarai,Rice,Total,0.47,1.49,3168.0,Rice
Bihar,Lakhisarai,Wheat,Rabi,0.19,0.6,3156.0,Wheat
Bihar,Lakhisarai,Wheat,Total,0.19,0.6,3156.0,Wheat
Bihar,Lakhisarai,Maize,Kharif,0.08,0.09,1130.0,Maize (corn)
Bihar,Lakhisarai,Maize,Rabi,0.03,0.18,6006.0,Maize (corn)
Bihar,Lakhisarai,Maize,Summer,0.0,0.0,5444.0,Maize (corn)
Bihar,Lakhisarai,Maize,Total,0.11,0.27,2490.0,Maize (corn)
Bihar,Lakhisarai,Gram,Rabi,0.03,0.04,1289.0,"Chick peas, dry"
Bihar,Lakhisarai,Gram,Total,0.03,0.04,1289.0,"Chick peas, dry"
Bihar,Lakhisarai,Lentil,Rabi,0.06,0.1,1647.0,"Lentils, dry"
Bihar,Lakhisarai,Lentil,Total,0.06,0.1,1647.0,"Lentils, dry"
Bihar,Madhepura,Rice,Kharif,0.73,1.66,2286.0,Rice
Bihar,Madhepura,Rice,Summer,0.01,0.04,2721.0,Rice
Bihar,Madhepura,Rice,Total,0.74,1.7,2294.0,Rice
Bihar,Madhepura,Wheat,Rabi,0.38,1.29,3404.0,Wheat
Bihar,Madhepura,Wheat,Total,0.38,1.29,3404.0,Wheat
Bihar,Madhepura,Maize,Kharif,0.02,0.07,3417.0,Maize (corn)
Bihar,Madhepura,Maize,Rabi,0.19,1.6,8326.0,Maize (corn)
Bihar,Madhepura,Maize,Summer,0.19,1.38,7311.0,Maize (corn)
Bihar,Madhepura,Maize,Total,0.4,3.05,7593.0,Maize (corn)
Bihar,Madhepura,Gram,Rabi,0.0,0.0,1045.0,"Chick peas, dry"
Bihar,Madhepura,Gram,Total,0.0,0.0,1045.0,"Chick peas, dry"
Bihar,Madhepura,Lentil,Rabi,0.0,0.0,601.0,"Lentils, dry"
Bihar,Madhepura,Lentil,Total,0.0,0.0,601.0,"Lentils, dry"
Bihar,Madhubani,Rice,Kharif,1.59,3.32,2089.0,Rice
Bihar,Madhubani,Rice,Summer,0.03,0.09,2992.0,Rice
Bihar,Madhubani,Rice,Total,1.62,3.41,2106.0,Rice
Bihar,Madhubani,Wheat,Rabi,0.85,2.2,2605.0,Wheat
Bihar,Madhubani,Wheat,Total,0.85,2.2,2605.0,Wheat
Bihar,Madhubani,Maize,Kharif,0.0,0.0,3623.0,Maize (corn)
Bihar,Madhubani,Maize,Rabi,0.0,0.0,5606.0,Maize (corn)
Bihar,Madhubani,Maize,Summer,0.0,0.0,3456.0,Maize (corn)
Bihar,Madhubani,Maize,Total,0.0,0.01,3515.0,Maize (corn)
Bihar,Madhubani,Gram,Rabi,0.0,0.0,1045.0,"Chick peas, dry"
Bihar,Madhubani,Gram,Total,0.0,0.0,1045.0,"Chick peas, dry"
Bihar,Madhubani,Lentil,Rabi,0.06,0.05,897.0,"Lentils, dry"
Bihar,Madhubani,Lentil,Total,0.06,0.05,897.0,"Lentils, dry"
Bihar,Munger,Rice,Kharif,0.25,0.7,2825.0,Rice
Bihar,Munger,Rice,Summer,0.0,0.0,2780.0,Rice
Bihar,Munger,Rice,Total,0.25,0.7,2825.0,Rice
Bihar,Munger,Wheat,Rabi,0.15,0.48,3256.0,Wheat
Bihar,Munger,Wheat,Total,0.15,0.48,3256.0,Wheat
Bihar,Munger,Maize,Kharif,0.01,0.01,1378.0,Maize (corn)
Bihar,Munger,Maize,Rabi,0.0,0.02,4272.0,Maize (corn)
Bihar,Munger,Maize,Summer,0.01,0.04,3652.0,Maize (corn)
Bihar,Munger,Maize,Total,0.02,0.07,3168.0,Maize (corn)
Bihar,Munger,Gram,Rabi,0.01,0.01,1000.0,"Chick peas, dry"
Bihar,Munger,Gram,Total,0.01,0.01,1000.0,"Chick peas, dry"
Bihar,Munger,Lentil,Rabi,0.01,0.01,1024.0,"Lentils, dry"
Bihar,Munger,Lentil,Total,0.01,0.01,1024.0,"Lentils, dry"
Bihar,Muzaffarpur,Rice,Kharif,1.33,2.19,1648.0,Rice
Bihar,Muzaffarpur,Rice,Summer,0.0,0.0,2800.0,Rice
Bihar,Muzaffarpur,Rice,Total,1.33,2.19,1648.0,Rice
Bihar,Muzaffarpur,Wheat,Rabi,1.21,3.7,3060.0,Wheat
Bihar,Muzaffarpur,Wheat,Total,1.21,3.7,3060.0,Wheat
Bihar,Muzaffarpur,Maize,Kharif,0.11,0.28,2471.0,Maize (corn)
Bihar,Muzaffarpur,Maize,Rabi,0.09,0.46,5076.0,Maize (corn)
Bihar,Muzaffarpur,Maize,Summer,0.1,0.4,3987.0,Maize (corn)
Bihar,Muzaffarpur,Maize,Total,0.3,1.13,3750.0,Maize (corn)
Bihar,Muzaffarpur,Gram,Rabi,0.0,0.0,1045.0,"Chick peas, dry"
Bihar,Muzaffarpur,Gram,Total,0.0,0.0,1045.0,"Chick peas, dry"
Bihar,Muzaffarpur,Lentil,Rabi,0.01,0.01,926.0,"Lentils, dry"
Bihar,Muzaffarpur,Lentil,Total,0.01,0.01,926.0,"Lentils, dry"
Bihar,Nalanda,Rice,Kharif,1.06,3.27,3076.0,Rice
Bihar,Nalanda,Rice,Summer,0.0,0.0,2809.0,Rice
Bihar,Nalanda,Rice,Total,1.06,3.27,3075.0,Rice
Bihar,Nalanda,Wheat,Rabi,0.81,2.82,3501.0,Wheat
Bihar,Nalanda,Wheat,Total,0.81,2.82,3501.0,Wheat
Bihar,Nalanda,Maize,Kharif,0.01,0.02,1912.0,Maize (corn)
Bihar,Nalanda,Maize,Rabi,0.02,0.11,5104.0,Maize (corn)
Bihar,Nalanda,Maize,Summer,0.02,0.11,5585.0,Maize (corn)
Bihar,Nalanda,Maize,Total,0.05,0.23,4767.0,Maize (corn)
Bihar,Nalanda,Gram,Rabi,0.06,0.06,1111.0,"Chick peas, dry"
Bihar,Nalanda,Gram,Total,0.06,0.06,1111.0,"Chick peas, dry"
Bihar,Nalanda,Lentil,Rabi,0.12,0.11,952.0,"Lentils, dry"
Bihar,Nalanda,Lentil,Total,0.12,0.11,952.0,"Lentils, dry"
Bihar,Nawada,Rice,Kharif,1.0,2.98,2970.0,Rice
Bihar,Nawada,Rice,Summer,0.0,0.0,2833.0,Rice
Bihar,Nawada,Rice,Total,1.0,2.98,2970.0,Rice
Bihar,Nawada,Wheat,Rabi,0.77,2.33,3020.0,Wheat
Bihar,Nawada,Wheat,Total,0.77,2.33,3020.0,Wheat
Bihar,Nawada,Maize,Rabi,0.0,0.0,7400.0,Maize (corn)
Bihar,Nawada,Maize,Summer,0.0,0.02,5377.0,Maize (corn)
Bihar,Nawada,Maize,Total,0.0,0.02,5386.0,Maize (corn)
Bihar,Nawada,Gram,Rabi,0.01,0.01,928.0,"Chick peas, dry"
Bihar,Nawada,Gram,Total,0.01,0.01,928.0,"Chick peas, dry"
Bihar,Nawada,Lentil,Rabi,0.02,0.02,654.0,"Lentils, dry"
Bihar,Nawada,Lentil,Total,0.02,0.02,654.0,"Lentils, dry"
Bihar,Pashchim Champaran,Rice,Kharif,1.14,2.37,2081.0,Rice
Bihar,Pashchim Champaran,Rice,Total,1.14,2.37,2081.0,Rice
Bihar,Pashchim Champaran,Wheat,Rabi,0.7,1.9,2716.0,Wheat
Bihar,Pashchim Champaran,Wheat,Total,0.7,1.9,2716.0,Wheat
Bihar,Pashchim Champaran,Maize,Kharif,0.01,0.02,3396.0,Maize (corn)
Bihar,Pashchim Champaran,Maize,Rabi,0.08,0.62,8162.0,Maize (corn)
Bihar,Pashchim Champaran,Maize,Summer,0.02,0.1,6606.0,Maize (corn)
Bihar,Pashchim Champaran,Maize,Total,0.1,0.75,7609.0,Maize (corn)
Bihar,Pashchim Champaran,Gram,Rabi,0.0,0.0,1045.0,"Chick peas, dry"
Bihar,Pashchim Champaran,Gram,Total,0.0,0.0,1045.0,"Chick peas, dry"
Bihar,Pashchim Champaran,Lentil,Rabi,0.07,0.06,783.0,"Lentils, dry"
Bihar,Pashchim Champaran,Lentil,Total,0.07,0.06,783.0,"Lentils, dry"
Bihar,Patna,Rice,Kharif,0.91,2.93,3211.0,Rice
Bihar,Patna,Rice,Summer,0.0,0.01,2809.0,Rice
Bihar,Patna,Rice,Total,0.91,2.93,3210.0,Rice
Bihar,Patna,Wheat,Rabi,0.91,2.85,3125.0,Wheat
Bihar,Patna,Wheat,Total,0.91,2.85,3125.0,Wheat
Bihar,Patna,Maize,Kharif,0.02,0.04,1681.0,Maize (corn)
Bihar,Patna,Maize,Rabi,0.01,0.04,4557.0,Maize (corn)
Bihar,Patna,Maize,Summer,0.02,0.11,5618.0,Maize (corn)
Bihar,Patna,Maize,Total,0.05,0.18,3697.0,Maize (corn)
Bihar,Patna,Gram,Rabi,0.08,0.1,1255.0,"Chick peas, dry"
Bihar,Patna,Gram,Total,0.08,0.1,1255.0,"Chick peas, dry"
Bihar,Patna,Lentil,Rabi,0.26,0.38,1466.0,"Lentils, dry"
Bihar,Patna,Lentil,Total,0.26,0.38,1466.0,"Lentils, dry"
Bihar,Purbi Champaran,Rice,Kharif,2.06,4.11,1992.0,Rice
Bihar,Purbi Champaran,Rice,Summer,0.05,0.14,2774.0,Rice
Bihar,Purbi Champaran,Rice,Total,2.11,4.25,2011.0,Rice
Bihar,Purbi Champaran,Wheat,Rabi,1.21,4.44,3680.0,Wheat
Bihar,Purbi Champaran,Wheat,Total,1.21,4.44,3680.0,Wheat
Bihar,Purbi Champaran,Maize,Kharif,0.23,1.0,4343.0,Maize (corn)
Bihar,Purbi Champaran,Maize,Rabi,0.06,0.4,6389.0,Maize (corn)
Bihar,Purbi Champaran,Maize,Summer,0.1,0.52,4984.0,Maize (corn)
Bihar,Purbi Champaran,Maize,Total,0.4,1.91,4834.0,Maize (corn)
Bihar,Purbi Champaran,Gram,Rabi,0.0,0.0,1045.0,"Chick peas, dry"
Bihar,Purbi Champaran,Gram,Total,0.0,0.0,1045.0,"Chick peas, dry"
Bihar,Purbi Champaran,Lentil,Rabi,0.04,0.05,1211.0,"Lentils, dry"
Bihar,Purbi Champaran,Lentil,Total,0.04,0.05,1211.0,"Lentils, dry"
Bihar,Purnia,Rice,Kharif,1.28,2.68,2098.0,Rice
Bihar,Purnia,Rice,Summer,0.05,0.13,2702.0,Rice
Bihar,Purnia,Rice,Total,1.33,2.81,2121.0,Rice
Bihar,Purnia,Wheat,Rabi,0.16,0.42,2695.0,Wheat
Bihar,Purnia,Wheat,Total,0.16,0.42,2695.0,Wheat
Bihar,Purnia,Maize,Kharif,0.06,0.27,4602.0,Maize (corn)
Bihar,Purnia,Maize,Rabi,1.32,10.49,7947.0,Maize (corn)
Bihar,Purnia,Maize,Summer,0.05,0.36,6683.0,Maize (corn)
Bihar,Purnia,Maize,Total,1.43,11.12,7763.0,Maize (corn)
Bihar,Purnia,Gram,Rabi,0.0,0.0,1045.0,"Chick peas, dry"
Bihar,Purnia,Gram,Total,0.0,0.0,1045.0,"Chick peas, dry"
Bihar,Purnia,Lentil,Rabi,0.04,0.02,450.0,"Lentils, dry"
Bihar,Purnia,Lentil,Total,0.04,0.02,450.0,"Lentils, dry"
Bihar,Rohtas,Rice,Kharif,2.34,8.84,3772.0,Rice
Bihar,Rohtas,Rice,Total,2.34,8.84,3772.0,Rice
Bihar,Rohtas,Wheat,Rabi,2.18,6.9,3167.0,Wheat
Bihar,Rohtas,Wheat,Total,2.18,6.9,3167.0,Wheat
Bihar,Rohtas,Maize,Rabi,0.01,0.03,4947.0,Maize (corn)
Bihar,Rohtas,Maize,Total,0.01,0.03,4947.0,Maize (corn)
Bihar,Rohtas,Gram,Rabi,0.02,0.02,1196.0,"Chick peas, dry"
Bihar,Rohtas,Gram,Total,0.02,0.02,1196.0,"Chick peas, dry"
Bihar,Rohtas,Lentil,Rabi,0.0,0.0,893.0,"Lentils, dry"
Bihar,Rohtas,Lentil,Total,0.0,0.0,893.0,"Lentils, dry"
Bihar,Saharsa,Rice,Kharif,0.71,1.23,1729.0,Rice
Bihar,Saharsa,Rice,Summer,0.0,0.01,1768.0,Rice
Bihar,Saharsa,Rice,Total,0.71,1.23,1729.0,Rice
Bihar,Saharsa,Wheat,Rabi,0.42,1.22,2935.0,Wheat
Bihar,Saharsa,Wheat,Total,0.42,1.22,2935.0,Wheat
Bihar,Saharsa,Maize,Kharif,0.01,0.02,2898.0,Maize (corn)
Bihar,Saharsa,Maize,Rabi,0.26,1.56,5893.0,Maize (corn)
Bihar,Saharsa,Maize,Summer,0.06,0.27,4616.0,Maize (corn)
Bihar,Saharsa,Maize,Total,0.33,1.85,5602.0,Maize (corn)
Bihar,Saharsa,Gram,Rabi,0.0,0.0,1045.0,"Chick peas, dry"
Bihar,Saharsa,Gram,Total,0.0,0.0,1045.0,"Chick peas, dry"
Bihar,Saharsa,Lentil,Rabi,0.01,0.01,973.0,"Lentils, dry"
Bihar,Saharsa,Lentil,Total,0.01,0.01,973.0,"Lentils, dry"
Bihar,Samastipur,Rice,Kharif,0.81,1.94,2406.0,Rice
Bihar,Samastipur,Rice,Summer,0.0,0.0,2984.0,Rice
Bihar,Samastipur,Rice,Total,0.81,1.94,2406.0,Rice
Bihar,Samastipur,Wheat,Rabi,0.5,1.86,3701.0,Wheat
Bihar,Samastipur,Wheat,Total,0.5,1.86,3701.0,Wheat
Bihar,Samastipur,Maize,Kharif,0.15,0.51,3363.0,Maize (corn)
Bihar,Samastipur,Maize,Rabi,0.24,1.36,5604.0,Maize (corn)
Bihar,Samastipur,Maize,Summer,0.19,0.63,3368.0,Maize (corn)
Bihar,Samastipur,Maize,Total,0.58,2.5,4300.0,Maize (corn)
Bihar,Samastipur,Gram,Rabi,0.0,0.0,1045.0,"Chick peas, dry"
Bihar,Samastipur,Gram,Total,0.0,0.0,1045.0,"Chick peas, dry"
Bihar,Samastipur,Lentil,Rabi,0.01,0.01,1083.0,"Lentils, dry"
Bihar,Samastipur,Lentil,Total,0.01,0.01,1083.0,"Lentils, dry"
Bihar,Saran,Rice,Kharif,0.6,1.32,2182.0,Rice
Bihar,Saran,Rice,Summer,0.0,0.0,2773.0,Rice
Bihar,Saran,Rice,Total,0.6,1.32,2183.0,Rice
Bihar,Saran,Wheat,Rabi,0.85,2.63,3087.0,Wheat
Bihar,Saran,Wheat,Total,0.85,2.63,3087.0,Wheat
Bihar,Saran,Maize,Kharif,0.09,0.32,3384.0,Maize (corn)
Bihar,Saran,Maize,Rabi,0.03,0.15,4347.0,Maize (corn)
Bihar,Saran,Maize,Summer,0.04,0.1,2757.0,Maize (corn)
Bihar,Saran,Maize,Total,0.17,0.57,3437.0,Maize (corn)
Bihar,Saran,Gram,Rabi,0.0,0.0,1045.0,"Chick peas, dry"
Bihar,Saran,Gram,Total,0.0,0.0,1045.0,"Chick peas, dry"
Bihar,Saran,Lentil,Rabi,0.0,0.0,1152.0,"Lentils, dry"
Bihar,Saran,Lentil,Total,0.0,0.0,1152.0,"Lentils, dry"
Bihar,Sheikhpura,Rice,Kharif,0.24,0.72,2944.0,Rice
Bihar,Sheikhpura,Rice,Summer,0.0,0.0,2875.0,Rice
Bihar,Sheikhpura,Rice,Total,0.24,0.72,2944.0,Rice
Bihar,Sheikhpura,Wheat,Rabi,0.22,0.56,2588.0,Wheat
Bihar,Sheikhpura,Wheat,Total,0.22,0.56,2588.0,Wheat
Bihar,Sheikhpura,Maize,Kharif,0.0,0.0,1958.0,Maize (corn)
Bihar,Sheikhpura,Maize,Rabi,0.0,0.01,6080.0,Maize (corn)
Bihar,Sheikhpura,Maize,Summer,0.0,0.01,5471.0,Maize (corn)
Bihar,Sheikhpura,Maize,Total,0.0,0.02,4390.0,Maize (corn)
Bihar,Sheikhpura,Gram,Rabi,0.01,0.01,1160.0,"Chick peas, dry"
Bihar,Sheikhpura,Gram,Total,0.01,0.01,1160.0,"Chick peas, dry"
Bihar,Sheikhpura,Lentil,Rabi,0.03,0.04,1312.0,"Lentils, dry"
Bihar,Sheikhpura,Lentil,Total,0.03,0.04,1312.0,"Lentils, dry"
Bihar,Sheohar,Rice,Kharif,0.21,0.41,1988.0,Rice
Bihar,Sheohar,Rice,Total,0.21,0.41,1988.0,Rice
Bihar,Sheohar,Wheat,Rabi,0.14,0.48,3392.0,Wheat
Bihar,Sheohar,Wheat,Total,0.14,0.48,3392.0,Wheat
Bihar,Sheohar,Maize,Kharif,0.0,0.0,3292.0,Maize (corn)
Bihar,Sheohar,Maize,Rabi,0.01,0.08,5721.0,Maize (corn)
Bihar,Sheohar,Maize,Total,0.01,0.08,5637.0,Maize (corn)
Bihar,Sheohar,Lentil,Rabi,0.01,0.01,1087.0,"Lentils, dry"
Bihar,Sheohar,Lentil,Total,0.01,0.01,1087.0,"Lentils, dry"
Bihar,Sitamarhi,Rice,Kharif,1.07,2.07,1925.0,Rice
Bihar,Sitamarhi,Rice,Total,1.07,2.07,1925.0,Rice
Bihar,Sitamarhi,Wheat,Rabi,0.92,3.25,3539.0,Wheat
Bihar,Sitamarhi,Wheat,Total,0.92,3.25,3539.0,Wheat
Bihar,Sitamarhi,Maize,Rabi,0.03,0.12,4737.0,Maize (corn)
Bihar,Sitamarhi,Maize,Summer,0.0,0.01,6436.0,Maize (corn)
Bihar,Sitamarhi,Maize,Total,0.03,0.13,4823.0,Maize (corn)
Bihar,Sitamarhi,Lentil,Rabi,0.12,0.11,976.0,"Lentils, dry"
Bihar,Sitamarhi,Lentil,Total,0.12,0.11,976.0,"Lentils, dry"
Bihar,Siwan,Rice,Kharif,0.88,2.15,2444.0,Rice
Bihar,Siwan,Rice,Summer,0.01,0.02,2744.0,Rice
Bihar,Siwan,Rice,Total,0.89,2.17,2447.0,Rice
Bihar,Siwan,Wheat,Rabi,0.84,3.0,3561.0,Wheat
Bihar,Siwan,Wheat,Total,0.84,3.0,3561.0,Wheat
Bihar,Siwan,Maize,Kharif,0.12,0.46,3947.0,Maize (corn)
Bihar,Siwan,Maize,Rabi,0.05,0.2,4302.0,Maize (corn)
Bihar,Siwan,Maize,Summer,0.01,0.05,4314.0,Maize (corn)
Bihar,Siwan,Maize,Total,0.17,0.71,4065.0,Maize (corn)
Bihar,Siwan,Gram,Rabi,0.0,0.0,1045.0,"Chick peas, dry"
Bihar,Siwan,Gram,Total,0.0,0.0,1045.0,"Chick peas, dry"
Bihar,Siwan,Lentil,Rabi,0.0,0.0,1152.0,"Lentils, dry"
Bihar,Siwan,Lentil,Total,0.0,0.0,1152.0,"Lentils, dry"
Bihar,Supaul,Rice,Kharif,1.07,2.4,2249.0,Rice
Bihar,Supaul,Rice,Summer,0.04,0.11,2780.0,Rice
Bihar,Supaul,Rice,Total,1.11,2.51,2268.0,Rice
Bihar,Supaul,Wheat,Rabi,0.58,1.83,3138.0,Wheat
Bihar,Supaul,Wheat,Total,0.58,1.83,3138.0,Wheat
Bihar,Supaul,Maize,Rabi,0.12,1.01,8128.0,Maize (corn)
Bihar,Supaul,Maize,Summer,0.07,0.39,5355.0,Maize (corn)
Bihar,Supaul,Maize,Total,0.2,1.4,7101.0,Maize (corn)
Bihar,Supaul,Gram,Rabi,0.0,0.0,1045.0,"Chick peas, dry"
Bihar,Supaul,Gram,Total,0.0,0.0,1045.0,"Chick peas, dry"
Bihar,Supaul,Lentil,Rabi,0.01,0.01,651.0,"Lentils, dry"
Bihar,Supaul,Lentil,Total,0.01,0.01,651.0,"Lentils, dry"
Bihar,Vaishali,Rice,Kharif,0.35,0.79,2244.0,Rice
Bihar,Vaishali,Rice,Summer,0.01,0.02,2745.0,Rice
Bihar,Vaishali,Rice,Total,0.36,0.81,2256.0,Rice
Bihar,Vaishali,Wheat,Rabi,0.35,1.17,3335.0,Wheat
Bihar,Vaishali,Wheat,Total,0.35,1.17,3335.0,Wheat
Bihar,Vaishali,Maize,Kharif,0.09,0.25,2931.0,Maize (corn)
Bihar,Vaishali,Maize,Rabi,0.05,0.24,4775.0,Maize (corn)
Bihar,Vaishali,Maize,Summer,0.15,0.61,4149.0,Maize (corn)
Bihar,Vaishali,Maize,Total,0.28,1.1,3893.0,Maize (corn)
Bihar,Vaishali,Gram,Rabi,0.0,0.0,1045.0,"Chick peas, dry"
Bihar,Vaishali,Gram,Total,0.0,0.0,1045.0,"Chick peas, dry"
Bihar,Vaishali,Lentil,Rabi,0.0,0.0,961.0,"Lentils, dry"
Bihar,Vaishali,Lentil,Total,0.0,0.0,961.0,"Lentils, dry"
Chandigarh,Chandigarh,Rice,Kharif,0.0,0.0,3667.0,Rice
Chandigarh,Chandigarh,Rice,Total,0.0,0.0,3667.0,Rice
Chandigarh,Chandigarh,Wheat,Rabi,0.01,0.03,5000.0,Wheat
Chandigarh,Chandigarh,Wheat,Total,0.01,0.03,5000.0,Wheat
Chandigarh,Chandigarh,Maize,Kharif,0.0,0.0,3000.0,Maize (corn)
Chandigarh,Chandigarh,Maize,Total,0.0,0.0,3000.0,Maize (corn)
Chhattisgarh,Balod,Rice,Kharif,1.68,7.0,4176.0,Rice
Chhattisgarh,Balod,Rice,Total,1.68,7.0,4176.0,Rice
Chhattisgarh,Balod,Wheat,Rabi,0.02,0.02,1486.0,Wheat
Chhattisgarh,Balod,Wheat,Total,0.02,0.02,1486.0,Wheat
Chhattisgarh,Balod,Maize,Kharif,0.0,0.01,2310.0,Maize (corn)
Chhattisgarh,Balod,Maize,Total,0.0,0.01,2310.0,Maize (corn)
Chhattisgarh,Balod,Gram,Rabi,0.13,0.16,1211.0,"Chick peas, dry"
Chhattisgarh,Balod,Gram,Total,0.13,0.16,1211.0,"Chick peas, dry"
Chhattisgarh,Balod,Lentil,Rabi,0.0,0.0,400.0,"Lentils, dry"
Chhattisgarh,Balod,Lentil,Total,0.0,0.0,400.0,"Lentils, dry"
Chhattisgarh,Balodabazar-Bhatapara,Rice,Kharif,1.82,5.4,2961.0,Rice
Chhattisgarh,Balodabazar-Bhatapara,Rice,Total,1.82,5.4,2961.0,Rice
Chhattisgarh,Balodabazar-Bhatapara,Wheat,Rabi,0.04,0.09,2047.0,Wheat
Chhattisgarh,Balodabazar-Bhatapara,Wheat,Total,0.04,0.09,2047.0,Wheat
Chhattisgarh,Balodabazar-Bhatapara,Maize,Kharif,0.0,0.0,2333.0,Maize (corn)
Chhattisgarh,Balodabazar-Bhatapara,Maize,Total,0.0,0.0,2333.0,Maize (corn)
Chhattisgarh,Balodabazar-Bhatapara,Gram,Rabi,0.0,0.0,1020.0,"Chick peas, dry"
Chhattisgarh,Balodabazar-Bhatapara,Gram,Total,0.0,0.0,1020.0,"Chick peas, dry"
Chhattisgarh,Balodabazar-Bhatapara,Lentil,Rabi,0.0,0.0,392.0,"Lentils, dry"
Chhattisgarh,Balodabazar-Bhatapara,Lentil,Total,0.0,0.0,392.0,"Lentils, dry"
Chhattisgarh,Balrampur-Ramanujganj,Rice,Kharif,0.84,2.15,2555.0,Rice
Chhattisgarh,Balrampur-Ramanujganj,Rice,Total,0.84,2.15,2555.0,Rice
Chhattisgarh,Balrampur-Ramanujganj,Wheat,Rabi,0.03,0.05,1710.0,Wheat
Chhattisgarh,Balrampur-Ramanujganj,Wheat,Total,0.03,0.05,1710.0,Wheat
Chhattisgarh,Balrampur-Ramanujganj,Maize,Kharif,0.28,0.81,2874.0,Maize (corn)
Chhattisgarh,Balrampur-Ramanujganj,Maize,Total,0.28,0.81,2874.0,Maize (corn)
Chhattisgarh,Balrampur-Ramanujganj,Gram,Rabi,0.0,0.0,827.0,"Chick peas, dry"
Chhattisgarh,Balrampur-Ramanujganj,Gram,Total,0.0,0.0,827.0,"Chick peas, dry"
Chhattisgarh,Balrampur-Ramanujganj,Lentil,Rabi,0.0,0.0,326.0,"Lentils, dry"
Chhattisgarh,Balrampur-Ramanujganj,Lentil,Total,0.0,0.0,326.0,"Lentils, dry"
Chhattisgarh,Bastar,Rice,Kharif,1.14,2.69,2372.0,Rice
Chhattisgarh,Bastar,Rice,Total,1.14,2.69,2372.0,Rice
Chhattisgarh,Bastar,Wheat,Rabi,0.0,0.0,1915.0,Wheat
Chhattisgarh,Bastar,Wheat,Total,0.0,0.0,1915.0,Wheat
Chhattisgarh,Bastar,Maize,Kharif,0.2,0.78,3916.0,Maize (corn)
Chhattisgarh,Bastar,Maize,Total,0.2,0.78,3916.0,Maize (corn)
Chhattisgarh,Bastar,Gram,Rabi,0.0,0.0,839.0,"Chick peas, dry"
Chhattisgarh,Bastar,Gram,Total,0.0,0.0,839.0,"Chick peas, dry"
Chhattisgarh,Bastar,Lentil,Rabi,0.0,0.0,266.0,"Lentils, dry"
Chhattisgarh,Bastar,Lentil,Total,0.0,0.0,266.0,"Lentils, dry"
Chhattisgarh,Bemetara,Rice,Kharif,2.08,6.0,2889.0,Rice
Chhattisgarh,Bemetara,Rice,Total,2.08,6.0,2889.0,Rice
Chhattisgarh,Bemetara,Wheat,Rabi,0.54,0.86,1602.0,Wheat
Chhattisgarh,Bemetara,Wheat,Total,0.54,0.86,1602.0,Wheat
Chhattisgarh,Bemetara,Maize,Kharif,0.01,0.01,2056.0,Maize (corn)
Chhattisgarh,Bemetara,Maize,Total,0.01,0.01,2056.0,Maize (corn)
Chhattisgarh,Bemetara,Gram,Rabi,0.44,0.35,813.0,"Chick peas, dry"
Chhattisgarh,Bemetara,Gram,Total,0.44,0.35,813.0,"Chick peas, dry"
Chhattisgarh,Bemetara,Lentil,Rabi,0.03,0.01,450.0,"Lentils, dry"
Chhattisgarh,Bemetara,Lentil,Total,0.03,0.01,450.0,"Lentils, dry"
Chhattisgarh,Bijapur,Rice,Kharif,0.76,1.31,1713.0,Rice
Chhattisgarh,Bijapur,Rice,Total,0.76,1.31,1713.0,Rice
Chhattisgarh,Bijapur,Maize,Kharif,0.0,0.01,2989.0,Maize (corn)
Chhattisgarh,Bijapur,Maize,Total,0.0,0.01,2989.0,Maize (corn)
Chhattisgarh,Bilaspur,Rice,Kharif,1.62,4.98,3073.0,Rice
Chhattisgarh,Bilaspur,Rice,Total,1.62,4.98,3073.0,Rice
Chhattisgarh,Bilaspur,Wheat,Rabi,0.02,0.04,1582.0,Wheat
Chhattisgarh,Bilaspur,Wheat,Total,0.02,0.04,1582.0,Wheat
Chhattisgarh,Bilaspur,Maize,Kharif,0.0,0.0,2415.0,Maize (corn)
Chhattisgarh,Bilaspur,Maize,Total,0.0,0.0,2415.0,Maize (corn)
Chhattisgarh,Bilaspur,Gram,Rabi,0.0,0.0,897.0,"Chick peas, dry"
Chhattisgarh,Bilaspur,Gram,Total,0.0,0.0,897.0,"Chick peas, dry"
Chhattisgarh,Bilaspur,Lentil,Rabi,0.0,0.0,377.0,"Lentils, dry"
Chhattisgarh,Bilaspur,Lentil,Total,0.0,0.0,377.0,"Lentils, dry"
Chhattisgarh,Dakshin Bastar Dantewada,Rice,Kharif,0.64,1.06,1665.0,Rice
Chhattisgarh,Dakshin Bastar Dantewada,Rice,Total,0.64,1.06,1665.0,Rice
Chhattisgarh,Dakshin Bastar Dantewada,Maize,Kharif,0.01,0.03,2905.0,Maize (corn)
Chhattisgarh,Dakshin Bastar Dantewada,Maize,Total,0.01,0.03,2905.0,Maize (corn)
Chhattisgarh,Dhamtari,Rice,Kharif,1.5,6.01,4015.0,Rice
Chhattisgarh,Dhamtari,Rice,Total,1.5,6.01,4015.0,Rice
Chhattisgarh,Dhamtari,Wheat,Rabi,0.01,0.01,1920.0,Wheat
Chhattisgarh,Dhamtari,Wheat,Total,0.01,0.01,1920.0,Wheat
Chhattisgarh,Dhamtari,Maize,Kharif,0.0,0.03,8157.0,Maize (corn)
Chhattisgarh,Dhamtari,Maize,Total,0.0,0.03,8157.0,Maize (corn)
Chhattisgarh,Dhamtari,Gram,Rabi,0.15,0.23,1517.0,"Chick peas, dry"
Chhattisgarh,Dhamtari,Gram,Total,0.15,0.23,1517.0,"Chick peas, dry"
Chhattisgarh,Dhamtari,Lentil,Rabi,0.0,0.0,406.0,"Lentils, dry"
Chhattisgarh,Dhamtari,Lentil,Total,0.0,0.0,406.0,"Lentils, dry"
Chhattisgarh,Durg,Rice,Kharif,1.27,3.31,2607.0,Rice
Chhattisgarh,Durg,Rice,Total,1.27,3.31,2607.0,Rice
Chhattisgarh,Durg,Wheat,Rabi,0.14,0.16,1187.0,Wheat
Chhattisgarh,Durg,Wheat,Total,0.14,0.16,1187.0,Wheat
Chhattisgarh,Durg,Maize,Kharif,0.01,0.02,2272.0,Maize (corn)
Chhattisgarh,Durg,Maize,Total,0.01,0.02,2272.0,Maize (corn)
Chhattisgarh,Durg,Gram,Rabi,0.11,0.11,989.0,"Chick peas, dry"
Chhattisgarh,Durg,Gram,Total,0.11,0.11,989.0,"Chick peas, dry"
Chhattisgarh,Durg,Lentil,Rabi,0.0,0.0,381.0,"Lentils, dry"
Chhattisgarh,Durg,Lentil,Total,0.0,0.0,381.0,"Lentils, dry"
Chhattisgarh,Gariyaband,Rice,Kharif,1.28,2.95,2310.0,Rice
Chhattisgarh,Gariyaband,Rice,Total,1.28,2.95,2310.0,Rice
Chhattisgarh,Gariyaband,Wheat,Rabi,0.0,0.0,1870.0,Wheat
Chhattisgarh,Gariyaband,Wheat,Total,0.0,0.0,1870.0,Wheat
Chhattisgarh,Gariyaband,Maize,Kharif,0.04,0.09,2544.0,Maize (corn)
Chhattisgarh,Gariyaband,Maize,Total,0.04,0.09,2544.0,Maize (corn)
Chhattisgarh,Gariyaband,Gram,Rabi,0.0,0.0,877.0,"Chick peas, dry"
Chhattisgarh,Gariyaband,Gram,Total,0.0,0.0,877.0,"Chick peas, dry"
Chhattisgarh,Gariyaband,Lentil,Rabi,0.0,0.0,377.0,"Lentils, dry"
Chhattisgarh,Gariyaband,Lentil,Total,0.0,0.0,377.0,"Lentils, dry"
Chhattisgarh,Gaurela-Pendra-Marwahi,Rice,Kharif,0.53,1.75,3283.0,Rice
Chhattisgarh,Gaurela-Pendra-Marwahi,Rice,Total,0.53,1.75,3283.0,Rice
Chhattisgarh,Gaurela-Pendra-Marwahi,Wheat,Rabi,0.01,0.02,1866.0,Wheat
Chhattisgarh,Gaurela-Pendra-Marwahi,Wheat,Total,0.01,0.02,1866.0,Wheat
Chhattisgarh,Gaurela-Pendra-Marwahi,Maize,Kharif,0.01,0.03,2819.0,Maize (corn)
Chhattisgarh,Gaurela-Pendra-Marwahi,Maize,Total,0.01,0.03,2819.0,Maize (corn)
Chhattisgarh,Gaurela-Pendra-Marwahi,Gram,Rabi,0.0,0.0,963.0,"Chick peas, dry"
Chhattisgarh,Gaurela-Pendra-Marwahi,Gram,Total,0.0,0.0,963.0,"Chick peas, dry"
Chhattisgarh,Gaurela-Pendra-Marwahi,Lentil,Rabi,0.0,0.0,362.0,"Lentils, dry"
Chhattisgarh,Gaurela-Pendra-Marwahi,Lentil,Total,0.0,0.0,362.0,"Lentils, dry"
Chhattisgarh,Janjgir-Champa,Rice,Kharif,1.49,4.77,3210.0,Rice
Chhattisgarh,Janjgir-Champa,Rice,Total,1.49,4.77,3210.0,Rice
Chhattisgarh,Janjgir-Champa,Wheat,Rabi,0.0,0.01,2234.0,Wheat
Chhattisgarh,Janjgir-Champa,Wheat,Total,0.0,0.01,2234.0,Wheat
Chhattisgarh,Janjgir-Champa,Maize,Kharif,0.0,0.0,3241.0,Maize (corn)
Chhattisgarh,Janjgir-Champa,Maize,Total,0.0,0.0,3241.0,Maize (corn)
Chhattisgarh,Janjgir-Champa,Gram,Rabi,0.0,0.0,1051.0,"Chick peas, dry"
Chhattisgarh,Janjgir-Champa,Gram,Total,0.0,0.0,1051.0,"Chick peas, dry"
Chhattisgarh,Jashpur,Rice,Kharif,1.52,2.32,1528.0,Rice
Chhattisgarh,Jashpur,Rice,Total,1.52,2.32,1528.0,Rice
Chhattisgarh,Jashpur,Wheat,Rabi,0.01,0.02,1795.0,Wheat
Chhattisgarh,Jashpur,Wheat,Total,0.01,0.02,1795.0,Wheat
Chhattisgarh,Jashpur,Maize,Kharif,0.07,0.18,2638.0,Maize (corn)
Chhattisgarh,Jashpur,Maize,Total,0.07,0.18,2638.0,Maize (corn)
Chhattisgarh,Jashpur,Gram,Rabi,0.0,0.0,865.0,"Chick peas, dry"
Chhattisgarh,Jashpur,Gram,Total,0.0,0.0,865.0,"Chick peas, dry"
Chhattisgarh,Jashpur,Lentil,Rabi,0.0,0.0,329.0,"Lentils, dry"
Chhattisgarh,Jashpur,Lentil,Total,0.0,0.0,329.0,"Lentils, dry"
Chhattisgarh,Kabeerdham,Rice,Kharif,1.18,2.71,2291.0,Rice
Chhattisgarh,Kabeerdham,Rice,Total,1.18,2.71,2291.0,Rice
Chhattisgarh,Kabeerdham,Wheat,Rabi,0.16,0.25,1520.0,Wheat
Chhattisgarh,Kabeerdham,Wheat,Total,0.16,0.25,1520.0,Wheat
Chhattisgarh,Kabeerdham,Maize,Kharif,0.01,0.03,2522.0,Maize (corn)
Chhattisgarh,Kabeerdham,Maize,Total,0.01,0.03,2522.0,Maize (corn)
Chhattisgarh,Kabeerdham,Gram,Rabi,0.69,0.65,944.0,"Chick peas, dry"
Chhattisgarh,Kabeerdham,Gram,Total,0.69,0.65,944.0,"Chick peas, dry"
Chhattisgarh,Kabeerdham,Lentil,Rabi,0.02,0.01,312.0,"Lentils, dry"
Chhattisgarh,Kabeerdham,Lentil,Total,0.02,0.01,312.0,"Lentils, dry"
Chhattisgarh,Khairagarh-Chhuikhadan-Gandai,Rice,Kharif,0.82,2.21,2694.0,Rice
Chhattisgarh,Khairagarh-Chhuikhadan-Gandai,Rice,Total,0.82,2.21,2694.0,Rice
Chhattisgarh,Khairagarh-Chhuikhadan-Gandai,Wheat,Rabi,0.15,0.24,1587.0,Wheat
Chhattisgarh,Khairagarh-Chhuikhadan-Gandai,Wheat,Total,0.15,0.24,1587.0,Wheat
Chhattisgarh,Khairagarh-Chhuikhadan-Gandai,Maize,Kharif,0.0,0.0,2848.0,Maize (corn)
Chhattisgarh,Khairagarh-Chhuikhadan-Gandai,Maize,Total,0.0,0.0,2848.0,Maize (corn)
Chhattisgarh,Khairagarh-Chhuikhadan-Gandai,Gram,Rabi,0.58,0.62,1069.0,"Chick peas, dry"
Chhattisgarh,Khairagarh-Chhuikhadan-Gandai,Gram,Total,0.58,0.62,1069.0,"Chick peas, dry"
Chhattisgarh,Khairagarh-Chhuikhadan-Gandai,Lentil,Rabi,0.02,0.01,352.0,"Lentils, dry"
Chhattisgarh,Khairagarh-Chhuikhadan-Gandai,Lentil,Total,0.02,0.01,352.0,"Lentils, dry"
Chhattisgarh,Kondagaon,Rice,Kharif,1.04,2.26,2179.0,Rice
Chhattisgarh,Kondagaon,Rice,Total,1.04,2.26,2179.0,Rice
Chhattisgarh,Kondagaon,Wheat,Rabi,0.0,0.0,1980.0,Wheat
Chhattisgarh,Kondagaon,Wheat,Total,0.0,0.0,1980.0,Wheat
Chhattisgarh,Kondagaon,Maize,Kharif,0.15,0.6,4043.0,Maize (corn)
Chhattisgarh,Kondagaon,Maize,Total,0.15,0.6,4043.0,Maize (corn)
Chhattisgarh,Kondagaon,Gram,Rabi,0.0,0.0,965.0,"Chick peas, dry"
Chhattisgarh,Kondagaon,Gram,Total,0.0,0.0,965.0,"Chick peas, dry"
Chhattisgarh,Kondagaon,Lentil,Rabi,0.0,0.0,502.0,"Lentils, dry"
Chhattisgarh,Kondagaon,Lentil,Total,0.0,0.0,502.0,"Lentils, dry"
Chhattisgarh,Korba,Rice,Kharif,1.03,1.91,1859.0,Rice
Chhattisgarh,Korba,Rice,Total,1.03,1.91,1859.0,Rice
Chhattisgarh,Korba,Wheat,Rabi,0.0,0.0,1432.0,Wheat
Chhattisgarh,Korba,Wheat,Total,0.0,0.0,1432.0,Wheat
Chhattisgarh,Korba,Maize,Kharif,0.02,0.04,2360.0,Maize (corn)
Chhattisgarh,Korba,Maize,Total,0.02,0.04,2360.0,Maize (corn)
Chhattisgarh,Korba,Gram,Rabi,0.0,0.0,818.0,"Chick peas, dry"
Chhattisgarh,Korba,Gram,Total,0.0,0.0,818.0,"Chick peas, dry"
Chhattisgarh,Korba,Lentil,Rabi,0.0,0.0,251.0,"Lentils, dry"
Chhattisgarh,Korba,Lentil,Total,0.0,0.0,251.0,"Lentils, dry"
Chhattisgarh,Korea,Rice,Kharif,0.38,0.76,2008.0,Rice
Chhattisgarh,Korea,Rice,Total,0.38,0.76,2008.0,Rice
Chhattisgarh,Korea,Wheat,Rabi,0.02,0.03,1684.0,Wheat
Chhattisgarh,Korea,Wheat,Total,0.02,0.03,1684.0,Wheat
Chhattisgarh,Korea,Maize,Kharif,0.02,0.04,2991.0,Maize (corn)
Chhattisgarh,Korea,Maize,Total,0.02,0.04,2991.0,Maize (corn)
Chhattisgarh,Korea,Gram,Rabi,0.0,0.0,813.0,"Chick peas, dry"
Chhattisgarh,Korea,Gram,Total,0.0,0.0,813.0,"Chick peas, dry"
Chhattisgarh,Korea,Lentil,Rabi,0.0,0.0,392.0,"Lentils, dry"
Chhattisgarh,Korea,Lentil,Total,0.0,0.0,392.0,"Lentils, dry"
Chhattisgarh,Mahasamund,Rice,Kharif,2.57,5.68,2208.0,Rice
Chhattisgarh,Mahasamund,Rice,Total,2.57,5.68,2208.0,Rice
Chhattisgarh,Mahasamund,Wheat,Rabi,0.01,0.01,1719.0,Wheat
Chhattisgarh,Mahasamund,Wheat,Total,0.01,0.01,1719.0,Wheat
Chhattisgarh,Mahasamund,Maize,Kharif,0.0,0.0,2169.0,Maize (corn)
Chhattisgarh,Mahasamund,Maize,Total,0.0,0.0,2169.0,Maize (corn)
Chhattisgarh,Mahasamund,Gram,Rabi,0.0,0.0,919.0,"Chick peas, dry"
Chhattisgarh,Mahasamund,Gram,Total,0.0,0.0,919.0,"Chick peas, dry"
Chhattisgarh,Mahasamund,Lentil,Rabi,0.0,0.0,388.0,"Lentils, dry"
Chhattisgarh,Mahasamund,Lentil,Total,0.0,0.0,388.0,"Lentils, dry"
Chhattisgarh,Manendragarh-Chirmiri-Bharatpur(M C B),Rice,Kharif,0.31,0.56,1786.0,Rice
Chhattisgarh,Manendragarh-Chirmiri-Bharatpur(M C B),Rice,Total,0.31,0.56,1786.0,Rice
Chhattisgarh,Manendragarh-Chirmiri-Bharatpur(M C B),Wheat,Rabi,0.01,0.03,1742.0,Wheat
Chhattisgarh,Manendragarh-Chirmiri-Bharatpur(M C B),Wheat,Total,0.01,0.03,1742.0,Wheat
Chhattisgarh,Manendragarh-Chirmiri-Bharatpur(M C B),Maize,Kharif,0.02,0.05,2907.0,Maize (corn)
Chhattisgarh,Manendragarh-Chirmiri-Bharatpur(M C B),Maize,Total,0.02,0.05,2907.0,Maize (corn)
Chhattisgarh,Manendragarh-Chirmiri-Bharatpur(M C B),Gram,Rabi,0.0,0.0,770.0,"Chick peas, dry"
Chhattisgarh,Manendragarh-Chirmiri-Bharatpur(M C B),Gram,Total,0.0,0.0,770.0,"Chick peas, dry"
Chhattisgarh,Manendragarh-Chirmiri-Bharatpur(M C B),Lentil,Rabi,0.0,0.0,357.0,"Lentils, dry"
Chhattisgarh,Manendragarh-Chirmiri-Bharatpur(M C B),Lentil,Total,0.0,0.0,357.0,"Lentils, dry"
Chhattisgarh,Mohla-Manpur-Ambagarh Chouki,Rice,Kharif,0.74,1.88,2543.0,Rice
Chhattisgarh,Mohla-Manpur-Ambagarh Chouki,Rice,Total,0.74,1.88,2543.0,Rice
Chhattisgarh,Mohla-Manpur-Ambagarh Chouki,Wheat,Rabi,0.0,0.0,1543.0,Wheat
Chhattisgarh,Mohla-Manpur-Ambagarh Chouki,Wheat,Total,0.0,0.0,1543.0,Wheat
Chhattisgarh,Mohla-Manpur-Ambagarh Chouki,Maize,Kharif,0.02,0.06,3305.0,Maize (corn)
Chhattisgarh,Mohla-Manpur-Ambagarh Chouki,Maize,Total,0.02,0.06,3305.0,Maize (corn)
Chhattisgarh,Mohla-Manpur-Ambagarh Chouki,Gram,Rabi,0.0,0.0,1173.0,"Chick peas, dry"
Chhattisgarh,Mohla-Manpur-Ambagarh Chouki,Gram,Total,0.0,0.0,1173.0,"Chick peas, dry"
Chhattisgarh,Mohla-Manpur-Ambagarh Chouki,Lentil,Rabi,0.0,0.0,388.0,"Lentils, dry"
Chhattisgarh,Mohla-Manpur-Ambagarh Chouki,Lentil,Total,0.0,0.0,388.0,"Lentils, dry"
Chhattisgarh,Mungeli,Rice,Kharif,1.18,3.44,2926.0,Rice
Chhattisgarh,Mungeli,Rice,Total,1.18,3.44,2926.0,Rice
Chhattisgarh,Mungeli,Wheat,Rabi,0.04,0.06,1506.0,Wheat
Chhattisgarh,Mungeli,Wheat,Total,0.04,0.06,1506.0,Wheat
Chhattisgarh,Mungeli,Maize,Kharif,0.0,0.0,2200.0,Maize (corn)
Chhattisgarh,Mungeli,Maize,Total,0.0,0.0,2200.0,Maize (corn)
Chhattisgarh,Mungeli,Gram,Rabi,0.1,0.09,975.0,"Chick peas, dry"
Chhattisgarh,Mungeli,Gram,Total,0.1,0.09,975.0,"Chick peas, dry"
Chhattisgarh,Mungeli,Lentil,Rabi,0.0,0.0,325.0,"Lentils, dry"
Chhattisgarh,Mungeli,Lentil,Total,0.0,0.0,325.0,"Lentils, dry"
Chhattisgarh,Narayanpur,Rice,Kharif,0.2,0.28,1376.0,Rice
Chhattisgarh,Narayanpur,Rice,Total,0.2,0.28,1376.0,Rice
Chhattisgarh,Narayanpur,Wheat,Rabi,0.0,0.0,3721.0,Wheat
Chhattisgarh,Narayanpur,Wheat,Total,0.0,0.0,3721.0,Wheat
Chhattisgarh,Narayanpur,Maize,Kharif,0.01,0.02,3024.0,Maize (corn)
Chhattisgarh,Narayanpur,Maize,Total,0.01,0.02,3024.0,Maize (corn)
Chhattisgarh,Narayanpur,Gram,Rabi,0.0,0.0,825.0,"Chick peas, dry"
Chhattisgarh,Narayanpur,Gram,Total,0.0,0.0,825.0,"Chick peas, dry"
Chhattisgarh,Narayanpur,Lentil,Rabi,0.0,0.0,502.0,"Lentils, dry"
Chhattisgarh,Narayanpur,Lentil,Total,0.0,0.0,502.0,"Lentils, dry"
Chhattisgarh,Raigarh,Rice,Kharif,1.53,3.59,2355.0,Rice
Chhattisgarh,Raigarh,Rice,Total,1.53,3.59,2355.0,Rice
Chhattisgarh,Raigarh,Wheat,Rabi,0.02,0.04,1834.0,Wheat
Chhattisgarh,Raigarh,Wheat,Total,0.02,0.04,1834.0,Wheat
Chhattisgarh,Raigarh,Maize,Kharif,0.01,0.05,3338.0,Maize (corn)
Chhattisgarh,Raigarh,Maize,Total,0.01,0.05,3338.0,Maize (corn)
Chhattisgarh,Raigarh,Gram,Rabi,0.0,0.0,925.0,"Chick peas, dry"
Chhattisgarh,Raigarh,Gram,Total,0.0,0.0,925.0,"Chick peas, dry"
Chhattisgarh,Raigarh,Lentil,Rabi,0.0,0.0,334.0,"Lentils, dry"
Chhattisgarh,Raigarh,Lentil,Total,0.0,0.0,334.0,"Lentils, dry"
Chhattisgarh,Raipur,Rice,Kharif,1.52,5.1,3358.0,Rice
Chhattisgarh,Raipur,Rice,Total,1.52,5.1,3358.0,Rice
Chhattisgarh,Raipur,Wheat,Rabi,0.03,0.06,2128.0,Wheat
Chhattisgarh,Raipur,Wheat,Total,0.03,0.06,2128.0,Wheat
Chhattisgarh,Raipur,Maize,Kharif,0.0,0.01,3373.0,Maize (corn)
Chhattisgarh,Raipur,Maize,Total,0.0,0.01,3373.0,Maize (corn)
Chhattisgarh,Raipur,Gram,Rabi,0.0,0.0,1129.0,"Chick peas, dry"
Chhattisgarh,Raipur,Gram,Total,0.0,0.0,1129.0,"Chick peas, dry"
Chhattisgarh,Raipur,Lentil,Rabi,0.0,0.0,652.0,"Lentils, dry"
Chhattisgarh,Raipur,Lentil,Total,0.0,0.0,652.0,"Lentils, dry"
Chhattisgarh,Rajnandgaon,Rice,Kharif,1.67,3.83,2286.0,Rice
Chhattisgarh,Rajnandgaon,Rice,Total,1.67,3.83,2286.0,Rice
Chhattisgarh,Rajnandgaon,Wheat,Rabi,0.09,0.11,1230.0,Wheat
Chhattisgarh,Rajnandgaon,Wheat,Total,0.09,0.11,1230.0,Wheat
Chhattisgarh,Rajnandgaon,Maize,Kharif,0.0,0.01,3571.0,Maize (corn)
Chhattisgarh,Rajnandgaon,Maize,Total,0.0,0.01,3571.0,Maize (corn)
Chhattisgarh,Rajnandgaon,Gram,Rabi,0.24,0.26,1104.0,"Chick peas, dry"
Chhattisgarh,Rajnandgaon,Gram,Total,0.24,0.26,1104.0,"Chick peas, dry"
Chhattisgarh,Rajnandgaon,Lentil,Rabi,0.03,0.01,417.0,"Lentils, dry"
Chhattisgarh,Rajnandgaon,Lentil,Total,0.03,0.01,417.0,"Lentils, dry"
Chhattisgarh,Sakti,Rice,Kharif,1.13,3.7,3292.0,Rice
Chhattisgarh,Sakti,Rice,Total,1.13,3.7,3292.0,Rice
Chhattisgarh,Sakti,Wheat,Rabi,0.01,0.01,2681.0,Wheat
Chhattisgarh,Sakti,Wheat,Total,0.01,0.01,2681.0,Wheat
Chhattisgarh,Sakti,Maize,Kharif,0.0,0.0,5054.0,Maize (corn)
Chhattisgarh,Sakti,Maize,Total,0.0,0.0,5054.0,Maize (corn)
Chhattisgarh,Sakti,Gram,Rabi,0.0,0.0,1257.0,"Chick peas, dry"
Chhattisgarh,Sakti,Gram,Total,0.0,0.0,1257.0,"Chick peas, dry"
Chhattisgarh,Sakti,Lentil,Rabi,0.0,0.0,419.0,"Lentils, dry"
Chhattisgarh,Sakti,Lentil,Total,0.0,0.0,419.0,"Lentils, dry"
Chhattisgarh,Sarangarh-Bilaigarh,Rice,Kharif,0.95,3.44,3624.0,Rice
Chhattisgarh,Sarangarh-Bilaigarh,Rice,Total,0.95,3.44,3624.0,Rice
Chhattisgarh,Sarangarh-Bilaigarh,Wheat,Rabi,0.0,0.01,2237.0,Wheat
Chhattisgarh,Sarangarh-Bilaigarh,Wheat,Total,0.0,0.01,2237.0,Wheat
Chhattisgarh,Sarangarh-Bilaigarh,Maize,Kharif,0.0,0.0,2588.0,Maize (corn)
Chhattisgarh,Sarangarh-Bilaigarh,Maize,Total,0.0,0.0,2588.0,Maize (corn)
Chhattisgarh,Sarangarh-Bilaigarh,Gram,Rabi,0.0,0.0,1000.0,"Chick peas, dry"
Chhattisgarh,Sarangarh-Bilaigarh,Gram,Total,0.0,0.0,1000.0,"Chick peas, dry"
Chhattisgarh,Sukma,Rice,Kharif,0.8,1.79,2237.0,Rice
Chhattisgarh,Sukma,Rice,Total,0.8,1.79,2237.0,Rice
Chhattisgarh,Sukma,Maize,Kharif,0.01,0.03,3767.0,Maize (corn)
Chhattisgarh,Sukma,Maize,Total,0.01,0.03,3767.0,Maize (corn)
Chhattisgarh,Sukma,Gram,Rabi,0.0,0.0,1000.0,"Chick peas, dry"
Chhattisgarh,Sukma,Gram,Total,0.0,0.0,1000.0,"Chick peas, dry"
Chhattisgarh,Surajpur,Rice,Kharif,1.07,2.21,2061.0,Rice
Chhattisgarh,Surajpur,Rice,Total,1.07,2.21,2061.0,Rice
Chhattisgarh,Surajpur,Wheat,Rabi,0.05,0.1,1792.0,Wheat
Chhattisgarh,Surajpur,Wheat,Total,0.05,0.1,1792.0,Wheat
Chhattisgarh,Surajpur,Maize,Kharif,0.08,0.24,2994.0,Maize (corn)
Chhattisgarh,Surajpur,Maize,Total,0.08,0.24,2994.0,Maize (corn)
Chhattisgarh,Surajpur,Gram,Rabi,0.01,0.0,855.0,"Chick peas, dry"
Chhattisgarh,Surajpur,Gram,Total,0.01,0.0,855.0,"Chick peas, dry"
Chhattisgarh,Surajpur,Lentil,Rabi,0.0,0.0,370.0,"Lentils, dry"
Chhattisgarh,Surajpur,Lentil,Total,0.0,0.0,370.0,"Lentils, dry"
Chhattisgarh,Surguja,Rice,Kharif,1.04,2.17,2091.0,Rice
Chhattisgarh,Surguja,Rice,Total,1.04,2.17,2091.0,Rice
Chhattisgarh,Surguja,Wheat,Rabi,0.05,0.12,2272.0,Wheat
Chhattisgarh,Surguja,Wheat,Total,0.05,0.12,2272.0,Wheat
Chhattisgarh,Surguja,Maize,Kharif,0.1,0.27,2772.0,Maize (corn)
Chhattisgarh,Surguja,Maize,Total,0.1,0.27,2772.0,Maize (corn)
Chhattisgarh,Surguja,Gram,Rabi,0.01,0.01,793.0,"Chick peas, dry"
Chhattisgarh,Surguja,Gram,Total,0.01,0.01,793.0,"Chick peas, dry"
Chhattisgarh,Surguja,Lentil,Rabi,0.01,0.0,443.0,"Lentils, dry"
Chhattisgarh,Surguja,Lentil,Total,0.01,0.0,443.0,"Lentils, dry"
Chhattisgarh,Uttar Bastar Kanker,Rice,Kharif,1.73,4.43,2558.0,Rice
Chhattisgarh,Uttar Bastar Kanker,Rice,Total,1.73,4.43,2558.0,Rice
Chhattisgarh,Uttar Bastar Kanker,Wheat,Rabi,0.0,0.0,1982.0,Wheat
Chhattisgarh,Uttar Bastar Kanker,Wheat,Total,0.0,0.0,1982.0,Wheat
Chhattisgarh,Uttar Bastar Kanker,Maize,Kharif,0.04,0.16,3589.0,Maize (corn)
Chhattisgarh,Uttar Bastar Kanker,Maize,Total,0.04,0.16,3589.0,Maize (corn)
Chhattisgarh,Uttar Bastar Kanker,Gram,Rabi,0.0,0.0,1759.0,"Chick peas, dry"
Chhattisgarh,Uttar Bastar Kanker,Gram,Total,0.0,0.0,1759.0,"Chick peas, dry"
Chhattisgarh,Uttar Bastar Kanker,Lentil,Rabi,0.0,0.0,302.0,"Lentils, dry"
Chhattisgarh,Uttar Bastar Kanker,Lentil,Total,0.0,0.0,302.0,"Lentils, dry"
Goa,North Goa,Rice,Kharif,0.11,0.27,2537.0,Rice
Goa,North Goa,Rice,Rabi,0.02,0.07,3029.0,Rice
Goa,North Goa,Rice,Total,0.13,0.34,2622.0,Rice
Goa,South Goa,Rice,Kharif,0.13,0.25,1878.0,Rice
Goa,South Goa,Rice,Rabi,0.07,0.18,2765.0,Rice
Goa,South Goa,Rice,Total,0.2,0.43,2170.0,Rice
Gujarat,Ahmedabad,Rice,Kharif,1.51,3.54,2342.0,Rice
Gujarat,Ahmedabad,Rice,Summer,0.44,1.27,2926.0,Rice
Gujarat,Ahmedabad,Rice,Total,1.95,4.81,2473.0,Rice
Gujarat,Ahmedabad,Wheat,Rabi,1.41,3.18,2254.0,Wheat
Gujarat,Ahmedabad,Wheat,Total,1.41,3.18,2254.0,Wheat
Gujarat,Ahmedabad,Gram,Rabi,0.43,0.46,1067.0,"Chick peas, dry"
Gujarat,Ahmedabad,Gram,Total,0.43,0.46,1067.0,"Chick peas, dry"
Gujarat,Amreli,Wheat,Rabi,0.42,1.5,3538.0,Wheat
Gujarat,Amreli,Wheat,Total,0.42,1.5,3538.0,Wheat
Gujarat,Amreli,Gram,Rabi,0.94,1.69,1809.0,"Chick peas, dry"
Gujarat,Amreli,Gram,Total,0.94,1.69,1809.0,"Chick peas, dry"
Gujarat,Anand,Rice,Kharif,1.22,3.22,2647.0,Rice
Gujarat,Anand,Rice,Summer,0.22,0.63,2928.0,Rice
Gujarat,Anand,Rice,Total,1.43,3.86,2689.0,Rice
Gujarat,Anand,Wheat,Rabi,0.33,0.93,2833.0,Wheat
Gujarat,Anand,Wheat,Total,0.33,0.93,2833.0,Wheat
Gujarat,Anand,Maize,Kharif,0.0,0.0,1474.0,Maize (corn)
Gujarat,Anand,Maize,Total,0.0,0.0,1474.0,Maize (corn)
Gujarat,Anand,Gram,Rabi,0.07,0.07,952.0,"Chick peas, dry"
Gujarat,Anand,Gram,Total,0.07,0.07,952.0,"Chick peas, dry"
Gujarat,Arvalli,Rice,Kharif,0.01,0.02,2123.0,Rice
Gujarat,Arvalli,Rice,Total,0.01,0.02,2123.0,Rice
Gujarat,Arvalli,Wheat,Rabi,0.79,2.1,2652.0,Wheat
Gujarat,Arvalli,Wheat,Total,0.79,2.1,2652.0,Wheat
Gujarat,Arvalli,Maize,Kharif,0.3,0.78,2627.0,Maize (corn)
Gujarat,Arvalli,Maize,Rabi,0.11,0.35,3187.0,Maize (corn)
Gujarat,Arvalli,Maize,Summer,0.0,0.0,2728.0,Maize (corn)
Gujarat,Arvalli,Maize,Total,0.41,1.14,2777.0,Maize (corn)
Gujarat,Arvalli,Gram,Rabi,0.1,0.14,1326.0,"Chick peas, dry"
Gujarat,Arvalli,Gram,Total,0.1,0.14,1326.0,"Chick peas, dry"
Gujarat,Banas Kantha,Wheat,Rabi,0.63,1.79,2832.0,Wheat
Gujarat,Banas Kantha,Wheat,Total,0.63,1.79,2832.0,Wheat
Gujarat,Banas Kantha,Maize,Kharif,0.1,0.24,2417.0,Maize (corn)
Gujarat,Banas Kantha,Maize,Rabi,0.02,0.07,2656.0,Maize (corn)
Gujarat,Banas Kantha,Maize,Summer,0.02,0.04,2051.0,Maize (corn)
Gujarat,Banas Kantha,Maize,Total,0.14,0.34,2411.0,Maize (corn)
Gujarat,Banas Kantha,Gram,Rabi,0.0,0.01,1841.0,"Chick peas, dry"
Gujarat,Banas Kantha,Gram,Total,0.0,0.01,1841.0,"Chick peas, dry"
Gujarat,Bharuch,Rice,Kharif,0.1,0.17,1634.0,Rice
Gujarat,Bharuch,Rice,Summer,0.09,0.26,2974.0,Rice
Gujarat,Bharuch,Rice,Total,0.19,0.44,2249.0,Rice
Gujarat,Bharuch,Wheat,Rabi,0.18,0.36,1933.0,Wheat
Gujarat,Bharuch,Wheat,Total,0.18,0.36,1933.0,Wheat
Gujarat,Bharuch,Maize,Kharif,0.01,0.01,1474.0,Maize (corn)
Gujarat,Bharuch,Maize,Rabi,0.0,0.0,2656.0,Maize (corn)
Gujarat,Bharuch,Maize,Total,0.01,0.02,1669.0,Maize (corn)
Gujarat,Bharuch,Gram,Rabi,0.01,0.01,1038.0,"Chick peas, dry"
Gujarat,Bharuch,Gram,Total,0.01,0.01,1038.0,"Chick peas, dry"
Gujarat,Bhavnagar,Wheat,Rabi,0.32,1.09,3412.0,Wheat
Gujarat,Bhavnagar,Wheat,Total,0.32,1.09,3412.0,Wheat
Gujarat,Bhavnagar,Maize,Kharif,0.0,0.0,1474.0,Maize (corn)
Gujarat,Bhavnagar,Maize,Rabi,0.01,0.02,2656.0,Maize (corn)
Gujarat,Bhavnagar,Maize,Summer,0.0,0.0,2022.0,Maize (corn)
Gujarat,Bhavnagar,Maize,Total,0.01,0.03,2530.0,Maize (corn)
Gujarat,Bhavnagar,Gram,Rabi,0.22,0.5,2310.0,"Chick peas, dry"
Gujarat,Bhavnagar,Gram,Total,0.22,0.5,2310.0,"Chick peas, dry"
Gujarat,Botad,Rice,Kharif,0.0,0.0,2431.0,Rice
Gujarat,Botad,Rice,Total,0.0,0.0,2431.0,Rice
Gujarat,Botad,Wheat,Rabi,0.22,0.74,3409.0,Wheat
Gujarat,Botad,Wheat,Total,0.22,0.74,3409.0,Wheat
Gujarat,Botad,Maize,Summer,0.0,0.0,2500.0,Maize (corn)
Gujarat,Botad,Maize,Total,0.0,0.0,2500.0,Maize (corn)
Gujarat,Botad,Gram,Rabi,0.25,0.62,2518.0,"Chick peas, dry"
Gujarat,Botad,Gram,Total,0.25,0.62,2518.0,"Chick peas, dry"
Gujarat,Chhotaudepur,Rice,Kharif,0.17,0.26,1556.0,Rice
Gujarat,Chhotaudepur,Rice,Total,0.17,0.26,1556.0,Rice
Gujarat,Chhotaudepur,Wheat,Rabi,0.01,0.02,2944.0,Wheat
Gujarat,Chhotaudepur,Wheat,Total,0.01,0.02,2944.0,Wheat
Gujarat,Chhotaudepur,Maize,Kharif,0.12,0.12,946.0,Maize (corn)
Gujarat,Chhotaudepur,Maize,Rabi,0.23,0.66,2801.0,Maize (corn)
Gujarat,Chhotaudepur,Maize,Summer,0.0,0.0,1500.0,Maize (corn)
Gujarat,Chhotaudepur,Maize,Total,0.36,0.78,2153.0,Maize (corn)
Gujarat,Chhotaudepur,Gram,Rabi,0.01,0.01,1521.0,"Chick peas, dry"
Gujarat,Chhotaudepur,Gram,Total,0.01,0.01,1521.0,"Chick peas, dry"
Gujarat,Dahod,Rice,Kharif,0.38,0.7,1856.0,Rice
Gujarat,Dahod,Rice,Total,0.38,0.7,1856.0,Rice
Gujarat,Dahod,Wheat,Rabi,0.55,1.25,2264.0,Wheat
Gujarat,Dahod,Wheat,Total,0.55,1.25,2264.0,Wheat
Gujarat,Dahod,Maize,Kharif,1.23,1.36,1106.0,Maize (corn)
Gujarat,Dahod,Maize,Rabi,0.35,0.91,2604.0,Maize (corn)
Gujarat,Dahod,Maize,Total,1.58,2.27,1437.0,Maize (corn)
Gujarat,Dahod,Gram,Rabi,0.48,0.68,1417.0,"Chick peas, dry"
Gujarat,Dahod,Gram,Total,0.48,0.68,1417.0,"Chick peas, dry"
Gujarat,Dangs,Rice,Kharif,0.31,0.44,1437.0,Rice
Gujarat,Dangs,Rice,Summer,0.0,0.0,2738.0,Rice
Gujarat,Dangs,Rice,Total,0.31,0.45,1442.0,Rice
Gujarat,Dangs,Wheat,Rabi,0.0,0.0,917.0,Wheat
Gujarat,Dangs,Wheat,Total,0.0,0.0,917.0,Wheat
Gujarat,Dangs,Maize,Kharif,0.0,0.0,1474.0,Maize (corn)
Gujarat,Dangs,Maize,Rabi,0.0,0.0,2656.0,Maize (corn)
Gujarat,Dangs,Maize,Total,0.01,0.01,1876.0,Maize (corn)
Gujarat,Dangs,Gram,Rabi,0.13,0.13,946.0,"Chick peas, dry"
Gujarat,Dangs,Gram,Total,0.13,0.13,946.0,"Chick peas, dry"
Gujarat,Devbhumi Dwarka,Wheat,Rabi,0.13,0.46,3643.0,Wheat
Gujarat,Devbhumi Dwarka,Wheat,Total,0.13,0.46,3643.0,Wheat
Gujarat,Devbhumi Dwarka,Gram,Rabi,0.67,1.28,1906.0,"Chick peas, dry"
Gujarat,Devbhumi Dwarka,Gram,Total,0.67,1.28,1906.0,"Chick peas, dry"
Gujarat,Gandhinagar,Rice,Kharif,0.12,0.27,2244.0,Rice
Gujarat,Gandhinagar,Rice,Summer,0.0,0.0,2738.0,Rice
Gujarat,Gandhinagar,Rice,Total,0.12,0.28,2248.0,Rice
Gujarat,Gandhinagar,Wheat,Rabi,0.27,0.89,3256.0,Wheat
Gujarat,Gandhinagar,Wheat,Total,0.27,0.89,3256.0,Wheat
Gujarat,Gandhinagar,Maize,Rabi,0.0,0.0,2656.0,Maize (corn)
Gujarat,Gandhinagar,Maize,Total,0.0,0.0,2656.0,Maize (corn)
Gujarat,Gandhinagar,Gram,Rabi,0.01,0.02,1651.0,"Chick peas, dry"
Gujarat,Gandhinagar,Gram,Total,0.01,0.02,1651.0,"Chick peas, dry"
Gujarat,Gir Somnath,Rice,Kharif,0.0,0.0,2012.0,Rice
Gujarat,Gir Somnath,Rice,Total,0.0,0.0,2012.0,Rice
Gujarat,Gir Somnath,Wheat,Rabi,0.44,1.74,3921.0,Wheat
Gujarat,Gir Somnath,Wheat,Total,0.44,1.74,3921.0,Wheat
Gujarat,Gir Somnath,Gram,Rabi,0.22,0.48,2180.0,"Chick peas, dry"
Gujarat,Gir Somnath,Gram,Total,0.22,0.48,2180.0,"Chick peas, dry"
Gujarat,Jamnagar,Wheat,Rabi,0.34,1.29,3795.0,Wheat
Gujarat,Jamnagar,Wheat,Total,0.34,1.29,3795.0,Wheat
Gujarat,Jamnagar,Gram,Rabi,0.79,1.65,2083.0,"Chick peas, dry"
Gujarat,Jamnagar,Gram,Total,0.79,1.65,2083.0,"Chick peas, dry"
Gujarat,Junagadh,Wheat,Rabi,1.0,3.74,3723.0,Wheat
Gujarat,Junagadh,Wheat,Total,1.0,3.74,3723.0,Wheat
Gujarat,Junagadh,Gram,Rabi,0.89,1.63,1832.0,"Chick peas, dry"
Gujarat,Junagadh,Gram,Total,0.89,1.63,1832.0,"Chick peas, dry"
Gujarat,Kachchh,Wheat,Rabi,0.35,1.0,2817.0,Wheat
Gujarat,Kachchh,Wheat,Total,0.35,1.0,2817.0,Wheat
Gujarat,Kachchh,Maize,Rabi,0.0,0.0,2656.0,Maize (corn)
Gujarat,Kachchh,Maize,Summer,0.0,0.0,2340.0,Maize (corn)
Gujarat,Kachchh,Maize,Total,0.0,0.01,2450.0,Maize (corn)
Gujarat,Kachchh,Gram,Rabi,0.01,0.02,1841.0,"Chick peas, dry"
Gujarat,Kachchh,Gram,Total,0.01,0.02,1841.0,"Chick peas, dry"
Gujarat,Kheda,Rice,Kharif,1.16,2.95,2548.0,Rice
Gujarat,Kheda,Rice,Summer,0.18,0.45,2520.0,Rice
Gujarat,Kheda,Rice,Total,1.33,3.4,2545.0,Rice
Gujarat,Kheda,Wheat,Rabi,0.53,1.46,2743.0,Wheat
Gujarat,Kheda,Wheat,Total,0.53,1.46,2743.0,Wheat
Gujarat,Kheda,Maize,Kharif,0.0,0.0,1474.0,Maize (corn)
Gujarat,Kheda,Maize,Rabi,0.0,0.0,2656.0,Maize (corn)
Gujarat,Kheda,Maize,Summer,0.0,0.0,2276.0,Maize (corn)
Gujarat,Kheda,Maize,Total,0.0,0.01,1832.0,Maize (corn)
Gujarat,Kheda,Gram,Rabi,0.02,0.03,1988.0,"Chick peas, dry"
Gujarat,Kheda,Gram,Total,0.02,0.03,1988.0,"Chick peas, dry"
Gujarat,Mahesana,Rice,Kharif,0.08,0.18,2260.0,Rice
Gujarat,Mahesana,Rice,Summer,0.0,0.01,2738.0,Rice
Gujarat,Mahesana,Rice,Total,0.08,0.19,2273.0,Rice
Gujarat,Mahesana,Wheat,Rabi,0.63,1.95,3090.0,Wheat
Gujarat,Mahesana,Wheat,Total,0.63,1.95,3090.0,Wheat
Gujarat,Mahesana,Maize,Kharif,0.0,0.0,1474.0,Maize (corn)
Gujarat,Mahesana,Maize,Rabi,0.0,0.01,2655.0,Maize (corn)
Gujarat,Mahesana,Maize,Summer,0.0,0.0,2181.0,Maize (corn)
Gujarat,Mahesana,Maize,Total,0.01,0.01,1992.0,Maize (corn)
Gujarat,Mahesana,Gram,Rabi,0.01,0.02,2065.0,"Chick peas, dry"
Gujarat,Mahesana,Gram,Total,0.01,0.02,2065.0,"Chick peas, dry"
Gujarat,Mahisagar,Rice,Kharif,0.41,1.04,2505.0,Rice
Gujarat,Mahisagar,Rice,Summer,0.0,0.01,2738.0,Rice
Gujarat,Mahisagar,Rice,Total,0.42,1.04,2506.0,Rice
Gujarat,Mahisagar,Wheat,Rabi,0.25,0.64,2591.0,Wheat
Gujarat,Mahisagar,Wheat,Total,0.25,0.64,2591.0,Wheat
Gujarat,Mahisagar,Maize,Kharif,0.26,0.55,2090.0,Maize (corn)
Gujarat,Mahisagar,Maize,Rabi,0.14,0.3,2205.0,Maize (corn)
Gujarat,Mahisagar,Maize,Summer,0.0,0.0,2010.0,Maize (corn)
Gujarat,Mahisagar,Maize,Total,0.4,0.86,2129.0,Maize (corn)
Gujarat,Mahisagar,Gram,Rabi,0.13,0.18,1432.0,"Chick peas, dry"
Gujarat,Mahisagar,Gram,Total,0.13,0.18,1432.0,"Chick peas, dry"
Gujarat,Morbi,Wheat,Rabi,0.61,2.07,3395.0,Wheat
Gujarat,Morbi,Wheat,Total,0.61,2.07,3395.0,Wheat
Gujarat,Morbi,Gram,Rabi,0.24,0.4,1649.0,"Chick peas, dry"
Gujarat,Morbi,Gram,Total,0.24,0.4,1649.0,"Chick peas, dry"
Gujarat,Narmada,Rice,Kharif,0.11,0.11,1000.0,Rice
Gujarat,Narmada,Rice,Total,0.11,0.11,1000.0,Rice
Gujarat,Narmada,Wheat,Rabi,0.03,0.07,2538.0,Wheat
Gujarat,Narmada,Wheat,Total,0.03,0.07,2538.0,Wheat
Gujarat,Narmada,Maize,Kharif,0.1,0.19,1832.0,Maize (corn)
Gujarat,Narmada,Maize,Rabi,0.06,0.12,2190.0,Maize (corn)
Gujarat,Narmada,Maize,Summer,0.0,0.01,2272.0,Maize (corn)
Gujarat,Narmada,Maize,Total,0.16,0.32,1964.0,Maize (corn)
Gujarat,Narmada,Gram,Rabi,0.01,0.01,1420.0,"Chick peas, dry"
Gujarat,Narmada,Gram,Total,0.01,0.01,1420.0,"Chick peas, dry"
Gujarat,Navsari,Rice,Kharif,0.46,1.32,2905.0,Rice
Gujarat,Navsari,Rice,Summer,0.05,0.16,2971.0,Rice
Gujarat,Navsari,Rice,Total,0.51,1.48,2912.0,Rice
Gujarat,Navsari,Wheat,Rabi,0.0,0.0,3058.0,Wheat
Gujarat,Navsari,Wheat,Total,0.0,0.0,3058.0,Wheat
Gujarat,Navsari,Maize,Kharif,0.0,0.0,1474.0,Maize (corn)
Gujarat,Navsari,Maize,Rabi,0.0,0.0,2656.0,Maize (corn)
Gujarat,Navsari,Maize,Summer,0.0,0.0,1004.0,Maize (corn)
Gujarat,Navsari,Maize,Total,0.0,0.0,2486.0,Maize (corn)
Gujarat,Navsari,Gram,Rabi,0.02,0.02,866.0,"Chick peas, dry"
Gujarat,Navsari,Gram,Total,0.02,0.02,866.0,"Chick peas, dry"
Gujarat,Panch Mahals,Rice,Kharif,0.49,0.92,1871.0,Rice
Gujarat,Panch Mahals,Rice,Summer,0.03,0.06,2000.0,Rice
Gujarat,Panch Mahals,Rice,Total,0.52,0.98,1878.0,Rice
Gujarat,Panch Mahals,Wheat,Rabi,0.14,0.34,2517.0,Wheat
Gujarat,Panch Mahals,Wheat,Total,0.14,0.34,2517.0,Wheat
Gujarat,Panch Mahals,Maize,Kharif,0.55,0.64,1169.0,Maize (corn)
Gujarat,Panch Mahals,Maize,Rabi,0.32,0.84,2658.0,Maize (corn)
Gujarat,Panch Mahals,Maize,Summer,0.0,0.01,2490.0,Maize (corn)
Gujarat,Panch Mahals,Maize,Total,0.87,1.49,1716.0,Maize (corn)
Gujarat,Panch Mahals,Gram,Rabi,0.02,0.04,1841.0,"Chick peas, dry"
Gujarat,Panch Mahals,Gram,Total,0.02,0.04,1841.0,"Chick peas, dry"
Gujarat,Patan,Wheat,Rabi,0.38,0.97,2563.0,Wheat
Gujarat,Patan,Wheat,Total,0.38,0.97,2563.0,Wheat
Gujarat,Patan,Gram,Rabi,0.64,0.93,1446.0,"Chick peas, dry"
Gujarat,Patan,Gram,Total,0.64,0.93,1446.0,"Chick peas, dry"
Gujarat,Porbandar,Wheat,Rabi,0.28,0.89,3169.0,Wheat
Gujarat,Porbandar,Wheat,Total,0.28,0.89,3169.0,Wheat
Gujarat,Porbandar,Gram,Rabi,0.4,0.99,2442.0,"Chick peas, dry"
Gujarat,Porbandar,Gram,Total,0.4,0.99,2442.0,"Chick peas, dry"
Gujarat,Rajkot,Wheat,Rabi,1.03,3.95,3858.0,Wheat
Gujarat,Rajkot,Wheat,Total,1.03,3.95,3858.0,Wheat
Gujarat,Rajkot,Maize,Kharif,0.0,0.0,1474.0,Maize (corn)
Gujarat,Rajkot,Maize,Total,0.0,0.0,1474.0,Maize (corn)
Gujarat,Rajkot,Gram,Rabi,1.1,2.57,2334.0,"Chick peas, dry"
Gujarat,Rajkot,Gram,Total,1.1,2.57,2334.0,"Chick peas, dry"
Gujarat,Sabar Kantha,Rice,Kharif,0.07,0.22,3056.0,Rice
Gujarat,Sabar Kantha,Rice,Total,0.07,0.22,3056.0,Rice
Gujarat,Sabar Kantha,Wheat,Rabi,0.78,2.32,2962.0,Wheat
Gujarat,Sabar Kantha,Wheat,Total,0.78,2.32,2962.0,Wheat
Gujarat,Sabar Kantha,Maize,Kharif,0.08,0.18,2108.0,Maize (corn)
Gujarat,Sabar Kantha,Maize,Rabi,0.02,0.06,3084.0,Maize (corn)
Gujarat,Sabar Kantha,Maize,Summer,0.02,0.04,2250.0,Maize (corn)
Gujarat,Sabar Kantha,Maize,Total,0.12,0.27,2276.0,Maize (corn)
Gujarat,Sabar Kantha,Gram,Rabi,0.04,0.08,1954.0,"Chick peas, dry"
Gujarat,Sabar Kantha,Gram,Total,0.04,0.08,1954.0,"Chick peas, dry"
Gujarat,Surat,Rice,Kharif,0.46,0.95,2048.0,Rice
Gujarat,Surat,Rice,Summer,0.19,0.45,2360.0,Rice
Gujarat,Surat,Rice,Total,0.65,1.39,2139.0,Rice
Gujarat,Surat,Wheat,Rabi,0.03,0.08,2470.0,Wheat
Gujarat,Surat,Wheat,Total,0.03,0.08,2470.0,Wheat
Gujarat,Surat,Maize,Kharif,0.07,0.1,1321.0,Maize (corn)
Gujarat,Surat,Maize,Rabi,0.01,0.03,2656.0,Maize (corn)
Gujarat,Surat,Maize,Summer,0.01,0.01,1831.0,Maize (corn)
Gujarat,Surat,Maize,Total,0.09,0.14,1548.0,Maize (corn)
Gujarat,Surat,Gram,Rabi,0.01,0.02,1841.0,"Chick peas, dry"
Gujarat,Surat,Gram,Total,0.01,0.02,1841.0,"Chick peas, dry"
Gujarat,Surendranagar,Rice,Kharif,0.03,0.03,1056.0,Rice
Gujarat,Surendranagar,Rice,Summer,0.01,0.04,2738.0,Rice
Gujarat,Surendranagar,Rice,Total,0.04,0.07,1621.0,Rice
Gujarat,Surendranagar,Wheat,Rabi,0.48,1.24,2574.0,Wheat
Gujarat,Surendranagar,Wheat,Total,0.48,1.24,2574.0,Wheat
Gujarat,Surendranagar,Gram,Rabi,0.54,0.88,1626.0,"Chick peas, dry"
Gujarat,Surendranagar,Gram,Total,0.54,0.88,1626.0,"Chick peas, dry"
Gujarat,Tapi,Rice,Kharif,0.69,2.06,2997.0,Rice
Gujarat,Tapi,Rice,Summer,0.01,0.04,3392.0,Rice
Gujarat,Tapi,Rice,Total,0.7,2.11,3004.0,Rice
Gujarat,Tapi,Wheat,Rabi,0.04,0.1,2533.0,Wheat
Gujarat,Tapi,Wheat,Total,0.04,0.1,2533.0,Wheat
Gujarat,Tapi,Maize,Kharif,0.02,0.03,1970.0,Maize (corn)
Gujarat,Tapi,Maize,Rabi,0.01,0.02,2656.0,Maize (corn)
Gujarat,Tapi,Maize,Summer,0.01,0.04,2534.0,Maize (corn)
Gujarat,Tapi,Maize,Total,0.04,0.09,2334.0,Maize (corn)
Gujarat,Tapi,Gram,Rabi,0.05,0.05,1097.0,"Chick peas, dry"
Gujarat,Tapi,Gram,Total,0.05,0.05,1097.0,"Chick peas, dry"
Gujarat,Vadodara,Rice,Kharif,0.33,0.66,1984.0,Rice
Gujarat,Vadodara,Rice,Summer,0.05,0.11,2088.0,Rice
Gujarat,Vadodara,Rice,Total,0.38,0.76,1998.0,Rice
Gujarat,Vadodara,Wheat,Rabi,0.21,0.52,2547.0,Wheat
Gujarat,Vadodara,Wheat,Total,0.21,0.52,2547.0,Wheat
Gujarat,Vadodara,Maize,Kharif,0.0,0.0,1474.0,Maize (corn)
Gujarat,Vadodara,Maize,Rabi,0.06,0.17,2754.0,Maize (corn)
Gujarat,Vadodara,Maize,Summer,0.0,0.0,1610.0,Maize (corn)
Gujarat,Vadodara,Maize,Total,0.07,0.18,2686.0,Maize (corn)
Gujarat,Vadodara,Gram,Rabi,0.0,0.0,1841.0,"Chick peas, dry"
Gujarat,Vadodara,Gram,Total,0.0,0.0,1841.0,"Chick peas, dry"
Gujarat,Valsad,Rice,Kharif,0.76,1.87,2472.0,Rice
Gujarat,Valsad,Rice,Summer,0.01,0.02,2738.0,Rice
Gujarat,Valsad,Rice,Total,0.76,1.89,2475.0,Rice
Gujarat,Valsad,Gram,Rabi,0.03,0.03,1076.0,"Chick peas, dry"
Gujarat,Valsad,Gram,Total,0.03,0.03,1076.0,"Chick peas, dry"
Haryana,Ambala,Rice,Kharif,0.84,3.55,4233.0,Rice
Haryana,Ambala,Rice,Total,0.84,3.55,4233.0,Rice
Haryana,Ambala,Wheat,Rabi,0.89,4.13,4640.0,Wheat
Haryana,Ambala,Wheat,Total,0.89,4.13,4640.0,Wheat
Haryana,Ambala,Maize,Kharif,0.0,0.0,3714.0,Maize (corn)
Haryana,Ambala,Maize,Total,0.0,0.0,3714.0,Maize (corn)
Haryana,Bhiwani,Rice,Kharif,0.32,1.23,3805.0,Rice
Haryana,Bhiwani,Rice,Total,0.32,1.23,3805.0,Rice
Haryana,Bhiwani,Wheat,Rabi,1.0,4.76,4735.0,Wheat
Haryana,Bhiwani,Wheat,Total,1.0,4.76,4735.0,Wheat
Haryana,Bhiwani,Maize,Kharif,0.0,0.0,3714.0,Maize (corn)
Haryana,Bhiwani,Maize,Total,0.0,0.0,3714.0,Maize (corn)
Haryana,Bhiwani,Gram,Rabi,0.02,0.03,1372.0,"Chick peas, dry"
Haryana,Bhiwani,Gram,Total,0.02,0.03,1372.0,"Chick peas, dry"
Haryana,Charkhi Dadri,Rice,Kharif,0.1,0.32,3175.0,Rice
Haryana,Charkhi Dadri,Rice,Total,0.1,0.32,3175.0,Rice
Haryana,Charkhi Dadri,Wheat,Rabi,0.43,1.98,4591.0,Wheat
Haryana,Charkhi Dadri,Wheat,Total,0.43,1.98,4591.0,Wheat
Haryana,Charkhi Dadri,Gram,Rabi,0.01,0.01,1627.0,"Chick peas, dry"
Haryana,Charkhi Dadri,Gram,Total,0.01,0.01,1627.0,"Chick peas, dry"
Haryana,Faridabad,Rice,Kharif,0.15,0.43,2874.0,Rice
Haryana,Faridabad,Rice,Total,0.15,0.43,2874.0,Rice
Haryana,Faridabad,Wheat,Rabi,0.32,1.33,4135.0,Wheat
Haryana,Faridabad,Wheat,Total,0.32,1.33,4135.0,Wheat
Haryana,Faridabad,Maize,Kharif,0.0,0.0,3714.0,Maize (corn)
Haryana,Faridabad,Maize,Total,0.0,0.0,3714.0,Maize (corn)
Haryana,Fatehabad,Rice,Kharif,1.4,6.0,4272.0,Rice
Haryana,Fatehabad,Rice,Total,1.4,6.0,4272.0,Rice
Haryana,Fatehabad,Wheat,Rabi,1.83,9.74,5308.0,Wheat
Haryana,Fatehabad,Wheat,Total,1.83,9.74,5308.0,Wheat
Haryana,Fatehabad,Maize,Kharif,0.0,0.0,3714.0,Maize (corn)
Haryana,Fatehabad,Maize,Total,0.0,0.0,3714.0,Maize (corn)
Haryana,Fatehabad,Gram,Rabi,0.01,0.02,1612.0,"Chick peas, dry"
Haryana,Fatehabad,Gram,Total,0.01,0.02,1612.0,"Chick peas, dry"
Haryana,Gurugram,Rice,Kharif,0.04,0.11,2978.0,Rice
Haryana,Gurugram,Rice,Total,0.04,0.11,2978.0,Rice
Haryana,Gurugram,Wheat,Rabi,0.33,1.33,4039.0,Wheat
Haryana,Gurugram,Wheat,Total,0.33,1.33,4039.0,Wheat
Haryana,Gurugram,Maize,Kharif,0.0,0.0,3714.0,Maize (corn)
Haryana,Gurugram,Maize,Total,0.0,0.0,3714.0,Maize (corn)
Haryana,Hisar,Rice,Kharif,1.11,3.62,3248.0,Rice
Haryana,Hisar,Rice,Total,1.11,3.62,3248.0,Rice
Haryana,Hisar,Wheat,Rabi,2.24,10.96,4883.0,Wheat
Haryana,Hisar,Wheat,Total,2.24,10.96,4883.0,Wheat
Haryana,Hisar,Maize,Kharif,0.0,0.0,2048.0,Maize (corn)
Haryana,Hisar,Maize,Total,0.0,0.0,2048.0,Maize (corn)
Haryana,Hisar,Gram,Rabi,0.1,0.18,1839.0,"Chick peas, dry"
Haryana,Hisar,Gram,Total,0.1,0.18,1839.0,"Chick peas, dry"
Haryana,Jhajjar,Rice,Kharif,0.58,1.82,3169.0,Rice
Haryana,Jhajjar,Rice,Total,0.58,1.82,3169.0,Rice
Haryana,Jhajjar,Wheat,Rabi,0.98,4.5,4616.0,Wheat
Haryana,Jhajjar,Wheat,Total,0.98,4.5,4616.0,Wheat
Haryana,Jhajjar,Maize,Kharif,0.0,0.0,3714.0,Maize (corn)
Haryana,Jhajjar,Maize,Total,0.0,0.0,3714.0,Maize (corn)
Haryana,Jhajjar,Gram,Rabi,0.0,0.0,1688.0,"Chick peas, dry"
Haryana,Jhajjar,Gram,Total,0.0,0.0,1688.0,"Chick peas, dry"
Haryana,Jind,Rice,Kharif,1.69,5.59,3310.0,Rice
Haryana,Jind,Rice,Total,1.69,5.59,3310.0,Rice
Haryana,Jind,Wheat,Rabi,2.03,10.01,4922.0,Wheat
Haryana,Jind,Wheat,Total,2.03,10.01,4922.0,Wheat
Haryana,Jind,Maize,Kharif,0.0,0.0,3714.0,Maize (corn)
Haryana,Jind,Maize,Total,0.0,0.0,3714.0,Maize (corn)
Haryana,Jind,Gram,Rabi,0.0,0.0,1390.0,"Chick peas, dry"
Haryana,Jind,Gram,Total,0.0,0.0,1390.0,"Chick peas, dry"
Haryana,Kaithal,Rice,Kharif,1.62,6.59,4060.0,Rice
Haryana,Kaithal,Rice,Total,1.62,6.59,4060.0,Rice
Haryana,Kaithal,Wheat,Rabi,1.74,8.44,4865.0,Wheat
Haryana,Kaithal,Wheat,Total,1.74,8.44,4865.0,Wheat
Haryana,Kaithal,Maize,Kharif,0.0,0.0,3714.0,Maize (corn)
Haryana,Kaithal,Maize,Total,0.0,0.0,3714.0,Maize (corn)
Haryana,Karnal,Rice,Kharif,1.72,7.38,4292.0,Rice
Haryana,Karnal,Rice,Total,1.72,7.38,4292.0,Rice
Haryana,Karnal,Wheat,Rabi,1.58,7.75,4896.0,Wheat
Haryana,Karnal,Wheat,Total,1.58,7.75,4896.0,Wheat
Haryana,Karnal,Maize,Kharif,0.0,0.0,3714.0,Maize (corn)
Haryana,Karnal,Maize,Total,0.0,0.0,3714.0,Maize (corn)
Haryana,Karnal,Gram,Rabi,0.0,0.0,1688.0,"Chick peas, dry"
Haryana,Karnal,Gram,Total,0.0,0.0,1688.0,"Chick peas, dry"
Haryana,Kurukshetra,Rice,Kharif,1.1,5.22,4732.0,Rice
Haryana,Kurukshetra,Rice,Total,1.1,5.22,4732.0,Rice
Haryana,Kurukshetra,Wheat,Rabi,1.08,4.94,4571.0,Wheat
Haryana,Kurukshetra,Wheat,Total,1.08,4.94,4571.0,Wheat
Haryana,Kurukshetra,Maize,Kharif,0.0,0.0,3714.0,Maize (corn)
Haryana,Kurukshetra,Maize,Total,0.0,0.0,3714.0,Maize (corn)
Haryana,Mahendragarh,Rice,Kharif,0.0,0.0,3766.0,Rice
Haryana,Mahendragarh,Rice,Total,0.0,0.0,3766.0,Rice
Haryana,Mahendragarh,Wheat,Rabi,0.29,1.31,4518.0,Wheat
Haryana,Mahendragarh,Wheat,Total,0.29,1.31,4518.0,Wheat
Haryana,Mahendragarh,Maize,Kharif,0.0,0.0,3714.0,Maize (corn)
Haryana,Mahendragarh,Maize,Total,0.0,0.0,3714.0,Maize (corn)
Haryana,Mahendragarh,Gram,Rabi,0.02,0.03,1401.0,"Chick peas, dry"
Haryana,Mahendragarh,Gram,Total,0.02,0.03,1401.0,"Chick peas, dry"
Haryana,Nuh,Rice,Kharif,0.1,0.26,2510.0,Rice
Haryana,Nuh,Rice,Total,0.1,0.26,2510.0,Rice
Haryana,Nuh,Wheat,Rabi,0.69,2.93,4271.0,Wheat
Haryana,Nuh,Wheat,Total,0.69,2.93,4271.0,Wheat
Haryana,Nuh,Gram,Rabi,0.0,0.0,1688.0,"Chick peas, dry"
Haryana,Nuh,Gram,Total,0.0,0.0,1688.0,"Chick peas, dry"
Haryana,Palwal,Rice,Kharif,0.38,1.08,2820.0,Rice
Haryana,Palwal,Rice,Total,0.38,1.08,2820.0,Rice
Haryana,Palwal,Wheat,Rabi,0.95,4.2,4439.0,Wheat
Haryana,Palwal,Wheat,Total,0.95,4.2,4439.0,Wheat
Haryana,Panchkula,Rice,Kharif,0.13,0.52,4052.0,Rice
Haryana,Panchkula,Rice,Total,0.13,0.52,4052.0,Rice
Haryana,Panchkula,Wheat,Rabi,0.18,0.68,3710.0,Wheat
Haryana,Panchkula,Wheat,Total,0.18,0.68,3710.0,Wheat
Haryana,Panchkula,Maize,Kharif,0.03,0.13,3742.0,Maize (corn)
Haryana,Panchkula,Maize,Total,0.03,0.13,3742.0,Maize (corn)
Haryana,Panchkula,Gram,Rabi,0.0,0.0,1688.0,"Chick peas, dry"
Haryana,Panchkula,Gram,Total,0.0,0.0,1688.0,"Chick peas, dry"
Haryana,Panipat,Rice,Kharif,0.71,2.57,3609.0,Rice
Haryana,Panipat,Rice,Total,0.71,2.57,3609.0,Rice
Haryana,Panipat,Wheat,Rabi,0.79,3.84,4851.0,Wheat
Haryana,Panipat,Wheat,Total,0.79,3.84,4851.0,Wheat
Haryana,Panipat,Maize,Kharif,0.0,0.0,3714.0,Maize (corn)
Haryana,Panipat,Maize,Total,0.0,0.0,3714.0,Maize (corn)
Haryana,Rewari,Rice,Kharif,0.03,0.08,2667.0,Rice
Haryana,Rewari,Rice,Total,0.03,0.08,2667.0,Rice
Haryana,Rewari,Wheat,Rabi,0.33,1.44,4395.0,Wheat
Haryana,Rewari,Wheat,Total,0.33,1.44,4395.0,Wheat
Haryana,Rewari,Maize,Kharif,0.0,0.0,3714.0,Maize (corn)
Haryana,Rewari,Maize,Total,0.0,0.0,3714.0,Maize (corn)
Haryana,Rohtak,Rice,Kharif,0.74,2.15,2899.0,Rice
Haryana,Rohtak,Rice,Total,0.74,2.15,2899.0,Rice
Haryana,Rohtak,Wheat,Rabi,1.0,4.47,4476.0,Wheat
Haryana,Rohtak,Wheat,Total,1.0,4.47,4476.0,Wheat
Haryana,Rohtak,Maize,Kharif,0.0,0.0,3714.0,Maize (corn)
Haryana,Rohtak,Maize,Total,0.0,0.0,3714.0,Maize (corn)
Haryana,Rohtak,Gram,Rabi,0.0,0.0,1745.0,"Chick peas, dry"
Haryana,Rohtak,Gram,Total,0.0,0.0,1745.0,"Chick peas, dry"
Haryana,Sirsa,Rice,Kharif,1.36,5.01,3676.0,Rice
Haryana,Sirsa,Rice,Total,1.36,5.01,3676.0,Rice
Haryana,Sirsa,Wheat,Rabi,2.81,14.09,5016.0,Wheat
Haryana,Sirsa,Wheat,Total,2.81,14.09,5016.0,Wheat
Haryana,Sirsa,Maize,Kharif,0.0,0.0,3714.0,Maize (corn)
Haryana,Sirsa,Maize,Total,0.0,0.0,3714.0,Maize (corn)
Haryana,Sirsa,Gram,Rabi,0.01,0.03,1751.0,"Chick peas, dry"
Haryana,Sirsa,Gram,Total,0.01,0.03,1751.0,"Chick peas, dry"
Haryana,Sonipat,Rice,Kharif,1.18,3.51,2965.0,Rice
Haryana,Sonipat,Rice,Total,1.18,3.51,2965.0,Rice
Haryana,Sonipat,Wheat,Rabi,1.39,6.21,4458.0,Wheat
Haryana,Sonipat,Wheat,Total,1.39,6.21,4458.0,Wheat
Haryana,Sonipat,Maize,Kharif,0.0,0.01,3714.0,Maize (corn)
Haryana,Sonipat,Maize,Total,0.0,0.01,3714.0,Maize (corn)
Haryana,Yamunanagar,Rice,Kharif,0.77,3.55,4621.0,Rice
Haryana,Yamunanagar,Rice,Total,0.77,3.55,4621.0,Rice
Haryana,Yamunanagar,Wheat,Rabi,0.99,4.96,5002.0,Wheat
Haryana,Yamunanagar,Wheat,Total,0.99,4.96,5002.0,Wheat
Haryana,Yamunanagar,Maize,Kharif,0.0,0.0,3714.0,Maize (corn)
Haryana,Yamunanagar,Maize,Total,0.0,0.0,3714.0,Maize (corn)
Haryana,Yamunanagar,Gram,Rabi,0.0,0.0,1688.0,"Chick peas, dry"
Haryana,Yamunanagar,Gram,Total,0.0,0.0,1688.0,"Chick peas, dry"
Himachal Pradesh,Bilaspur,Rice,Kharif,0.01,0.01,951.0,Rice
Himachal Pradesh,Bilaspur,Rice,Total,0.01,0.01,951.0,Rice
Himachal Pradesh,Bilaspur,Wheat,Rabi,0.27,0.61,2266.0,Wheat
Himachal Pradesh,Bilaspur,Wheat,Total,0.27,0.61,2266.0,Wheat
Himachal Pradesh,Bilaspur,Maize,Kharif,0.27,0.48,1794.0,Maize (corn)
Himachal Pradesh,Bilaspur,Maize,Total,0.27,0.48,1794.0,Maize (corn)
Himachal Pradesh,Bilaspur,Gram,Rabi,0.0,0.0,1455.0,"Chick peas, dry"
Himachal Pradesh,Bilaspur,Gram,Total,0.0,0.0,1455.0,"Chick peas, dry"
Himachal Pradesh,Bilaspur,Lentil,Rabi,0.0,0.0,1052.0,"Lentils, dry"
Himachal Pradesh,Bilaspur,Lentil,Total,0.0,0.0,1052.0,"Lentils, dry"
Himachal Pradesh,Chamba,Rice,Kharif,0.02,0.05,1983.0,Rice
Himachal Pradesh,Chamba,Rice,Total,0.02,0.05,1983.0,Rice
Himachal Pradesh,Chamba,Wheat,Rabi,0.19,0.36,1853.0,Wheat
Himachal Pradesh,Chamba,Wheat,Total,0.19,0.36,1853.0,Wheat
Himachal Pradesh,Chamba,Maize,Kharif,0.27,0.8,2977.0,Maize (corn)
Himachal Pradesh,Chamba,Maize,Total,0.27,0.8,2977.0,Maize (corn)
Himachal Pradesh,Chamba,Lentil,Rabi,0.0,0.0,1052.0,"Lentils, dry"
Himachal Pradesh,Chamba,Lentil,Total,0.0,0.0,1052.0,"Lentils, dry"
Himachal Pradesh,Hamirpur,Rice,Kharif,0.01,0.02,1612.0,Rice
Himachal Pradesh,Hamirpur,Rice,Total,0.01,0.02,1612.0,Rice
Himachal Pradesh,Hamirpur,Wheat,Rabi,0.32,0.44,1390.0,Wheat
Himachal Pradesh,Hamirpur,Wheat,Total,0.32,0.44,1390.0,Wheat
Himachal Pradesh,Hamirpur,Maize,Kharif,0.31,0.69,2212.0,Maize (corn)
Himachal Pradesh,Hamirpur,Maize,Total,0.31,0.69,2212.0,Maize (corn)
Himachal Pradesh,Kangra,Rice,Kharif,0.33,0.69,2083.0,Rice
Himachal Pradesh,Kangra,Rice,Total,0.33,0.69,2083.0,Rice
Himachal Pradesh,Kangra,Wheat,Rabi,0.78,1.53,1964.0,Wheat
Himachal Pradesh,Kangra,Wheat,Total,0.78,1.53,1964.0,Wheat
Himachal Pradesh,Kangra,Maize,Kharif,0.44,1.02,2324.0,Maize (corn)
Himachal Pradesh,Kangra,Maize,Total,0.44,1.02,2324.0,Maize (corn)
Himachal Pradesh,Kangra,Gram,Rabi,0.0,0.0,1124.0,"Chick peas, dry"
Himachal Pradesh,Kangra,Gram,Total,0.0,0.0,1124.0,"Chick peas, dry"
Himachal Pradesh,Kangra,Lentil,Rabi,0.0,0.0,1052.0,"Lentils, dry"
Himachal Pradesh,Kangra,Lentil,Total,0.0,0.0,1052.0,"Lentils, dry"
Himachal Pradesh,Kinnaur,Rice,Kharif,0.0,0.0,2083.0,Rice
Himachal Pradesh,Kinnaur,Rice,Total,0.0,0.0,2083.0,Rice
Himachal Pradesh,Kinnaur,Wheat,Rabi,0.0,0.0,2034.0,Wheat
Himachal Pradesh,Kinnaur,Wheat,Total,0.0,0.0,2034.0,Wheat
Himachal Pradesh,Kinnaur,Maize,Kharif,0.0,0.0,2701.0,Maize (corn)
Himachal Pradesh,Kinnaur,Maize,Total,0.0,0.0,2701.0,Maize (corn)
Himachal Pradesh,Kullu,Rice,Kharif,0.0,0.0,1352.0,Rice
Himachal Pradesh,Kullu,Rice,Total,0.0,0.0,1352.0,Rice
Himachal Pradesh,Kullu,Wheat,Rabi,0.09,0.18,2014.0,Wheat
Himachal Pradesh,Kullu,Wheat,Total,0.09,0.18,2014.0,Wheat
Himachal Pradesh,Kullu,Maize,Kharif,0.09,0.22,2385.0,Maize (corn)
Himachal Pradesh,Kullu,Maize,Total,0.09,0.22,2385.0,Maize (corn)
Himachal Pradesh,Kullu,Lentil,Rabi,0.0,0.0,1052.0,"Lentils, dry"
Himachal Pradesh,Kullu,Lentil,Total,0.0,0.0,1052.0,"Lentils, dry"
Himachal Pradesh,Lahaul And Spiti,Wheat,Rabi,0.0,0.0,0.0,Wheat
Himachal Pradesh,Lahaul And Spiti,Wheat,Total,0.0,0.0,0.0,Wheat
Himachal Pradesh,Lahaul And Spiti,Maize,Kharif,0.0,0.0,2701.0,Maize (corn)
Himachal Pradesh,Lahaul And Spiti,Maize,Total,0.0,0.0,2701.0,Maize (corn)
Himachal Pradesh,Mandi,Rice,Kharif,0.18,0.32,1833.0,Rice
Himachal Pradesh,Mandi,Rice,Total,0.18,0.32,1833.0,Rice
Himachal Pradesh,Mandi,Wheat,Rabi,0.56,1.3,2316.0,Wheat
Himachal Pradesh,Mandi,Wheat,Total,0.56,1.3,2316.0,Wheat
Himachal Pradesh,Mandi,Maize,Kharif,0.44,1.35,3068.0,Maize (corn)
Himachal Pradesh,Mandi,Maize,Total,0.44,1.35,3068.0,Maize (corn)
Himachal Pradesh,Mandi,Gram,Rabi,0.0,0.0,642.0,"Chick peas, dry"
Himachal Pradesh,Mandi,Gram,Total,0.0,0.0,642.0,"Chick peas, dry"
Himachal Pradesh,Mandi,Lentil,Rabi,0.0,0.0,945.0,"Lentils, dry"
Himachal Pradesh,Mandi,Lentil,Total,0.0,0.0,945.0,"Lentils, dry"
Himachal Pradesh,Shimla,Rice,Kharif,0.0,0.0,1552.0,Rice
Himachal Pradesh,Shimla,Rice,Total,0.0,0.0,1552.0,Rice
Himachal Pradesh,Shimla,Wheat,Rabi,0.05,0.11,2145.0,Wheat
Himachal Pradesh,Shimla,Wheat,Total,0.05,0.11,2145.0,Wheat
Himachal Pradesh,Shimla,Maize,Kharif,0.04,0.18,4261.0,Maize (corn)
Himachal Pradesh,Shimla,Maize,Total,0.04,0.18,4261.0,Maize (corn)
Himachal Pradesh,Shimla,Gram,Rabi,0.0,0.0,1049.0,"Chick peas, dry"
Himachal Pradesh,Shimla,Gram,Total,0.0,0.0,1049.0,"Chick peas, dry"
Himachal Pradesh,Shimla,Lentil,Rabi,0.0,0.0,2291.0,"Lentils, dry"
Himachal Pradesh,Shimla,Lentil,Total,0.0,0.0,2291.0,"Lentils, dry"
Himachal Pradesh,Sirmaur,Rice,Kharif,0.06,0.2,3335.0,Rice
Himachal Pradesh,Sirmaur,Rice,Total,0.06,0.2,3335.0,Rice
Himachal Pradesh,Sirmaur,Wheat,Rabi,0.22,0.58,2598.0,Wheat
Himachal Pradesh,Sirmaur,Wheat,Total,0.22,0.58,2598.0,Wheat
Himachal Pradesh,Sirmaur,Maize,Kharif,0.17,0.57,3293.0,Maize (corn)
Himachal Pradesh,Sirmaur,Maize,Total,0.17,0.57,3293.0,Maize (corn)
Himachal Pradesh,Sirmaur,Gram,Rabi,0.0,0.0,1594.0,"Chick peas, dry"
Himachal Pradesh,Sirmaur,Gram,Total,0.0,0.0,1594.0,"Chick peas, dry"
Himachal Pradesh,Sirmaur,Lentil,Rabi,0.0,0.0,1052.0,"Lentils, dry"
Himachal Pradesh,Sirmaur,Lentil,Total,0.0,0.0,1052.0,"Lentils, dry"
Himachal Pradesh,Solan,Rice,Kharif,0.05,0.09,1653.0,Rice
Himachal Pradesh,Solan,Rice,Total,0.05,0.09,1653.0,Rice
Himachal Pradesh,Solan,Wheat,Rabi,0.23,0.57,2467.0,Wheat
Himachal Pradesh,Solan,Wheat,Total,0.23,0.57,2467.0,Wheat
Himachal Pradesh,Solan,Maize,Kharif,0.28,0.94,3354.0,Maize (corn)
Himachal Pradesh,Solan,Maize,Total,0.28,0.94,3354.0,Maize (corn)
Himachal Pradesh,Solan,Gram,Rabi,0.0,0.0,1530.0,"Chick peas, dry"
Himachal Pradesh,Solan,Gram,Total,0.0,0.0,1530.0,"Chick peas, dry"
Himachal Pradesh,Solan,Lentil,Rabi,0.0,0.0,1052.0,"Lentils, dry"
Himachal Pradesh,Solan,Lentil,Total,0.0,0.0,1052.0,"Lentils, dry"
Himachal Pradesh,Una,Rice,Kharif,0.02,0.05,2574.0,Rice
Himachal Pradesh,Una,Rice,Total,0.02,0.05,2574.0,Rice
Himachal Pradesh,Una,Wheat,Rabi,0.35,0.83,2346.0,Wheat
Himachal Pradesh,Una,Wheat,Total,0.35,0.83,2346.0,Wheat
Himachal Pradesh,Una,Maize,Kharif,0.3,0.69,2273.0,Maize (corn)
Himachal Pradesh,Una,Maize,Total,0.3,0.69,2273.0,Maize (corn)
Himachal Pradesh,Una,Gram,Rabi,0.0,0.0,2129.0,"Chick peas, dry"
Himachal Pradesh,Una,Gram,Total,0.0,0.0,2129.0,"Chick peas, dry"
Jammu And Kashmir,Anantnag,Rice,Kharif,0.22,0.65,2955.0,Rice
Jammu And Kashmir,Anantnag,Rice,Total,0.22,0.65,2955.0,Rice
Jammu And Kashmir,Anantnag,Maize,Kharif,0.07,0.15,2024.0,Maize (corn)
Jammu And Kashmir,Anantnag,Maize,Total,0.07,0.15,2024.0,Maize (corn)
Jammu And Kashmir,Bandipora,Rice,Kharif,0.13,0.43,3333.0,Rice
Jammu And Kashmir,Bandipora,Rice,Total,0.13,0.43,3333.0,Rice
Jammu And Kashmir,Bandipora,Maize,Kharif,0.07,0.23,3379.0,Maize (corn)
Jammu And Kashmir,Bandipora,Maize,Total,0.07,0.23,3379.0,Maize (corn)
Jammu And Kashmir,Baramulla,Rice,Kharif,0.21,0.55,2647.0,Rice
Jammu And Kashmir,Baramulla,Rice,Total,0.21,0.55,2647.0,Rice
Jammu And Kashmir,Baramulla,Maize,Kharif,0.2,0.23,1176.0,Maize (corn)
Jammu And Kashmir,Baramulla,Maize,Total,0.2,0.23,1176.0,Maize (corn)
Jammu And Kashmir,Budgam,Rice,Kharif,0.24,0.57,2325.0,Rice
Jammu And Kashmir,Budgam,Rice,Total,0.24,0.57,2325.0,Rice
Jammu And Kashmir,Budgam,Wheat,Rabi,0.01,0.0,496.0,Wheat
Jammu And Kashmir,Budgam,Wheat,Total,0.01,0.0,496.0,Wheat
Jammu And Kashmir,Budgam,Maize,Kharif,0.08,0.13,1684.0,Maize (corn)
Jammu And Kashmir,Budgam,Maize,Total,0.08,0.13,1684.0,Maize (corn)
Jammu And Kashmir,Doda,Rice,Kharif,0.01,0.02,1624.0,Rice
Jammu And Kashmir,Doda,Rice,Total,0.01,0.02,1624.0,Rice
Jammu And Kashmir,Doda,Wheat,Rabi,0.04,0.1,2265.0,Wheat
Jammu And Kashmir,Doda,Wheat,Total,0.04,0.1,2265.0,Wheat
Jammu And Kashmir,Doda,Maize,Kharif,0.25,0.48,1885.0,Maize (corn)
Jammu And Kashmir,Doda,Maize,Total,0.25,0.48,1885.0,Maize (corn)
Jammu And Kashmir,Ganderbal,Rice,Kharif,0.07,0.23,3159.0,Rice
Jammu And Kashmir,Ganderbal,Rice,Total,0.07,0.23,3159.0,Rice
Jammu And Kashmir,Ganderbal,Maize,Kharif,0.02,0.03,1031.0,Maize (corn)
Jammu And Kashmir,Ganderbal,Maize,Total,0.02,0.03,1031.0,Maize (corn)
Jammu And Kashmir,Jammu,Rice,Kharif,0.54,1.69,3115.0,Rice
Jammu And Kashmir,Jammu,Rice,Total,0.54,1.69,3115.0,Rice
Jammu And Kashmir,Jammu,Wheat,Rabi,0.83,2.11,2551.0,Wheat
Jammu And Kashmir,Jammu,Wheat,Total,0.83,2.11,2551.0,Wheat
Jammu And Kashmir,Jammu,Maize,Kharif,0.14,0.33,2360.0,Maize (corn)
Jammu And Kashmir,Jammu,Maize,Total,0.14,0.33,2360.0,Maize (corn)
Jammu And Kashmir,Kathua,Rice,Kharif,0.33,0.68,2044.0,Rice
Jammu And Kashmir,Kathua,Rice,Total,0.33,0.68,2044.0,Rice
Jammu And Kashmir,Kathua,Wheat,Rabi,0.47,0.8,1695.0,Wheat
Jammu And Kashmir,Kathua,Wheat,Total,0.47,0.8,1695.0,Wheat
Jammu And Kashmir,Kathua,Maize,Kharif,0.17,0.4,2307.0,Maize (corn)
Jammu And Kashmir,Kathua,Maize,Total,0.17,0.4,2307.0,Maize (corn)
Jammu And Kashmir,Kathua,Gram,Rabi,0.0,0.0,200.0,"Chick peas, dry"
Jammu And Kashmir,Kathua,Gram,Total,0.0,0.0,200.0,"Chick peas, dry"
Jammu And Kashmir,Kishtwar,Rice,Kharif,0.01,0.02,1894.0,Rice
Jammu And Kashmir,Kishtwar,Rice,Total,0.01,0.02,1894.0,Rice
Jammu And Kashmir,Kishtwar,Wheat,Rabi,0.02,0.08,3556.0,Wheat
Jammu And Kashmir,Kishtwar,Wheat,Total,0.02,0.08,3556.0,Wheat
Jammu And Kashmir,Kishtwar,Maize,Kharif,0.12,0.12,1008.0,Maize (corn)
Jammu And Kashmir,Kishtwar,Maize,Total,0.12,0.12,1008.0,Maize (corn)
Jammu And Kashmir,Kulgam,Rice,Kharif,0.07,0.16,2363.0,Rice
Jammu And Kashmir,Kulgam,Rice,Total,0.07,0.16,2363.0,Rice
Jammu And Kashmir,Kulgam,Maize,Kharif,0.03,0.04,1137.0,Maize (corn)
Jammu And Kashmir,Kulgam,Maize,Total,0.03,0.04,1137.0,Maize (corn)
Jammu And Kashmir,Kupwara,Rice,Kharif,0.17,0.4,2304.0,Rice
Jammu And Kashmir,Kupwara,Rice,Total,0.17,0.4,2304.0,Rice
Jammu And Kashmir,Kupwara,Maize,Kharif,0.19,0.37,1935.0,Maize (corn)
Jammu And Kashmir,Kupwara,Maize,Total,0.19,0.37,1935.0,Maize (corn)
Jammu And Kashmir,Poonch,Rice,Kharif,0.03,0.02,616.0,Rice
Jammu And Kashmir,Poonch,Rice,Total,0.03,0.02,616.0,Rice
Jammu And Kashmir,Poonch,Wheat,Rabi,0.16,0.3,1909.0,Wheat
Jammu And Kashmir,Poonch,Wheat,Total,0.16,0.3,1909.0,Wheat
Jammu And Kashmir,Poonch,Maize,Kharif,0.24,0.38,1567.0,Maize (corn)
Jammu And Kashmir,Poonch,Maize,Total,0.24,0.38,1567.0,Maize (corn)
Jammu And Kashmir,Pulwama,Rice,Kharif,0.11,0.24,2201.0,Rice
Jammu And Kashmir,Pulwama,Rice,Total,0.11,0.24,2201.0,Rice
Jammu And Kashmir,Pulwama,Wheat,Rabi,0.0,0.0,496.0,Wheat
Jammu And Kashmir,Pulwama,Wheat,Total,0.0,0.0,496.0,Wheat
Jammu And Kashmir,Pulwama,Maize,Kharif,0.03,0.02,860.0,Maize (corn)
Jammu And Kashmir,Pulwama,Maize,Total,0.03,0.02,860.0,Maize (corn)
Jammu And Kashmir,Rajouri,Rice,Kharif,0.04,0.09,2166.0,Rice
Jammu And Kashmir,Rajouri,Rice,Total,0.04,0.09,2166.0,Rice
Jammu And Kashmir,Rajouri,Wheat,Rabi,0.5,1.21,2410.0,Wheat
Jammu And Kashmir,Rajouri,Wheat,Total,0.5,1.21,2410.0,Wheat
Jammu And Kashmir,Rajouri,Maize,Kharif,0.48,1.28,2675.0,Maize (corn)
Jammu And Kashmir,Rajouri,Maize,Total,0.48,1.28,2675.0,Maize (corn)
Jammu And Kashmir,Ramban,Rice,Kharif,0.01,0.01,1001.0,Rice
Jammu And Kashmir,Ramban,Rice,Total,0.01,0.01,1001.0,Rice
Jammu And Kashmir,Ramban,Wheat,Rabi,0.05,0.05,1011.0,Wheat
Jammu And Kashmir,Ramban,Wheat,Total,0.05,0.05,1011.0,Wheat
Jammu And Kashmir,Ramban,Maize,Kharif,0.21,0.32,1510.0,Maize (corn)
Jammu And Kashmir,Ramban,Maize,Total,0.21,0.32,1510.0,Maize (corn)
Jammu And Kashmir,Reasi,Rice,Kharif,0.01,0.03,2870.0,Rice
Jammu And Kashmir,Reasi,Rice,Total,0.01,0.03,2870.0,Rice
Jammu And Kashmir,Reasi,Wheat,Rabi,0.15,0.23,1536.0,Wheat
Jammu And Kashmir,Reasi,Wheat,Total,0.15,0.23,1536.0,Wheat
Jammu And Kashmir,Reasi,Maize,Kharif,0.23,0.7,3039.0,Maize (corn)
Jammu And Kashmir,Reasi,Maize,Total,0.23,0.7,3039.0,Maize (corn)
Jammu And Kashmir,Samba,Rice,Kharif,0.19,0.29,1549.0,Rice
Jammu And Kashmir,Samba,Rice,Total,0.19,0.29,1549.0,Rice
Jammu And Kashmir,Samba,Wheat,Rabi,0.28,0.41,1466.0,Wheat
Jammu And Kashmir,Samba,Wheat,Total,0.28,0.41,1466.0,Wheat
Jammu And Kashmir,Samba,Maize,Kharif,0.04,0.07,1659.0,Maize (corn)
Jammu And Kashmir,Samba,Maize,Total,0.04,0.07,1659.0,Maize (corn)
Jammu And Kashmir,Shopian,Rice,Kharif,0.0,0.01,2611.0,Rice
Jammu And Kashmir,Shopian,Rice,Total,0.0,0.01,2611.0,Rice
Jammu And Kashmir,Shopian,Maize,Kharif,0.0,0.01,1722.0,Maize (corn)
Jammu And Kashmir,Shopian,Maize,Total,0.0,0.01,1722.0,Maize (corn)
Jammu And Kashmir,Srinagar,Rice,Kharif,0.03,0.09,3159.0,Rice
Jammu And Kashmir,Srinagar,Rice,Total,0.03,0.09,3159.0,Rice
Jammu And Kashmir,Srinagar,Maize,Kharif,0.0,0.0,1722.0,Maize (corn)
Jammu And Kashmir,Srinagar,Maize,Total,0.0,0.0,1722.0,Maize (corn)
Jammu And Kashmir,Udhampur,Rice,Kharif,0.14,0.23,1570.0,Rice
Jammu And Kashmir,Udhampur,Rice,Total,0.14,0.23,1570.0,Rice
Jammu And Kashmir,Udhampur,Wheat,Rabi,0.33,0.58,1728.0,Wheat
Jammu And Kashmir,Udhampur,Wheat,Total,0.33,0.58,1728.0,Wheat
Jammu And Kashmir,Udhampur,Maize,Kharif,0.3,0.62,2045.0,Maize (corn)
Jammu And Kashmir,Udhampur,Maize,Total,0.3,0.62,2045.0,Maize (corn)
Jharkhand,Bokaro,Rice,Kharif,0.28,0.36,1310.0,Rice
Jharkhand,Bokaro,Rice,Total,0.28,0.36,1310.0,Rice
Jharkhand,Bokaro,Wheat,Rabi,0.07,0.17,2400.0,Wheat
Jharkhand,Bokaro,Wheat,Total,0.07,0.17,2400.0,Wheat
Jharkhand,Bokaro,Maize,Kharif,0.09,0.33,3701.0,Maize (corn)
Jharkhand,Bokaro,Maize,Rabi,0.0,0.02,3200.0,Maize (corn)
Jharkhand,Bokaro,Maize,Total,0.09,0.34,3675.0,Maize (corn)
Jharkhand,Bokaro,Gram,Rabi,0.1,0.16,1600.0,"Chick peas, dry"
Jharkhand,Bokaro,Gram,Total,0.1,0.16,1600.0,"Chick peas, dry"
Jharkhand,Bokaro,Lentil,Rabi,0.02,0.03,1400.0,"Lentils, dry"
Jharkhand,Bokaro,Lentil,Total,0.02,0.03,1400.0,"Lentils, dry"
Jharkhand,Chatra,Rice,Kharif,0.31,0.7,2260.0,Rice
Jharkhand,Chatra,Rice,Total,0.31,0.7,2260.0,Rice
Jharkhand,Chatra,Wheat,Rabi,0.13,0.29,2150.0,Wheat
Jharkhand,Chatra,Wheat,Total,0.13,0.29,2150.0,Wheat
Jharkhand,Chatra,Maize,Kharif,0.09,0.23,2550.0,Maize (corn)
Jharkhand,Chatra,Maize,Rabi,0.0,0.0,1810.0,Maize (corn)
Jharkhand,Chatra,Maize,Total,0.09,0.23,2547.0,Maize (corn)
Jharkhand,Chatra,Gram,Rabi,0.19,0.21,1115.0,"Chick peas, dry"
Jharkhand,Chatra,Gram,Total,0.19,0.21,1115.0,"Chick peas, dry"
Jharkhand,Chatra,Lentil,Rabi,0.03,0.02,715.0,"Lentils, dry"
Jharkhand,Chatra,Lentil,Total,0.03,0.02,715.0,"Lentils, dry"
Jharkhand,Deoghar,Rice,Kharif,0.44,1.12,2555.0,Rice
Jharkhand,Deoghar,Rice,Total,0.44,1.12,2555.0,Rice
Jharkhand,Deoghar,Wheat,Rabi,0.11,0.28,2599.0,Wheat
Jharkhand,Deoghar,Wheat,Total,0.11,0.28,2599.0,Wheat
Jharkhand,Deoghar,Maize,Kharif,0.16,0.45,2901.0,Maize (corn)
Jharkhand,Deoghar,Maize,Rabi,0.02,0.04,2300.0,Maize (corn)
Jharkhand,Deoghar,Maize,Total,0.17,0.49,2843.0,Maize (corn)
Jharkhand,Deoghar,Gram,Rabi,0.1,0.15,1500.0,"Chick peas, dry"
Jharkhand,Deoghar,Gram,Total,0.1,0.15,1500.0,"Chick peas, dry"
Jharkhand,Deoghar,Lentil,Rabi,0.01,0.01,950.0,"Lentils, dry"
Jharkhand,Deoghar,Lentil,Total,0.01,0.01,950.0,"Lentils, dry"
Jharkhand,Dhanbad,Rice,Kharif,0.29,0.6,2050.0,Rice
Jharkhand,Dhanbad,Rice,Total,0.29,0.6,2050.0,Rice
Jharkhand,Dhanbad,Wheat,Rabi,0.01,0.03,2400.0,Wheat
Jharkhand,Dhanbad,Wheat,Total,0.01,0.03,2400.0,Wheat
Jharkhand,Dhanbad,Maize,Kharif,0.02,0.04,2400.0,Maize (corn)
Jharkhand,Dhanbad,Maize,Total,0.02,0.04,2400.0,Maize (corn)
Jharkhand,Dhanbad,Gram,Rabi,0.01,0.01,1500.0,"Chick peas, dry"
Jharkhand,Dhanbad,Gram,Total,0.01,0.01,1500.0,"Chick peas, dry"
Jharkhand,Dhanbad,Lentil,Rabi,0.0,0.0,600.0,"Lentils, dry"
Jharkhand,Dhanbad,Lentil,Total,0.0,0.0,600.0,"Lentils, dry"
Jharkhand,Dumka,Rice,Kharif,0.9,1.53,1703.0,Rice
Jharkhand,Dumka,Rice,Total,0.9,1.53,1703.0,Rice
Jharkhand,Dumka,Wheat,Rabi,0.11,0.23,2000.0,Wheat
Jharkhand,Dumka,Wheat,Total,0.11,0.23,2000.0,Wheat
Jharkhand,Dumka,Maize,Kharif,0.18,0.38,2150.0,Maize (corn)
Jharkhand,Dumka,Maize,Rabi,0.01,0.03,2600.0,Maize (corn)
Jharkhand,Dumka,Maize,Total,0.19,0.42,2179.0,Maize (corn)
Jharkhand,Dumka,Gram,Rabi,0.1,0.13,1280.0,"Chick peas, dry"
Jharkhand,Dumka,Gram,Total,0.1,0.13,1280.0,"Chick peas, dry"
Jharkhand,Dumka,Lentil,Rabi,0.02,0.01,600.0,"Lentils, dry"
Jharkhand,Dumka,Lentil,Total,0.02,0.01,600.0,"Lentils, dry"
Jharkhand,East Singhbum,Rice,Kharif,0.82,1.35,1638.0,Rice
Jharkhand,East Singhbum,Rice,Total,0.82,1.35,1638.0,Rice
Jharkhand,East Singhbum,Wheat,Rabi,0.05,0.1,2100.0,Wheat
Jharkhand,East Singhbum,Wheat,Total,0.05,0.1,2100.0,Wheat
Jharkhand,East Singhbum,Maize,Kharif,0.09,0.2,2400.0,Maize (corn)
Jharkhand,East Singhbum,Maize,Rabi,0.01,0.02,2200.0,Maize (corn)
Jharkhand,East Singhbum,Maize,Total,0.09,0.22,2385.0,Maize (corn)
Jharkhand,East Singhbum,Gram,Rabi,0.07,0.07,1104.0,"Chick peas, dry"
Jharkhand,East Singhbum,Gram,Total,0.07,0.07,1104.0,"Chick peas, dry"
Jharkhand,East Singhbum,Lentil,Rabi,0.03,0.02,830.0,"Lentils, dry"
Jharkhand,East Singhbum,Lentil,Total,0.03,0.02,830.0,"Lentils, dry"
Jharkhand,Garhwa,Rice,Kharif,0.47,1.01,2153.0,Rice
Jharkhand,Garhwa,Rice,Total,0.47,1.01,2153.0,Rice
Jharkhand,Garhwa,Wheat,Rabi,0.19,0.47,2479.0,Wheat
Jharkhand,Garhwa,Wheat,Total,0.19,0.47,2479.0,Wheat
Jharkhand,Garhwa,Maize,Kharif,0.26,0.52,2008.0,Maize (corn)
Jharkhand,Garhwa,Maize,Total,0.26,0.52,2008.0,Maize (corn)
Jharkhand,Garhwa,Gram,Rabi,0.18,0.27,1500.0,"Chick peas, dry"
Jharkhand,Garhwa,Gram,Total,0.18,0.27,1500.0,"Chick peas, dry"
Jharkhand,Garhwa,Lentil,Rabi,0.06,0.07,1200.0,"Lentils, dry"
Jharkhand,Garhwa,Lentil,Total,0.06,0.07,1200.0,"Lentils, dry"
Jharkhand,Giridih,Rice,Kharif,0.74,1.73,2332.0,Rice
Jharkhand,Giridih,Rice,Total,0.74,1.73,2332.0,Rice
Jharkhand,Giridih,Wheat,Rabi,0.13,0.32,2499.0,Wheat
Jharkhand,Giridih,Wheat,Total,0.13,0.32,2499.0,Wheat
Jharkhand,Giridih,Maize,Kharif,0.21,0.54,2560.0,Maize (corn)
Jharkhand,Giridih,Maize,Rabi,0.0,0.01,2500.0,Maize (corn)
Jharkhand,Giridih,Maize,Total,0.22,0.55,2559.0,Maize (corn)
Jharkhand,Giridih,Gram,Rabi,0.13,0.21,1620.0,"Chick peas, dry"
Jharkhand,Giridih,Gram,Total,0.13,0.21,1620.0,"Chick peas, dry"
Jharkhand,Giridih,Lentil,Rabi,0.01,0.0,715.0,"Lentils, dry"
Jharkhand,Giridih,Lentil,Total,0.01,0.0,715.0,"Lentils, dry"
Jharkhand,Godda,Rice,Kharif,0.44,0.88,1998.0,Rice
Jharkhand,Godda,Rice,Total,0.44,0.88,1998.0,Rice
Jharkhand,Godda,Wheat,Rabi,0.13,0.32,2499.0,Wheat
Jharkhand,Godda,Wheat,Total,0.13,0.32,2499.0,Wheat
Jharkhand,Godda,Maize,Kharif,0.1,0.27,2600.0,Maize (corn)
Jharkhand,Godda,Maize,Rabi,0.02,0.05,2500.0,Maize (corn)
Jharkhand,Godda,Maize,Total,0.12,0.31,2585.0,Maize (corn)
Jharkhand,Godda,Gram,Rabi,0.13,0.19,1500.0,"Chick peas, dry"
Jharkhand,Godda,Gram,Total,0.13,0.19,1500.0,"Chick peas, dry"
Jharkhand,Godda,Lentil,Rabi,0.04,0.05,1200.0,"Lentils, dry"
Jharkhand,Godda,Lentil,Total,0.04,0.05,1200.0,"Lentils, dry"
Jharkhand,Gumla,Rice,Kharif,1.6,3.61,2250.0,Rice
Jharkhand,Gumla,Rice,Total,1.6,3.61,2250.0,Rice
Jharkhand,Gumla,Wheat,Rabi,0.1,0.33,3288.0,Wheat
Jharkhand,Gumla,Wheat,Total,0.1,0.33,3288.0,Wheat
Jharkhand,Gumla,Maize,Kharif,0.07,0.23,3070.0,Maize (corn)
Jharkhand,Gumla,Maize,Rabi,0.0,0.0,2610.0,Maize (corn)
Jharkhand,Gumla,Maize,Total,0.08,0.23,3061.0,Maize (corn)
Jharkhand,Gumla,Gram,Rabi,0.12,0.12,1020.0,"Chick peas, dry"
Jharkhand,Gumla,Gram,Total,0.12,0.12,1020.0,"Chick peas, dry"
Jharkhand,Gumla,Lentil,Rabi,0.03,0.02,735.0,"Lentils, dry"
Jharkhand,Gumla,Lentil,Total,0.03,0.02,735.0,"Lentils, dry"
Jharkhand,Hazaribagh,Rice,Kharif,0.72,1.37,1906.0,Rice
Jharkhand,Hazaribagh,Rice,Total,0.72,1.37,1906.0,Rice
Jharkhand,Hazaribagh,Wheat,Rabi,0.17,0.34,2010.0,Wheat
Jharkhand,Hazaribagh,Wheat,Total,0.17,0.34,2010.0,Wheat
Jharkhand,Hazaribagh,Maize,Kharif,0.11,0.25,2260.0,Maize (corn)
Jharkhand,Hazaribagh,Maize,Rabi,0.0,0.0,2075.0,Maize (corn)
Jharkhand,Hazaribagh,Maize,Total,0.11,0.25,2259.0,Maize (corn)
Jharkhand,Hazaribagh,Gram,Rabi,0.16,0.22,1330.0,"Chick peas, dry"
Jharkhand,Hazaribagh,Gram,Total,0.16,0.22,1330.0,"Chick peas, dry"
Jharkhand,Hazaribagh,Lentil,Rabi,0.01,0.01,720.0,"Lentils, dry"
Jharkhand,Hazaribagh,Lentil,Total,0.01,0.01,720.0,"Lentils, dry"
Jharkhand,Jamtara,Rice,Kharif,0.46,0.84,1834.0,Rice
Jharkhand,Jamtara,Rice,Total,0.46,0.84,1834.0,Rice
Jharkhand,Jamtara,Wheat,Rabi,0.13,0.27,1968.0,Wheat
Jharkhand,Jamtara,Wheat,Total,0.13,0.27,1968.0,Wheat
Jharkhand,Jamtara,Maize,Kharif,0.15,0.29,1900.0,Maize (corn)
Jharkhand,Jamtara,Maize,Rabi,0.01,0.01,1600.0,Maize (corn)
Jharkhand,Jamtara,Maize,Total,0.16,0.3,1888.0,Maize (corn)
Jharkhand,Jamtara,Gram,Rabi,0.15,0.12,812.0,"Chick peas, dry"
Jharkhand,Jamtara,Gram,Total,0.15,0.12,812.0,"Chick peas, dry"
Jharkhand,Jamtara,Lentil,Rabi,0.05,0.04,748.0,"Lentils, dry"
Jharkhand,Jamtara,Lentil,Total,0.05,0.04,748.0,"Lentils, dry"
Jharkhand,Khunti,Rice,Kharif,0.54,1.13,2096.0,Rice
Jharkhand,Khunti,Rice,Total,0.54,1.13,2096.0,Rice
Jharkhand,Khunti,Wheat,Rabi,0.08,0.11,1435.0,Wheat
Jharkhand,Khunti,Wheat,Total,0.08,0.11,1435.0,Wheat
Jharkhand,Khunti,Maize,Kharif,0.06,0.11,1750.0,Maize (corn)
Jharkhand,Khunti,Maize,Rabi,0.01,0.03,1750.0,Maize (corn)
Jharkhand,Khunti,Maize,Total,0.08,0.14,1750.0,Maize (corn)
Jharkhand,Khunti,Gram,Rabi,0.08,0.06,822.0,"Chick peas, dry"
Jharkhand,Khunti,Gram,Total,0.08,0.06,822.0,"Chick peas, dry"
Jharkhand,Khunti,Lentil,Rabi,0.02,0.02,900.0,"Lentils, dry"
Jharkhand,Khunti,Lentil,Total,0.02,0.02,900.0,"Lentils, dry"
Jharkhand,Koderma,Rice,Kharif,0.14,0.24,1703.0,Rice
Jharkhand,Koderma,Rice,Total,0.14,0.24,1703.0,Rice
Jharkhand,Koderma,Wheat,Rabi,0.1,0.24,2499.0,Wheat
Jharkhand,Koderma,Wheat,Total,0.1,0.24,2499.0,Wheat
Jharkhand,Koderma,Maize,Kharif,0.07,0.09,1200.0,Maize (corn)
Jharkhand,Koderma,Maize,Rabi,0.0,0.0,1600.0,Maize (corn)
Jharkhand,Koderma,Maize,Total,0.08,0.09,1206.0,Maize (corn)
Jharkhand,Koderma,Gram,Rabi,0.11,0.16,1500.0,"Chick peas, dry"
Jharkhand,Koderma,Gram,Total,0.11,0.16,1500.0,"Chick peas, dry"
Jharkhand,Koderma,Lentil,Rabi,0.06,0.07,1200.0,"Lentils, dry"
Jharkhand,Koderma,Lentil,Total,0.06,0.07,1200.0,"Lentils, dry"
Jharkhand,Latehar,Rice,Kharif,0.25,0.3,1179.0,Rice
Jharkhand,Latehar,Rice,Total,0.25,0.3,1179.0,Rice
Jharkhand,Latehar,Wheat,Rabi,0.09,0.12,1320.0,Wheat
Jharkhand,Latehar,Wheat,Total,0.09,0.12,1320.0,Wheat
Jharkhand,Latehar,Maize,Kharif,0.19,0.62,3226.0,Maize (corn)
Jharkhand,Latehar,Maize,Rabi,0.0,0.01,1475.0,Maize (corn)
Jharkhand,Latehar,Maize,Total,0.2,0.63,3193.0,Maize (corn)
Jharkhand,Latehar,Gram,Rabi,0.17,0.11,640.0,"Chick peas, dry"
Jharkhand,Latehar,Gram,Total,0.17,0.11,640.0,"Chick peas, dry"
Jharkhand,Latehar,Lentil,Rabi,0.05,0.03,555.0,"Lentils, dry"
Jharkhand,Latehar,Lentil,Total,0.05,0.03,555.0,"Lentils, dry"
Jharkhand,Lohardaga,Rice,Kharif,0.39,0.69,1769.0,Rice
Jharkhand,Lohardaga,Rice,Total,0.39,0.69,1769.0,Rice
Jharkhand,Lohardaga,Wheat,Rabi,0.05,0.14,2699.0,Wheat
Jharkhand,Lohardaga,Wheat,Total,0.05,0.14,2699.0,Wheat
Jharkhand,Lohardaga,Maize,Kharif,0.05,0.28,5238.0,Maize (corn)
Jharkhand,Lohardaga,Maize,Total,0.05,0.28,5238.0,Maize (corn)
Jharkhand,Lohardaga,Gram,Rabi,0.06,0.06,1020.0,"Chick peas, dry"
Jharkhand,Lohardaga,Gram,Total,0.06,0.06,1020.0,"Chick peas, dry"
Jharkhand,Lohardaga,Lentil,Rabi,0.02,0.01,505.0,"Lentils, dry"
Jharkhand,Lohardaga,Lentil,Total,0.02,0.01,505.0,"Lentils, dry"
Jharkhand,Pakur,Rice,Kharif,0.39,0.51,1310.0,Rice
Jharkhand,Pakur,Rice,Total,0.39,0.51,1310.0,Rice
Jharkhand,Pakur,Wheat,Rabi,0.07,0.1,1500.0,Wheat
Jharkhand,Pakur,Wheat,Total,0.07,0.1,1500.0,Wheat
Jharkhand,Pakur,Maize,Kharif,0.08,0.12,1500.0,Maize (corn)
Jharkhand,Pakur,Maize,Rabi,0.01,0.01,2100.0,Maize (corn)
Jharkhand,Pakur,Maize,Total,0.09,0.13,1542.0,Maize (corn)
Jharkhand,Pakur,Gram,Rabi,0.09,0.09,960.0,"Chick peas, dry"
Jharkhand,Pakur,Gram,Total,0.09,0.09,960.0,"Chick peas, dry"
Jharkhand,Pakur,Lentil,Rabi,0.03,0.03,800.0,"Lentils, dry"
Jharkhand,Pakur,Lentil,Total,0.03,0.03,800.0,"Lentils, dry"
Jharkhand,Palamu,Rice,Kharif,0.44,0.72,1625.0,Rice
Jharkhand,Palamu,Rice,Total,0.44,0.72,1625.0,Rice
Jharkhand,Palamu,Wheat,Rabi,0.21,0.4,1964.0,Wheat
Jharkhand,Palamu,Wheat,Total,0.21,0.4,1964.0,Wheat
Jharkhand,Palamu,Maize,Kharif,0.25,0.37,1520.0,Maize (corn)
Jharkhand,Palamu,Maize,Total,0.25,0.37,1520.0,Maize (corn)
Jharkhand,Palamu,Gram,Rabi,0.22,0.18,812.0,"Chick peas, dry"
Jharkhand,Palamu,Gram,Total,0.22,0.18,812.0,"Chick peas, dry"
Jharkhand,Palamu,Lentil,Rabi,0.07,0.06,745.0,"Lentils, dry"
Jharkhand,Palamu,Lentil,Total,0.07,0.06,745.0,"Lentils, dry"
Jharkhand,Ramgarh,Rice,Kharif,0.3,0.47,1579.0,Rice
Jharkhand,Ramgarh,Rice,Total,0.3,0.47,1579.0,Rice
Jharkhand,Ramgarh,Wheat,Rabi,0.06,0.12,2010.0,Wheat
Jharkhand,Ramgarh,Wheat,Total,0.06,0.12,2010.0,Wheat
Jharkhand,Ramgarh,Maize,Kharif,0.08,0.18,2260.0,Maize (corn)
Jharkhand,Ramgarh,Maize,Rabi,0.0,0.0,2260.0,Maize (corn)
Jharkhand,Ramgarh,Maize,Total,0.08,0.19,2260.0,Maize (corn)
Jharkhand,Ramgarh,Gram,Rabi,0.13,0.18,1330.0,"Chick peas, dry"
Jharkhand,Ramgarh,Gram,Total,0.13,0.18,1330.0,"Chick peas, dry"
Jharkhand,Ramgarh,Lentil,Rabi,0.02,0.02,720.0,"Lentils, dry"
Jharkhand,Ramgarh,Lentil,Total,0.02,0.02,720.0,"Lentils, dry"
Jharkhand,Ranchi,Rice,Kharif,1.36,2.89,2129.0,Rice
Jharkhand,Ranchi,Rice,Total,1.36,2.89,2129.0,Rice
Jharkhand,Ranchi,Wheat,Rabi,0.19,0.47,2499.0,Wheat
Jharkhand,Ranchi,Wheat,Total,0.19,0.47,2499.0,Wheat
Jharkhand,Ranchi,Maize,Kharif,0.1,0.29,2801.0,Maize (corn)
Jharkhand,Ranchi,Maize,Rabi,0.02,0.06,2800.0,Maize (corn)
Jharkhand,Ranchi,Maize,Total,0.12,0.35,2800.0,Maize (corn)
Jharkhand,Ranchi,Gram,Rabi,0.14,0.16,1200.0,"Chick peas, dry"
Jharkhand,Ranchi,Gram,Total,0.14,0.16,1200.0,"Chick peas, dry"
Jharkhand,Ranchi,Lentil,Rabi,0.03,0.02,800.0,"Lentils, dry"
Jharkhand,Ranchi,Lentil,Total,0.03,0.02,800.0,"Lentils, dry"
Jharkhand,Sahebganj,Rice,Kharif,0.39,0.8,2060.0,Rice
Jharkhand,Sahebganj,Rice,Total,0.39,0.8,2060.0,Rice
Jharkhand,Sahebganj,Wheat,Rabi,0.13,0.32,2479.0,Wheat
Jharkhand,Sahebganj,Wheat,Total,0.13,0.32,2479.0,Wheat
Jharkhand,Sahebganj,Maize,Kharif,0.13,0.56,4356.0,Maize (corn)
Jharkhand,Sahebganj,Maize,Rabi,0.01,0.02,2110.0,Maize (corn)
Jharkhand,Sahebganj,Maize,Total,0.14,0.58,4181.0,Maize (corn)
Jharkhand,Sahebganj,Gram,Rabi,0.13,0.13,1010.0,"Chick peas, dry"
Jharkhand,Sahebganj,Gram,Total,0.13,0.13,1010.0,"Chick peas, dry"
Jharkhand,Sahebganj,Lentil,Rabi,0.04,0.02,450.0,"Lentils, dry"
Jharkhand,Sahebganj,Lentil,Total,0.04,0.02,450.0,"Lentils, dry"
Jharkhand,Saraikela Kharsawan,Rice,Kharif,0.78,1.48,1900.0,Rice
Jharkhand,Saraikela Kharsawan,Rice,Total,0.78,1.48,1900.0,Rice
Jharkhand,Saraikela Kharsawan,Wheat,Rabi,0.05,0.07,1255.0,Wheat
Jharkhand,Saraikela Kharsawan,Wheat,Total,0.05,0.07,1255.0,Wheat
Jharkhand,Saraikela Kharsawan,Maize,Kharif,0.05,0.06,1165.0,Maize (corn)
Jharkhand,Saraikela Kharsawan,Maize,Rabi,0.0,0.0,1050.0,Maize (corn)
Jharkhand,Saraikela Kharsawan,Maize,Total,0.05,0.06,1157.0,Maize (corn)
Jharkhand,Saraikela Kharsawan,Gram,Rabi,0.15,0.17,1150.0,"Chick peas, dry"
Jharkhand,Saraikela Kharsawan,Gram,Total,0.15,0.17,1150.0,"Chick peas, dry"
Jharkhand,Saraikela Kharsawan,Lentil,Rabi,0.04,0.04,875.0,"Lentils, dry"
Jharkhand,Saraikela Kharsawan,Lentil,Total,0.04,0.04,875.0,"Lentils, dry"
Jharkhand,Simdega,Rice,Kharif,0.73,1.06,1441.0,Rice
Jharkhand,Simdega,Rice,Total,0.73,1.06,1441.0,Rice
Jharkhand,Simdega,Wheat,Rabi,0.09,0.2,2200.0,Wheat
Jharkhand,Simdega,Wheat,Total,0.09,0.2,2200.0,Wheat
Jharkhand,Simdega,Maize,Kharif,0.05,0.11,2200.0,Maize (corn)
Jharkhand,Simdega,Maize,Rabi,0.01,0.03,2300.0,Maize (corn)
Jharkhand,Simdega,Maize,Total,0.06,0.14,2223.0,Maize (corn)
Jharkhand,Simdega,Gram,Rabi,0.18,0.22,1200.0,"Chick peas, dry"
Jharkhand,Simdega,Gram,Total,0.18,0.22,1200.0,"Chick peas, dry"
Jharkhand,Simdega,Lentil,Rabi,0.03,0.03,1200.0,"Lentils, dry"
Jharkhand,Simdega,Lentil,Total,0.03,0.03,1200.0,"Lentils, dry"
Jharkhand,West Singhbhum,Rice,Kharif,1.51,2.45,1618.0,Rice
Jharkhand,West Singhbhum,Rice,Total,1.51,2.45,1618.0,Rice
Jharkhand,West Singhbhum,Wheat,Rabi,0.05,0.07,1255.0,Wheat
Jharkhand,West Singhbhum,Wheat,Total,0.05,0.07,1255.0,Wheat
Jharkhand,West Singhbhum,Maize,Kharif,0.09,0.1,1165.0,Maize (corn)
Jharkhand,West Singhbhum,Maize,Total,0.09,0.1,1165.0,Maize (corn)
Jharkhand,West Singhbhum,Gram,Rabi,0.11,0.12,1150.0,"Chick peas, dry"
Jharkhand,West Singhbhum,Gram,Total,0.11,0.12,1150.0,"Chick peas, dry"
Jharkhand,West Singhbhum,Lentil,Rabi,0.05,0.05,875.0,"Lentils, dry"
Jharkhand,West Singhbhum,Lentil,Total,0.05,0.05,875.0,"Lentils, dry"
Karnataka,Bagalkote,Rice,Kharif,0.0,0.0,3394.0,Rice
Karnataka,Bagalkote,Rice,Rabi,0.0,0.0,2842.0,Rice
Karnataka,Bagalkote,Rice,Total,0.0,0.0,3020.0,Rice
Karnataka,Bagalkote,Wheat,Rabi,0.37,0.44,1196.0,Wheat
Karnataka,Bagalkote,Wheat,Total,0.37,0.44,1196.0,Wheat
Karnataka,Bagalkote,Maize,Kharif,0.68,2.85,4190.0,Maize (corn)
Karnataka,Bagalkote,Maize,Rabi,0.18,0.67,3683.0,Maize (corn)
Karnataka,Bagalkote,Maize,Summer,0.07,0.4,5499.0,Maize (corn)
Karnataka,Bagalkote,Maize,Total,0.94,3.92,4193.0,Maize (corn)
Karnataka,Bagalkote,Gram,Rabi,0.32,0.19,590.0,"Chick peas, dry"
Karnataka,Bagalkote,Gram,Total,0.32,0.19,590.0,"Chick peas, dry"
Karnataka,Ballari,Rice,Kharif,0.87,3.59,4113.0,Rice
Karnataka,Ballari,Rice,Rabi,0.0,0.01,2842.0,Rice
Karnataka,Ballari,Rice,Summer,0.5,1.83,3684.0,Rice
Karnataka,Ballari,Rice,Total,1.37,5.44,3954.0,Rice
Karnataka,Ballari,Wheat,Rabi,0.0,0.0,1255.0,Wheat
Karnataka,Ballari,Wheat,Total,0.0,0.0,1255.0,Wheat
Karnataka,Ballari,Maize,Kharif,0.26,0.95,3688.0,Maize (corn)
Karnataka,Ballari,Maize,Rabi,0.06,0.26,4499.0,Maize (corn)
Karnataka,Ballari,Maize,Summer,0.01,0.04,4328.0,Maize (corn)
Karnataka,Ballari,Maize,Total,0.32,1.25,3849.0,Maize (corn)
Karnataka,Ballari,Gram,Rabi,0.05,0.04,801.0,"Chick peas, dry"
Karnataka,Ballari,Gram,Total,0.05,0.04,801.0,"Chick peas, dry"
Karnataka,Belagavi,Rice,Kharif,0.54,1.37,2561.0,Rice
Karnataka,Belagavi,Rice,Rabi,0.0,0.0,2842.0,Rice
Karnataka,Belagavi,Rice,Summer,0.0,0.0,3245.0,Rice
Karnataka,Belagavi,Rice,Total,0.54,1.38,2562.0,Rice
Karnataka,Belagavi,Wheat,Rabi,0.52,0.83,1592.0,Wheat
Karnataka,Belagavi,Wheat,Total,0.52,0.83,1592.0,Wheat
Karnataka,Belagavi,Maize,Kharif,1.51,6.25,4143.0,Maize (corn)
Karnataka,Belagavi,Maize,Rabi,0.79,3.09,3942.0,Maize (corn)
Karnataka,Belagavi,Maize,Summer,0.14,0.6,4362.0,Maize (corn)
Karnataka,Belagavi,Maize,Total,2.43,9.94,4091.0,Maize (corn)
Karnataka,Belagavi,Gram,Rabi,0.79,0.59,747.0,"Chick peas, dry"
Karnataka,Belagavi,Gram,Total,0.79,0.59,747.0,"Chick peas, dry"
Karnataka,Bengaluru Rural,Rice,Kharif,0.0,0.0,2911.0,Rice
Karnataka,Bengaluru Rural,Rice,Rabi,0.0,0.0,2842.0,Rice
Karnataka,Bengaluru Rural,Rice,Summer,0.0,0.0,3245.0,Rice
Karnataka,Bengaluru Rural,Rice,Total,0.0,0.0,2921.0,Rice
Karnataka,Bengaluru Rural,Maize,Kharif,0.04,0.13,3224.0,Maize (corn)
Karnataka,Bengaluru Rural,Maize,Rabi,0.0,0.0,3584.0,Maize (corn)
Karnataka,Bengaluru Rural,Maize,Summer,0.0,0.0,4328.0,Maize (corn)
Karnataka,Bengaluru Rural,Maize,Total,0.04,0.14,3264.0,Maize (corn)
Karnataka,Bengaluru Rural,Gram,Rabi,0.0,0.0,596.0,"Chick peas, dry"
Karnataka,Bengaluru Rural,Gram,Total,0.0,0.0,596.0,"Chick peas, dry"
Karnataka,Bengaluru South,Rice,Kharif,0.03,0.09,2885.0,Rice
Karnataka,Bengaluru South,Rice,Rabi,0.0,0.0,2842.0,Rice
Karnataka,Bengaluru South,Rice,Summer,0.0,0.0,3594.0,Rice
Karnataka,Bengaluru South,Rice,Total,0.03,0.09,2886.0,Rice
Karnataka,Bengaluru South,Maize,Kharif,0.01,0.04,3336.0,Maize (corn)
Karnataka,Bengaluru South,Maize,Rabi,0.0,0.01,3584.0,Maize (corn)
Karnataka,Bengaluru South,Maize,Summer,0.0,0.0,4328.0,Maize (corn)
Karnataka,Bengaluru South,Maize,Total,0.02,0.06,3407.0,Maize (corn)
Karnataka,Bengaluru Urban,Rice,Kharif,0.0,0.01,3030.0,Rice
Karnataka,Bengaluru Urban,Rice,Total,0.0,0.01,3030.0,Rice
Karnataka,Bengaluru Urban,Maize,Kharif,0.01,0.02,3932.0,Maize (corn)
Karnataka,Bengaluru Urban,Maize,Total,0.01,0.02,3932.0,Maize (corn)
Karnataka,Bidar,Rice,Kharif,0.01,0.02,1703.0,Rice
Karnataka,Bidar,Rice,Total,0.01,0.02,1703.0,Rice
Karnataka,Bidar,Wheat,Rabi,0.09,0.09,944.0,Wheat
Karnataka,Bidar,Wheat,Total,0.09,0.09,944.0,Wheat
Karnataka,Bidar,Maize,Kharif,0.0,0.0,2466.0,Maize (corn)
Karnataka,Bidar,Maize,Rabi,0.0,0.0,3584.0,Maize (corn)
Karnataka,Bidar,Maize,Summer,0.0,0.0,4328.0,Maize (corn)
Karnataka,Bidar,Maize,Total,0.0,0.01,3695.0,Maize (corn)
Karnataka,Bidar,Gram,Rabi,0.47,0.24,510.0,"Chick peas, dry"
Karnataka,Bidar,Gram,Total,0.47,0.24,510.0,"Chick peas, dry"
Karnataka,Chamarajanagar,Rice,Kharif,0.1,0.32,3310.0,Rice
Karnataka,Chamarajanagar,Rice,Rabi,0.0,0.0,2230.0,Rice
Karnataka,Chamarajanagar,Rice,Summer,0.03,0.08,3072.0,Rice
Karnataka,Chamarajanagar,Rice,Total,0.12,0.4,3243.0,Rice
Karnataka,Chamarajanagar,Wheat,Rabi,0.0,0.0,1255.0,Wheat
Karnataka,Chamarajanagar,Wheat,Total,0.0,0.0,1255.0,Wheat
Karnataka,Chamarajanagar,Maize,Kharif,0.23,0.79,3452.0,Maize (corn)
Karnataka,Chamarajanagar,Maize,Rabi,0.05,0.19,4100.0,Maize (corn)
Karnataka,Chamarajanagar,Maize,Summer,0.06,0.24,4328.0,Maize (corn)
Karnataka,Chamarajanagar,Maize,Total,0.33,1.22,3689.0,Maize (corn)
Karnataka,Chamarajanagar,Gram,Rabi,0.01,0.01,772.0,"Chick peas, dry"
Karnataka,Chamarajanagar,Gram,Total,0.01,0.01,772.0,"Chick peas, dry"
Karnataka,Chikkaballapura,Rice,Kharif,0.01,0.04,2880.0,Rice
Karnataka,Chikkaballapura,Rice,Rabi,0.0,0.01,2842.0,Rice
Karnataka,Chikkaballapura,Rice,Summer,0.0,0.01,1798.0,Rice
Karnataka,Chikkaballapura,Rice,Total,0.02,0.06,2666.0,Rice
Karnataka,Chikkaballapura,Maize,Kharif,0.53,1.21,2300.0,Maize (corn)
Karnataka,Chikkaballapura,Maize,Rabi,0.04,0.1,2498.0,Maize (corn)
Karnataka,Chikkaballapura,Maize,Summer,0.03,0.12,4328.0,Maize (corn)
Karnataka,Chikkaballapura,Maize,Total,0.6,1.43,2407.0,Maize (corn)
Karnataka,Chikkaballapura,Gram,Rabi,0.0,0.0,596.0,"Chick peas, dry"
Karnataka,Chikkaballapura,Gram,Total,0.0,0.0,596.0,"Chick peas, dry"
Karnataka,Chikkamagaluru,Rice,Kharif,0.08,0.23,2748.0,Rice
Karnataka,Chikkamagaluru,Rice,Rabi,0.0,0.0,2842.0,Rice
Karnataka,Chikkamagaluru,Rice,Summer,0.0,0.01,2884.0,Rice
Karnataka,Chikkamagaluru,Rice,Total,0.09,0.24,2755.0,Rice
Karnataka,Chikkamagaluru,Maize,Kharif,0.05,0.14,2828.0,Maize (corn)
Karnataka,Chikkamagaluru,Maize,Rabi,0.0,0.02,3584.0,Maize (corn)
Karnataka,Chikkamagaluru,Maize,Summer,0.0,0.0,4328.0,Maize (corn)
Karnataka,Chikkamagaluru,Maize,Total,0.05,0.16,2898.0,Maize (corn)
Karnataka,Chikkamagaluru,Gram,Rabi,0.05,0.04,851.0,"Chick peas, dry"
Karnataka,Chikkamagaluru,Gram,Total,0.05,0.04,851.0,"Chick peas, dry"
Karnataka,Chitradurga,Rice,Kharif,0.01,0.03,2669.0,Rice
Karnataka,Chitradurga,Rice,Rabi,0.0,0.01,2044.0,Rice
Karnataka,Chitradurga,Rice,Summer,0.0,0.01,3321.0,Rice
Karnataka,Chitradurga,Rice,Total,0.02,0.05,2611.0,Rice
Karnataka,Chitradurga,Wheat,Rabi,0.0,0.0,708.0,Wheat
Karnataka,Chitradurga,Wheat,Total,0.0,0.0,708.0,Wheat
Karnataka,Chitradurga,Maize,Kharif,1.0,3.24,3236.0,Maize (corn)
Karnataka,Chitradurga,Maize,Rabi,0.14,0.51,3739.0,Maize (corn)
Karnataka,Chitradurga,Maize,Summer,0.02,0.09,4543.0,Maize (corn)
Karnataka,Chitradurga,Maize,Total,1.16,3.84,3317.0,Maize (corn)
Karnataka,Chitradurga,Gram,Rabi,0.32,0.22,673.0,"Chick peas, dry"
Karnataka,Chitradurga,Gram,Total,0.32,0.22,673.0,"Chick peas, dry"
Karnataka,Dakshina Kannada,Rice,Kharif,0.03,0.09,2864.0,Rice
Karnataka,Dakshina Kannada,Rice,Rabi,0.0,0.01,2685.0,Rice
Karnataka,Dakshina Kannada,Rice,Summer,0.0,0.0,3245.0,Rice
Karnataka,Dakshina Kannada,Rice,Total,0.04,0.1,2848.0,Rice
Karnataka,Davanagere,Rice,Kharif,0.52,1.97,3810.0,Rice
Karnataka,Davanagere,Rice,Rabi,0.02,0.05,2842.0,Rice
Karnataka,Davanagere,Rice,Summer,0.44,1.71,3867.0,Rice
Karnataka,Davanagere,Rice,Total,0.98,3.73,3820.0,Rice
Karnataka,Davanagere,Wheat,Rabi,0.0,0.0,1255.0,Wheat
Karnataka,Davanagere,Wheat,Total,0.0,0.0,1255.0,Wheat
Karnataka,Davanagere,Maize,Kharif,1.12,3.4,3046.0,Maize (corn)
Karnataka,Davanagere,Maize,Rabi,0.04,0.14,3906.0,Maize (corn)
Karnataka,Davanagere,Maize,Summer,0.01,0.03,4328.0,Maize (corn)
Karnataka,Davanagere,Maize,Total,1.16,3.57,3081.0,Maize (corn)
Karnataka,Davanagere,Gram,Rabi,0.05,0.03,619.0,"Chick peas, dry"
Karnataka,Davanagere,Gram,Total,0.05,0.03,619.0,"Chick peas, dry"
Karnataka,Dharwad,Rice,Kharif,0.08,0.11,1351.0,Rice
Karnataka,Dharwad,Rice,Rabi,0.0,0.0,2842.0,Rice
Karnataka,Dharwad,Rice,Summer,0.0,0.0,3245.0,Rice
Karnataka,Dharwad,Rice,Total,0.08,0.11,1356.0,Rice
Karnataka,Dharwad,Wheat,Rabi,0.11,0.11,1002.0,Wheat
Karnataka,Dharwad,Wheat,Total,0.11,0.11,1002.0,Wheat
Karnataka,Dharwad,Maize,Kharif,0.57,1.69,2950.0,Maize (corn)
Karnataka,Dharwad,Maize,Rabi,0.11,0.47,4139.0,Maize (corn)
Karnataka,Dharwad,Maize,Summer,0.0,0.01,4194.0,Maize (corn)
Karnataka,Dharwad,Maize,Total,0.69,2.17,3153.0,Maize (corn)
Karnataka,Dharwad,Gram,Rabi,1.6,1.22,767.0,"Chick peas, dry"
Karnataka,Dharwad,Gram,Total,1.6,1.22,767.0,"Chick peas, dry"
Karnataka,Gadag,Rice,Kharif,0.03,0.1,3106.0,Rice
Karnataka,Gadag,Rice,Rabi,0.01,0.02,2842.0,Rice
Karnataka,Gadag,Rice,Summer,0.02,0.04,1897.0,Rice
Karnataka,Gadag,Rice,Total,0.06,0.16,2652.0,Rice
Karnataka,Gadag,Wheat,Rabi,0.14,0.11,789.0,Wheat
Karnataka,Gadag,Wheat,Total,0.14,0.11,789.0,Wheat
Karnataka,Gadag,Maize,Kharif,1.23,3.24,2635.0,Maize (corn)
Karnataka,Gadag,Maize,Rabi,0.07,0.19,2841.0,Maize (corn)
Karnataka,Gadag,Maize,Summer,0.0,0.01,4328.0,Maize (corn)
Karnataka,Gadag,Maize,Total,1.3,3.43,2648.0,Maize (corn)
Karnataka,Gadag,Gram,Rabi,1.65,0.72,436.0,"Chick peas, dry"
Karnataka,Gadag,Gram,Total,1.65,0.72,436.0,"Chick peas, dry"
Karnataka,Hassan,Rice,Kharif,0.22,0.76,3447.0,Rice
Karnataka,Hassan,Rice,Rabi,0.0,0.01,2842.0,Rice
Karnataka,Hassan,Rice,Summer,0.0,0.01,2776.0,Rice
Karnataka,Hassan,Rice,Total,0.22,0.77,3433.0,Rice
Karnataka,Hassan,Wheat,Rabi,0.0,0.0,1255.0,Wheat
Karnataka,Hassan,Wheat,Total,0.0,0.0,1255.0,Wheat
Karnataka,Hassan,Maize,Kharif,0.93,3.85,4153.0,Maize (corn)
Karnataka,Hassan,Maize,Rabi,0.15,0.42,2870.0,Maize (corn)
Karnataka,Hassan,Maize,Summer,0.0,0.02,4328.0,Maize (corn)
Karnataka,Hassan,Maize,Total,1.08,4.29,3978.0,Maize (corn)
Karnataka,Hassan,Gram,Rabi,0.0,0.0,736.0,"Chick peas, dry"
Karnataka,Hassan,Gram,Total,0.0,0.0,736.0,"Chick peas, dry"
Karnataka,Haveri,Rice,Kharif,0.26,0.55,2091.0,Rice
Karnataka,Haveri,Rice,Rabi,0.01,0.04,2842.0,Rice
Karnataka,Haveri,Rice,Summer,0.1,0.24,2307.0,Rice
Karnataka,Haveri,Rice,Total,0.38,0.83,2178.0,Rice
Karnataka,Haveri,Wheat,Rabi,0.0,0.0,677.0,Wheat
Karnataka,Haveri,Wheat,Total,0.0,0.0,677.0,Wheat
Karnataka,Haveri,Maize,Kharif,2.5,6.55,2620.0,Maize (corn)
Karnataka,Haveri,Maize,Rabi,0.47,1.56,3297.0,Maize (corn)
Karnataka,Haveri,Maize,Summer,0.1,0.36,3556.0,Maize (corn)
Karnataka,Haveri,Maize,Total,3.08,8.47,2756.0,Maize (corn)
Karnataka,Haveri,Gram,Rabi,0.06,0.03,492.0,"Chick peas, dry"
Karnataka,Haveri,Gram,Total,0.06,0.03,492.0,"Chick peas, dry"
Karnataka,Kalaburagi,Rice,Kharif,0.08,0.21,2563.0,Rice
Karnataka,Kalaburagi,Rice,Rabi,0.02,0.06,3626.0,Rice
Karnataka,Kalaburagi,Rice,Summer,0.0,0.01,3521.0,Rice
Karnataka,Kalaburagi,Rice,Total,0.1,0.29,2783.0,Rice
Karnataka,Kalaburagi,Wheat,Rabi,0.06,0.09,1590.0,Wheat
Karnataka,Kalaburagi,Wheat,Total,0.06,0.09,1590.0,Wheat
Karnataka,Kalaburagi,Maize,Kharif,0.01,0.03,2929.0,Maize (corn)
Karnataka,Kalaburagi,Maize,Rabi,0.01,0.02,3584.0,Maize (corn)
Karnataka,Kalaburagi,Maize,Summer,0.0,0.0,4328.0,Maize (corn)
Karnataka,Kalaburagi,Maize,Total,0.01,0.05,3219.0,Maize (corn)
Karnataka,Kalaburagi,Gram,Rabi,0.19,0.14,735.0,"Chick peas, dry"
Karnataka,Kalaburagi,Gram,Total,0.19,0.14,735.0,"Chick peas, dry"
Karnataka,Kodagu,Rice,Kharif,0.12,0.31,2651.0,Rice
Karnataka,Kodagu,Rice,Rabi,0.0,0.0,2842.0,Rice
Karnataka,Kodagu,Rice,Summer,0.0,0.0,3245.0,Rice
Karnataka,Kodagu,Rice,Total,0.12,0.31,2651.0,Rice
Karnataka,Kodagu,Maize,Kharif,0.01,0.02,2035.0,Maize (corn)
Karnataka,Kodagu,Maize,Rabi,0.0,0.0,3584.0,Maize (corn)
Karnataka,Kodagu,Maize,Total,0.01,0.02,2152.0,Maize (corn)
Karnataka,Kolar,Rice,Kharif,0.03,0.09,3076.0,Rice
Karnataka,Kolar,Rice,Rabi,0.0,0.01,2842.0,Rice
Karnataka,Kolar,Rice,Summer,0.0,0.01,3692.0,Rice
Karnataka,Kolar,Rice,Total,0.03,0.11,3106.0,Rice
Karnataka,Kolar,Maize,Kharif,0.02,0.05,3133.0,Maize (corn)
Karnataka,Kolar,Maize,Rabi,0.01,0.04,3584.0,Maize (corn)
Karnataka,Kolar,Maize,Summer,0.01,0.04,4328.0,Maize (corn)
Karnataka,Kolar,Maize,Total,0.04,0.14,3576.0,Maize (corn)
Karnataka,Kolar,Gram,Rabi,0.0,0.0,596.0,"Chick peas, dry"
Karnataka,Kolar,Gram,Total,0.0,0.0,596.0,"Chick peas, dry"
Karnataka,Koppal,Rice,Kharif,0.59,2.51,4243.0,Rice
Karnataka,Koppal,Rice,Rabi,0.06,0.16,2842.0,Rice
Karnataka,Koppal,Rice,Summer,0.51,1.61,3169.0,Rice
Karnataka,Koppal,Rice,Total,1.16,4.28,3704.0,Rice
Karnataka,Koppal,Wheat,Rabi,0.01,0.01,534.0,Wheat
Karnataka,Koppal,Wheat,Total,0.01,0.01,534.0,Wheat
Karnataka,Koppal,Maize,Kharif,1.16,2.65,2278.0,Maize (corn)
Karnataka,Koppal,Maize,Rabi,0.23,0.72,3199.0,Maize (corn)
Karnataka,Koppal,Maize,Summer,0.03,0.12,4328.0,Maize (corn)
Karnataka,Koppal,Maize,Total,1.42,3.49,2465.0,Maize (corn)
Karnataka,Koppal,Gram,Rabi,0.71,0.28,391.0,"Chick peas, dry"
Karnataka,Koppal,Gram,Total,0.71,0.28,391.0,"Chick peas, dry"
Karnataka,Mandya,Rice,Kharif,0.46,1.48,3192.0,Rice
Karnataka,Mandya,Rice,Rabi,0.0,0.0,2842.0,Rice
Karnataka,Mandya,Rice,Summer,0.18,0.54,2963.0,Rice
Karnataka,Mandya,Rice,Total,0.65,2.02,3127.0,Rice
Karnataka,Mandya,Maize,Kharif,0.03,0.07,2156.0,Maize (corn)
Karnataka,Mandya,Maize,Rabi,0.0,0.01,3584.0,Maize (corn)
Karnataka,Mandya,Maize,Summer,0.02,0.07,4328.0,Maize (corn)
Karnataka,Mandya,Maize,Total,0.05,0.15,2890.0,Maize (corn)
Karnataka,Mysuru,Rice,Kharif,0.64,2.11,3321.0,Rice
Karnataka,Mysuru,Rice,Rabi,0.0,0.01,2842.0,Rice
Karnataka,Mysuru,Rice,Summer,0.17,0.58,3465.0,Rice
Karnataka,Mysuru,Rice,Total,0.81,2.7,3349.0,Rice
Karnataka,Mysuru,Maize,Kharif,0.5,1.79,3576.0,Maize (corn)
Karnataka,Mysuru,Maize,Rabi,0.09,0.35,3825.0,Maize (corn)
Karnataka,Mysuru,Maize,Summer,0.02,0.08,3642.0,Maize (corn)
Karnataka,Mysuru,Maize,Total,0.61,2.22,3616.0,Maize (corn)
Karnataka,Mysuru,Gram,Rabi,0.0,0.0,725.0,"Chick peas, dry"
Karnataka,Mysuru,Gram,Total,0.0,0.0,725.0,"Chick peas, dry"
Karnataka,Raichur,Rice,Kharif,1.8,6.77,3755.0,Rice
Karnataka,Raichur,Rice,Rabi,0.11,0.31,2842.0,Rice
Karnataka,Raichur,Rice,Summer,0.04,0.11,2594.0,Rice
Karnataka,Raichur,Rice,Total,1.96,7.19,3678.0,Rice
Karnataka,Raichur,Wheat,Rabi,0.0,0.0,1255.0,Wheat
Karnataka,Raichur,Wheat,Total,0.0,0.0,1255.0,Wheat
Karnataka,Raichur,Maize,Kharif,0.01,0.02,3727.0,Maize (corn)
Karnataka,Raichur,Maize,Rabi,0.01,0.01,1081.0,Maize (corn)
Karnataka,Raichur,Maize,Summer,0.0,0.0,4328.0,Maize (corn)
Karnataka,Raichur,Maize,Total,0.02,0.03,1928.0,Maize (corn)
Karnataka,Raichur,Gram,Rabi,0.11,0.07,668.0,"Chick peas, dry"
Karnataka,Raichur,Gram,Total,0.11,0.07,668.0,"Chick peas, dry"
Karnataka,Shivamogga,Rice,Kharif,0.61,1.76,2879.0,Rice
Karnataka,Shivamogga,Rice,Rabi,0.0,0.0,2842.0,Rice
Karnataka,Shivamogga,Rice,Summer,0.06,0.19,2918.0,Rice
Karnataka,Shivamogga,Rice,Total,0.68,1.95,2882.0,Rice
Karnataka,Shivamogga,Wheat,Rabi,0.0,0.0,1380.0,Wheat
Karnataka,Shivamogga,Wheat,Total,0.0,0.0,1380.0,Wheat
Karnataka,Shivamogga,Maize,Kharif,0.36,1.07,2972.0,Maize (corn)
Karnataka,Shivamogga,Maize,Rabi,0.02,0.07,4694.0,Maize (corn)
Karnataka,Shivamogga,Maize,Summer,0.05,0.2,4328.0,Maize (corn)
Karnataka,Shivamogga,Maize,Total,0.42,1.34,3182.0,Maize (corn)
Karnataka,Shivamogga,Gram,Rabi,0.0,0.0,596.0,"Chick peas, dry"
Karnataka,Shivamogga,Gram,Total,0.0,0.0,596.0,"Chick peas, dry"
Karnataka,Tumakuru,Rice,Kharif,0.03,0.09,3029.0,Rice
Karnataka,Tumakuru,Rice,Rabi,0.0,0.0,2842.0,Rice
Karnataka,Tumakuru,Rice,Summer,0.01,0.02,2866.0,Rice
Karnataka,Tumakuru,Rice,Total,0.04,0.11,2999.0,Rice
Karnataka,Tumakuru,Maize,Kharif,0.26,0.86,3290.0,Maize (corn)
Karnataka,Tumakuru,Maize,Rabi,0.01,0.04,3846.0,Maize (corn)
Karnataka,Tumakuru,Maize,Summer,0.01,0.02,4328.0,Maize (corn)
Karnataka,Tumakuru,Maize,Total,0.27,0.92,3330.0,Maize (corn)
Karnataka,Tumakuru,Gram,Rabi,0.01,0.0,430.0,"Chick peas, dry"
Karnataka,Tumakuru,Gram,Total,0.01,0.0,430.0,"Chick peas, dry"
Karnataka,Udupi,Rice,Kharif,0.25,0.7,2831.0,Rice
Karnataka,Udupi,Rice,Rabi,0.03,0.08,2617.0,Rice
Karnataka,Udupi,Rice,Summer,0.0,0.0,3245.0,Rice
Karnataka,Udupi,Rice,Total,0.28,0.79,2807.0,Rice
Karnataka,Udupi,Maize,Kharif,0.0,0.0,3133.0,Maize (corn)
Karnataka,Udupi,Maize,Rabi,0.0,0.0,3584.0,Maize (corn)
Karnataka,Udupi,Maize,Total,0.0,0.0,3572.0,Maize (corn)
Karnataka,Uttara Kannada,Rice,Kharif,0.37,0.81,2203.0,Rice
Karnataka,Uttara Kannada,Rice,Rabi,0.01,0.02,2595.0,Rice
Karnataka,Uttara Kannada,Rice,Summer,0.0,0.01,2283.0,Rice
Karnataka,Uttara Kannada,Rice,Total,0.38,0.83,2210.0,Rice
Karnataka,Uttara Kannada,Wheat,Rabi,0.0,0.0,1255.0,Wheat
Karnataka,Uttara Kannada,Wheat,Total,0.0,0.0,1255.0,Wheat
Karnataka,Uttara Kannada,Maize,Kharif,0.1,0.35,3654.0,Maize (corn)
Karnataka,Uttara Kannada,Maize,Rabi,0.03,0.1,3584.0,Maize (corn)
Karnataka,Uttara Kannada,Maize,Summer,0.01,0.03,4328.0,Maize (corn)
Karnataka,Uttara Kannada,Maize,Total,0.13,0.49,3674.0,Maize (corn)
Karnataka,Uttara Kannada,Gram,Rabi,0.0,0.0,596.0,"Chick peas, dry"
Karnataka,Uttara Kannada,Gram,Total,0.0,0.0,596.0,"Chick peas, dry"
Karnataka,Vijayanagara,Rice,Kharif,0.14,0.54,3786.0,Rice
Karnataka,Vijayanagara,Rice,Rabi,0.04,0.11,2842.0,Rice
Karnataka,Vijayanagara,Rice,Summer,0.09,0.31,3272.0,Rice
Karnataka,Vijayanagara,Rice,Total,0.28,0.96,3479.0,Rice
Karnataka,Vijayanagara,Wheat,Rabi,0.0,0.0,2065.0,Wheat
Karnataka,Vijayanagara,Wheat,Total,0.0,0.0,2065.0,Wheat
Karnataka,Vijayanagara,Maize,Kharif,1.91,5.36,2811.0,Maize (corn)
Karnataka,Vijayanagara,Maize,Rabi,0.08,0.25,3184.0,Maize (corn)
Karnataka,Vijayanagara,Maize,Summer,0.01,0.06,4328.0,Maize (corn)
Karnataka,Vijayanagara,Maize,Total,2.0,5.66,2836.0,Maize (corn)
Karnataka,Vijayanagara,Gram,Rabi,0.15,0.07,457.0,"Chick peas, dry"
Karnataka,Vijayanagara,Gram,Total,0.15,0.07,457.0,"Chick peas, dry"
Karnataka,Vijayapura,Rice,Kharif,0.0,0.0,3394.0,Rice
Karnataka,Vijayapura,Rice,Summer,0.0,0.0,0.0,Rice
Karnataka,Vijayapura,Rice,Total,0.0,0.0,2582.0,Rice
Karnataka,Vijayapura,Wheat,Rabi,0.32,0.35,1117.0,Wheat
Karnataka,Vijayapura,Wheat,Total,0.32,0.35,1117.0,Wheat
Karnataka,Vijayapura,Maize,Kharif,0.84,3.03,3629.0,Maize (corn)
Karnataka,Vijayapura,Maize,Rabi,0.1,0.31,3266.0,Maize (corn)
Karnataka,Vijayapura,Maize,Summer,0.02,0.09,4328.0,Maize (corn)
Karnataka,Vijayapura,Maize,Total,0.95,3.43,3607.0,Maize (corn)
Karnataka,Vijayapura,Gram,Rabi,0.25,0.16,638.0,"Chick peas, dry"
Karnataka,Vijayapura,Gram,Total,0.25,0.16,638.0,"Chick peas, dry"
Karnataka,Yadgir,Rice,Kharif,0.94,3.43,3642.0,Rice
Karnataka,Yadgir,Rice,Rabi,0.08,0.23,2842.0,Rice
Karnataka,Yadgir,Rice,Summer,0.36,0.92,2546.0,Rice
Karnataka,Yadgir,Rice,Total,1.38,4.58,3310.0,Rice
Karnataka,Yadgir,Wheat,Rabi,0.01,0.01,1255.0,Wheat
Karnataka,Yadgir,Wheat,Total,0.01,0.01,1255.0,Wheat
Karnataka,Yadgir,Maize,Kharif,0.0,0.0,3133.0,Maize (corn)
Karnataka,Yadgir,Maize,Rabi,0.01,0.02,3584.0,Maize (corn)
Karnataka,Yadgir,Maize,Summer,0.0,0.01,4328.0,Maize (corn)
Karnataka,Yadgir,Maize,Total,0.01,0.03,3712.0,Maize (corn)
Karnataka,Yadgir,Gram,Rabi,0.0,0.0,678.0,"Chick peas, dry"
Karnataka,Yadgir,Gram,Total,0.0,0.0,678.0,"Chick peas, dry"
Kerala,Alappuzha,Rice,Kharif,0.06,0.2,3212.0,Rice
Kerala,Alappuzha,Rice,Rabi,0.07,0.24,3272.0,Rice
Kerala,Alappuzha,Rice,Summer,0.23,0.55,2353.0,Rice
Kerala,Alappuzha,Rice,Total,0.37,0.99,2681.0,Rice
Kerala,Ernakulam,Rice,Kharif,0.01,0.01,1739.0,Rice
Kerala,Ernakulam,Rice,Rabi,0.02,0.05,2440.0,Rice
Kerala,Ernakulam,Rice,Summer,0.01,0.02,2239.0,Rice
Kerala,Ernakulam,Rice,Total,0.04,0.08,2282.0,Rice
Kerala,Ernakulam,Maize,Summer,0.0,0.0,2421.0,Maize (corn)
Kerala,Ernakulam,Maize,Total,0.0,0.0,2421.0,Maize (corn)
Kerala,Idukki,Rice,Kharif,0.0,0.0,1546.0,Rice
Kerala,Idukki,Rice,Rabi,0.0,0.01,2708.0,Rice
Kerala,Idukki,Rice,Summer,0.0,0.0,1888.0,Rice
Kerala,Idukki,Rice,Total,0.0,0.01,2638.0,Rice
Kerala,Kannur,Rice,Kharif,0.02,0.04,1964.0,Rice
Kerala,Kannur,Rice,Rabi,0.02,0.04,2323.0,Rice
Kerala,Kannur,Rice,Summer,0.0,0.0,1245.0,Rice
Kerala,Kannur,Rice,Total,0.04,0.08,2143.0,Rice
Kerala,Kannur,Maize,Summer,0.0,0.0,4727.0,Maize (corn)
Kerala,Kannur,Maize,Total,0.0,0.0,4727.0,Maize (corn)
Kerala,Kasaragod,Rice,Kharif,0.01,0.03,2295.0,Rice
Kerala,Kasaragod,Rice,Rabi,0.01,0.01,2135.0,Rice
Kerala,Kasaragod,Rice,Summer,0.0,0.0,1915.0,Rice
Kerala,Kasaragod,Rice,Total,0.02,0.04,2229.0,Rice
Kerala,Kollam,Rice,Kharif,0.0,0.0,1857.0,Rice
Kerala,Kollam,Rice,Rabi,0.01,0.02,1979.0,Rice
Kerala,Kollam,Rice,Summer,0.0,0.01,2667.0,Rice
Kerala,Kollam,Rice,Total,0.01,0.03,2110.0,Rice
Kerala,Kottayam,Rice,Kharif,0.01,0.01,2518.0,Rice
Kerala,Kottayam,Rice,Rabi,0.07,0.21,2789.0,Rice
Kerala,Kottayam,Rice,Summer,0.1,0.26,2653.0,Rice
Kerala,Kottayam,Rice,Total,0.18,0.48,2706.0,Rice
Kerala,Kozhikode,Rice,Kharif,0.0,0.0,634.0,Rice
Kerala,Kozhikode,Rice,Rabi,0.01,0.01,1030.0,Rice
Kerala,Kozhikode,Rice,Summer,0.0,0.01,2087.0,Rice
Kerala,Kozhikode,Rice,Total,0.01,0.02,1400.0,Rice
Kerala,Malappuram,Rice,Kharif,0.0,0.0,1907.0,Rice
Kerala,Malappuram,Rice,Rabi,0.06,0.19,3163.0,Rice
Kerala,Malappuram,Rice,Summer,0.03,0.1,3242.0,Rice
Kerala,Malappuram,Rice,Total,0.09,0.29,3171.0,Rice
Kerala,Palakkad,Rice,Kharif,0.29,0.77,2674.0,Rice
Kerala,Palakkad,Rice,Rabi,0.19,0.64,3308.0,Rice
Kerala,Palakkad,Rice,Summer,0.17,0.67,3852.0,Rice
Kerala,Palakkad,Rice,Total,0.66,2.08,3175.0,Rice
Kerala,Palakkad,Maize,Kharif,0.0,0.0,3162.0,Maize (corn)
Kerala,Palakkad,Maize,Rabi,0.0,0.0,3461.0,Maize (corn)
Kerala,Palakkad,Maize,Summer,0.0,0.0,3078.0,Maize (corn)
Kerala,Palakkad,Maize,Total,0.0,0.0,3328.0,Maize (corn)
Kerala,Pathanamthitta,Rice,Kharif,0.0,0.0,429.0,Rice
Kerala,Pathanamthitta,Rice,Rabi,0.01,0.02,2417.0,Rice
Kerala,Pathanamthitta,Rice,Summer,0.02,0.06,2570.0,Rice
Kerala,Pathanamthitta,Rice,Total,0.03,0.08,2527.0,Rice
Kerala,Thiruvananthapuram,Rice,Kharif,0.01,0.02,2491.0,Rice
Kerala,Thiruvananthapuram,Rice,Rabi,0.01,0.01,2406.0,Rice
Kerala,Thiruvananthapuram,Rice,Summer,0.0,0.0,2531.0,Rice
Kerala,Thiruvananthapuram,Rice,Total,0.01,0.03,2460.0,Rice
Kerala,Thrissur,Rice,Kharif,0.02,0.03,1710.0,Rice
Kerala,Thrissur,Rice,Rabi,0.14,0.42,3052.0,Rice
Kerala,Thrissur,Rice,Summer,0.08,0.28,3366.0,Rice
Kerala,Thrissur,Rice,Total,0.24,0.73,3076.0,Rice
Kerala,Wayanad,Rice,Rabi,0.06,0.21,3212.0,Rice
Kerala,Wayanad,Rice,Summer,0.0,0.01,2978.0,Rice
Kerala,Wayanad,Rice,Total,0.07,0.22,3199.0,Rice
Kerala,Wayanad,Maize,Summer,0.0,0.0,148.0,Maize (corn)
Kerala,Wayanad,Maize,Total,0.0,0.0,148.0,Maize (corn)
Ladakh,Kargil,Wheat,Rabi,0.02,0.04,1904.0,Wheat
Ladakh,Kargil,Wheat,Total,0.02,0.04,1904.0,Wheat
Ladakh,Kargil,Maize,Kharif,0.0,0.0,401.0,Maize (corn)
Ladakh,Kargil,Maize,Total,0.0,0.0,401.0,Maize (corn)
Ladakh,Leh Ladakh,Wheat,Rabi,0.03,0.05,1770.0,Wheat
Ladakh,Leh Ladakh,Wheat,Total,0.03,0.05,1770.0,Wheat
Madhya Pradesh,Agar-Malwa,Rice,Kharif,0.01,0.01,1736.0,Rice
Madhya Pradesh,Agar-Malwa,Rice,Total,0.01,0.01,1736.0,Rice
Madhya Pradesh,Agar-Malwa,Wheat,Rabi,1.16,3.15,2717.0,Wheat
Madhya Pradesh,Agar-Malwa,Wheat,Total,1.16,3.15,2717.0,Wheat
Madhya Pradesh,Agar-Malwa,Maize,Kharif,0.02,0.05,2570.0,Maize (corn)
Madhya Pradesh,Agar-Malwa,Maize,Rabi,0.0,0.0,2253.0,Maize (corn)
Madhya Pradesh,Agar-Malwa,Maize,Summer,0.0,0.0,4710.0,Maize (corn)
Madhya Pradesh,Agar-Malwa,Maize,Total,0.02,0.05,2589.0,Maize (corn)
Madhya Pradesh,Agar-Malwa,Gram,Rabi,0.03,0.04,1397.0,"Chick peas, dry"
Madhya Pradesh,Agar-Malwa,Gram,Total,0.03,0.04,1397.0,"Chick peas, dry"
Madhya Pradesh,Agar-Malwa,Lentil,Rabi,0.12,0.1,820.0,"Lentils, dry"
Madhya Pradesh,Agar-Malwa,Lentil,Total,0.12,0.1,820.0,"Lentils, dry"
Madhya Pradesh,Alirajpur,Rice,Kharif,0.06,0.06,1118.0,Rice
Madhya Pradesh,Alirajpur,Rice,Rabi,0.0,0.0,1145.0,Rice
Madhya Pradesh,Alirajpur,Rice,Total,0.06,0.06,1118.0,Rice
Madhya Pradesh,Alirajpur,Wheat,Rabi,0.31,0.62,2006.0,Wheat
Madhya Pradesh,Alirajpur,Wheat,Total,0.31,0.62,2006.0,Wheat
Madhya Pradesh,Alirajpur,Maize,Kharif,0.28,0.85,2994.0,Maize (corn)
Madhya Pradesh,Alirajpur,Maize,Rabi,0.21,0.66,3202.0,Maize (corn)
Madhya Pradesh,Alirajpur,Maize,Summer,0.0,0.0,4860.0,Maize (corn)
Madhya Pradesh,Alirajpur,Maize,Total,0.49,1.52,3082.0,Maize (corn)
Madhya Pradesh,Alirajpur,Gram,Rabi,0.15,0.2,1302.0,"Chick peas, dry"
Madhya Pradesh,Alirajpur,Gram,Total,0.15,0.2,1302.0,"Chick peas, dry"
Madhya Pradesh,Anuppur,Rice,Kharif,1.36,2.52,1854.0,Rice
Madhya Pradesh,Anuppur,Rice,Summer,0.0,0.0,2732.0,Rice
Madhya Pradesh,Anuppur,Rice,Total,1.36,2.52,1855.0,Rice
Madhya Pradesh,Anuppur,Wheat,Rabi,0.11,0.23,2047.0,Wheat
Madhya Pradesh,Anuppur,Wheat,Total,0.11,0.23,2047.0,Wheat
Madhya Pradesh,Anuppur,Maize,Kharif,0.07,0.16,2161.0,Maize (corn)
Madhya Pradesh,Anuppur,Maize,Rabi,0.0,0.0,2580.0,Maize (corn)
Madhya Pradesh,Anuppur,Maize,Total,0.07,0.16,2162.0,Maize (corn)
Madhya Pradesh,Anuppur,Gram,Rabi,0.05,0.05,995.0,"Chick peas, dry"
Madhya Pradesh,Anuppur,Gram,Total,0.05,0.05,995.0,"Chick peas, dry"
Madhya Pradesh,Anuppur,Lentil,Rabi,0.2,0.14,693.0,"Lentils, dry"
Madhya Pradesh,Anuppur,Lentil,Total,0.2,0.14,693.0,"Lentils, dry"
Madhya Pradesh,Ashoknagar,Rice,Kharif,0.38,0.89,2355.0,Rice
Madhya Pradesh,Ashoknagar,Rice,Total,0.38,0.89,2355.0,Rice
Madhya Pradesh,Ashoknagar,Wheat,Rabi,1.51,4.37,2906.0,Wheat
Madhya Pradesh,Ashoknagar,Wheat,Total,1.51,4.37,2906.0,Wheat
Madhya Pradesh,Ashoknagar,Maize,Kharif,0.66,1.91,2919.0,Maize (corn)
Madhya Pradesh,Ashoknagar,Maize,Rabi,0.0,0.0,3402.0,Maize (corn)
Madhya Pradesh,Ashoknagar,Maize,Total,0.66,1.91,2919.0,Maize (corn)
Madhya Pradesh,Ashoknagar,Gram,Rabi,0.17,0.23,1335.0,"Chick peas, dry"
Madhya Pradesh,Ashoknagar,Gram,Total,0.17,0.23,1335.0,"Chick peas, dry"
Madhya Pradesh,Ashoknagar,Lentil,Rabi,0.51,0.5,980.0,"Lentils, dry"
Madhya Pradesh,Ashoknagar,Lentil,Total,0.51,0.5,980.0,"Lentils, dry"
Madhya Pradesh,Balaghat,Rice,Kharif,3.01,6.4,2123.0,Rice
Madhya Pradesh,Balaghat,Rice,Rabi,0.47,1.43,3040.0,Rice
Madhya Pradesh,Balaghat,Rice,Summer,0.0,0.02,3432.0,Rice
Madhya Pradesh,Balaghat,Rice,Total,3.49,7.84,2248.0,Rice
Madhya Pradesh,Balaghat,Wheat,Rabi,0.26,0.5,1879.0,Wheat
Madhya Pradesh,Balaghat,Wheat,Total,0.26,0.5,1879.0,Wheat
Madhya Pradesh,Balaghat,Maize,Kharif,0.02,0.05,3054.0,Maize (corn)
Madhya Pradesh,Balaghat,Maize,Rabi,0.0,0.0,4018.0,Maize (corn)
Madhya Pradesh,Balaghat,Maize,Summer,0.0,0.0,4241.0,Maize (corn)
Madhya Pradesh,Balaghat,Maize,Total,0.02,0.05,3112.0,Maize (corn)
Madhya Pradesh,Balaghat,Gram,Rabi,0.21,0.27,1302.0,"Chick peas, dry"
Madhya Pradesh,Balaghat,Gram,Total,0.21,0.27,1302.0,"Chick peas, dry"
Madhya Pradesh,Balaghat,Lentil,Rabi,0.0,0.0,503.0,"Lentils, dry"
Madhya Pradesh,Balaghat,Lentil,Total,0.0,0.0,503.0,"Lentils, dry"
Madhya Pradesh,Barwani,Rice,Kharif,0.01,0.01,683.0,Rice
Madhya Pradesh,Barwani,Rice,Total,0.01,0.01,683.0,Rice
Madhya Pradesh,Barwani,Wheat,Rabi,0.7,2.18,3124.0,Wheat
Madhya Pradesh,Barwani,Wheat,Total,0.7,2.18,3124.0,Wheat
Madhya Pradesh,Barwani,Maize,Kharif,0.84,2.7,3202.0,Maize (corn)
Madhya Pradesh,Barwani,Maize,Rabi,0.38,1.48,3924.0,Maize (corn)
Madhya Pradesh,Barwani,Maize,Summer,0.0,0.02,5070.0,Maize (corn)
Madhya Pradesh,Barwani,Maize,Total,1.22,4.19,3429.0,Maize (corn)
Madhya Pradesh,Barwani,Gram,Rabi,0.33,0.56,1733.0,"Chick peas, dry"
Madhya Pradesh,Barwani,Gram,Total,0.33,0.56,1733.0,"Chick peas, dry"
Madhya Pradesh,Betul,Rice,Kharif,0.4,1.0,2506.0,Rice
Madhya Pradesh,Betul,Rice,Rabi,0.0,0.0,2876.0,Rice
Madhya Pradesh,Betul,Rice,Total,0.4,1.0,2507.0,Rice
Madhya Pradesh,Betul,Wheat,Rabi,1.99,5.85,2932.0,Wheat
Madhya Pradesh,Betul,Wheat,Total,1.99,5.85,2932.0,Wheat
Madhya Pradesh,Betul,Maize,Kharif,2.17,5.53,2553.0,Maize (corn)
Madhya Pradesh,Betul,Maize,Rabi,0.04,0.14,3228.0,Maize (corn)
Madhya Pradesh,Betul,Maize,Summer,0.0,0.0,4635.0,Maize (corn)
Madhya Pradesh,Betul,Maize,Total,2.21,5.67,2567.0,Maize (corn)
Madhya Pradesh,Betul,Gram,Rabi,0.44,0.65,1488.0,"Chick peas, dry"
Madhya Pradesh,Betul,Gram,Total,0.44,0.65,1488.0,"Chick peas, dry"
Madhya Pradesh,Betul,Lentil,Rabi,0.01,0.01,780.0,"Lentils, dry"
Madhya Pradesh,Betul,Lentil,Total,0.01,0.01,780.0,"Lentils, dry"
Madhya Pradesh,Bhind,Rice,Kharif,0.42,1.28,3031.0,Rice
Madhya Pradesh,Bhind,Rice,Total,0.42,1.28,3031.0,Rice
Madhya Pradesh,Bhind,Wheat,Rabi,1.17,4.37,3737.0,Wheat
Madhya Pradesh,Bhind,Wheat,Total,1.17,4.37,3737.0,Wheat
Madhya Pradesh,Bhind,Maize,Kharif,0.0,0.0,3245.0,Maize (corn)
Madhya Pradesh,Bhind,Maize,Rabi,0.0,0.0,3513.0,Maize (corn)
Madhya Pradesh,Bhind,Maize,Summer,0.0,0.0,4443.0,Maize (corn)
Madhya Pradesh,Bhind,Maize,Total,0.0,0.0,3662.0,Maize (corn)
Madhya Pradesh,Bhind,Gram,Rabi,0.07,0.1,1486.0,"Chick peas, dry"
Madhya Pradesh,Bhind,Gram,Total,0.07,0.1,1486.0,"Chick peas, dry"
Madhya Pradesh,Bhind,Lentil,Rabi,0.01,0.01,988.0,"Lentils, dry"
Madhya Pradesh,Bhind,Lentil,Total,0.01,0.01,988.0,"Lentils, dry"
Madhya Pradesh,Bhopal,Rice,Kharif,0.31,0.8,2563.0,Rice
Madhya Pradesh,Bhopal,Rice,Total,0.31,0.8,2563.0,Rice
Madhya Pradesh,Bhopal,Wheat,Rabi,1.15,3.6,3135.0,Wheat
Madhya Pradesh,Bhopal,Wheat,Total,1.15,3.6,3135.0,Wheat
Madhya Pradesh,Bhopal,Maize,Kharif,0.01,0.03,2320.0,Maize (corn)
Madhya Pradesh,Bhopal,Maize,Rabi,0.0,0.0,2727.0,Maize (corn)
Madhya Pradesh,Bhopal,Maize,Summer,0.0,0.0,4443.0,Maize (corn)
Madhya Pradesh,Bhopal,Maize,Total,0.01,0.03,2368.0,Maize (corn)
Madhya Pradesh,Bhopal,Gram,Rabi,0.02,0.02,1248.0,"Chick peas, dry"
Madhya Pradesh,Bhopal,Gram,Total,0.02,0.02,1248.0,"Chick peas, dry"
Madhya Pradesh,Bhopal,Lentil,Rabi,0.0,0.0,1020.0,"Lentils, dry"
Madhya Pradesh,Bhopal,Lentil,Total,0.0,0.0,1020.0,"Lentils, dry"
Madhya Pradesh,Burhanpur,Rice,Kharif,0.01,0.01,1266.0,Rice
Madhya Pradesh,Burhanpur,Rice,Total,0.01,0.01,1266.0,Rice
Madhya Pradesh,Burhanpur,Wheat,Rabi,0.1,0.25,2562.0,Wheat
Madhya Pradesh,Burhanpur,Wheat,Total,0.1,0.25,2562.0,Wheat
Madhya Pradesh,Burhanpur,Maize,Kharif,0.19,0.54,2853.0,Maize (corn)
Madhya Pradesh,Burhanpur,Maize,Rabi,0.19,0.82,4277.0,Maize (corn)
Madhya Pradesh,Burhanpur,Maize,Summer,0.0,0.0,5665.0,Maize (corn)
Madhya Pradesh,Burhanpur,Maize,Total,0.38,1.37,3569.0,Maize (corn)
Madhya Pradesh,Burhanpur,Gram,Rabi,0.13,0.21,1689.0,"Chick peas, dry"
Madhya Pradesh,Burhanpur,Gram,Total,0.13,0.21,1689.0,"Chick peas, dry"
Madhya Pradesh,Chhatarpur,Rice,Kharif,0.04,0.06,1346.0,Rice
Madhya Pradesh,Chhatarpur,Rice,Total,0.04,0.06,1346.0,Rice
Madhya Pradesh,Chhatarpur,Wheat,Rabi,2.52,6.3,2503.0,Wheat
Madhya Pradesh,Chhatarpur,Wheat,Total,2.52,6.3,2503.0,Wheat
Madhya Pradesh,Chhatarpur,Maize,Kharif,0.01,0.02,1447.0,Maize (corn)
Madhya Pradesh,Chhatarpur,Maize,Rabi,0.0,0.0,3121.0,Maize (corn)
Madhya Pradesh,Chhatarpur,Maize,Summer,0.0,0.0,4469.0,Maize (corn)
Madhya Pradesh,Chhatarpur,Maize,Total,0.01,0.02,1585.0,Maize (corn)
Madhya Pradesh,Chhatarpur,Gram,Rabi,0.44,0.67,1503.0,"Chick peas, dry"
Madhya Pradesh,Chhatarpur,Gram,Total,0.44,0.67,1503.0,"Chick peas, dry"
Madhya Pradesh,Chhatarpur,Lentil,Rabi,0.13,0.1,760.0,"Lentils, dry"
Madhya Pradesh,Chhatarpur,Lentil,Total,0.13,0.1,760.0,"Lentils, dry"
Madhya Pradesh,Chhindwara,Rice,Kharif,0.25,0.5,2041.0,Rice
Madhya Pradesh,Chhindwara,Rice,Rabi,0.0,0.0,2333.0,Rice
Madhya Pradesh,Chhindwara,Rice,Total,0.25,0.5,2041.0,Rice
Madhya Pradesh,Chhindwara,Wheat,Rabi,2.03,6.14,3028.0,Wheat
Madhya Pradesh,Chhindwara,Wheat,Total,2.03,6.14,3028.0,Wheat
Madhya Pradesh,Chhindwara,Maize,Kharif,3.35,11.16,3333.0,Maize (corn)
Madhya Pradesh,Chhindwara,Maize,Rabi,0.01,0.03,4198.0,Maize (corn)
Madhya Pradesh,Chhindwara,Maize,Summer,0.01,0.05,5098.0,Maize (corn)
Madhya Pradesh,Chhindwara,Maize,Total,3.36,11.23,3340.0,Maize (corn)
Madhya Pradesh,Chhindwara,Gram,Rabi,0.25,0.44,1766.0,"Chick peas, dry"
Madhya Pradesh,Chhindwara,Gram,Total,0.25,0.44,1766.0,"Chick peas, dry"
Madhya Pradesh,Chhindwara,Lentil,Rabi,0.06,0.05,830.0,"Lentils, dry"
Madhya Pradesh,Chhindwara,Lentil,Total,0.06,0.05,830.0,"Lentils, dry"
Madhya Pradesh,Damoh,Rice,Kharif,0.84,2.31,2750.0,Rice
Madhya Pradesh,Damoh,Rice,Total,0.84,2.31,2750.0,Rice
Madhya Pradesh,Damoh,Wheat,Rabi,1.38,3.79,2751.0,Wheat
Madhya Pradesh,Damoh,Wheat,Total,1.38,3.79,2751.0,Wheat
Madhya Pradesh,Damoh,Maize,Kharif,0.17,0.4,2371.0,Maize (corn)
Madhya Pradesh,Damoh,Maize,Rabi,0.0,0.0,2196.0,Maize (corn)
Madhya Pradesh,Damoh,Maize,Total,0.17,0.41,2371.0,Maize (corn)
Madhya Pradesh,Damoh,Gram,Rabi,0.67,1.11,1656.0,"Chick peas, dry"
Madhya Pradesh,Damoh,Gram,Total,0.67,1.11,1656.0,"Chick peas, dry"
Madhya Pradesh,Damoh,Lentil,Rabi,0.35,0.35,984.0,"Lentils, dry"
Madhya Pradesh,Damoh,Lentil,Total,0.35,0.35,984.0,"Lentils, dry"
Madhya Pradesh,Datia,Rice,Kharif,1.0,1.93,1924.0,Rice
Madhya Pradesh,Datia,Rice,Summer,0.0,0.0,2659.0,Rice
Madhya Pradesh,Datia,Rice,Total,1.0,1.93,1925.0,Rice
Madhya Pradesh,Datia,Wheat,Rabi,1.46,4.25,2907.0,Wheat
Madhya Pradesh,Datia,Wheat,Total,1.46,4.25,2907.0,Wheat
Madhya Pradesh,Datia,Maize,Kharif,0.0,0.01,2837.0,Maize (corn)
Madhya Pradesh,Datia,Maize,Rabi,0.0,0.0,3482.0,Maize (corn)
Madhya Pradesh,Datia,Maize,Summer,0.0,0.0,4170.0,Maize (corn)
Madhya Pradesh,Datia,Maize,Total,0.0,0.01,3102.0,Maize (corn)
Madhya Pradesh,Datia,Gram,Rabi,0.12,0.18,1570.0,"Chick peas, dry"
Madhya Pradesh,Datia,Gram,Total,0.12,0.18,1570.0,"Chick peas, dry"
Madhya Pradesh,Datia,Lentil,Rabi,0.01,0.01,939.0,"Lentils, dry"
Madhya Pradesh,Datia,Lentil,Total,0.01,0.01,939.0,"Lentils, dry"
Madhya Pradesh,Dewas,Rice,Kharif,0.01,0.01,1338.0,Rice
Madhya Pradesh,Dewas,Rice,Total,0.01,0.01,1338.0,Rice
Madhya Pradesh,Dewas,Wheat,Rabi,2.41,7.67,3187.0,Wheat
Madhya Pradesh,Dewas,Wheat,Total,2.41,7.67,3187.0,Wheat
Madhya Pradesh,Dewas,Maize,Kharif,0.26,0.52,2023.0,Maize (corn)
Madhya Pradesh,Dewas,Maize,Rabi,0.04,0.17,4155.0,Maize (corn)
Madhya Pradesh,Dewas,Maize,Summer,0.0,0.01,4395.0,Maize (corn)
Madhya Pradesh,Dewas,Maize,Total,0.3,0.7,2328.0,Maize (corn)
Madhya Pradesh,Dewas,Gram,Rabi,0.47,0.74,1560.0,"Chick peas, dry"
Madhya Pradesh,Dewas,Gram,Total,0.47,0.74,1560.0,"Chick peas, dry"
Madhya Pradesh,Dewas,Lentil,Rabi,0.0,0.0,810.0,"Lentils, dry"
Madhya Pradesh,Dewas,Lentil,Total,0.0,0.0,810.0,"Lentils, dry"
Madhya Pradesh,Dhar,Rice,Kharif,0.01,0.0,859.0,Rice
Madhya Pradesh,Dhar,Rice,Rabi,0.0,0.0,1077.0,Rice
Madhya Pradesh,Dhar,Rice,Total,0.01,0.0,861.0,Rice
Madhya Pradesh,Dhar,Wheat,Rabi,2.61,9.03,3460.0,Wheat
Madhya Pradesh,Dhar,Wheat,Total,2.61,9.03,3460.0,Wheat
Madhya Pradesh,Dhar,Maize,Kharif,0.61,1.91,3131.0,Maize (corn)
Madhya Pradesh,Dhar,Maize,Rabi,0.29,0.97,3358.0,Maize (corn)
Madhya Pradesh,Dhar,Maize,Summer,0.0,0.01,4870.0,Maize (corn)
Madhya Pradesh,Dhar,Maize,Total,0.9,2.89,3209.0,Maize (corn)
Madhya Pradesh,Dhar,Gram,Rabi,0.65,0.91,1406.0,"Chick peas, dry"
Madhya Pradesh,Dhar,Gram,Total,0.65,0.91,1406.0,"Chick peas, dry"
Madhya Pradesh,Dindori,Rice,Kharif,1.32,2.25,1708.0,Rice
Madhya Pradesh,Dindori,Rice,Total,1.32,2.25,1708.0,Rice
Madhya Pradesh,Dindori,Wheat,Rabi,0.33,0.61,1831.0,Wheat
Madhya Pradesh,Dindori,Wheat,Total,0.33,0.61,1831.0,Wheat
Madhya Pradesh,Dindori,Maize,Kharif,0.18,0.44,2507.0,Maize (corn)
Madhya Pradesh,Dindori,Maize,Rabi,0.0,0.0,2555.0,Maize (corn)
Madhya Pradesh,Dindori,Maize,Total,0.18,0.44,2507.0,Maize (corn)
Madhya Pradesh,Dindori,Gram,Rabi,0.06,0.07,1148.0,"Chick peas, dry"
Madhya Pradesh,Dindori,Gram,Total,0.06,0.07,1148.0,"Chick peas, dry"
Madhya Pradesh,Dindori,Lentil,Rabi,0.33,0.26,781.0,"Lentils, dry"
Madhya Pradesh,Dindori,Lentil,Total,0.33,0.26,781.0,"Lentils, dry"
Madhya Pradesh,Guna,Rice,Kharif,0.11,0.26,2328.0,Rice
Madhya Pradesh,Guna,Rice,Rabi,0.0,0.0,2013.0,Rice
Madhya Pradesh,Guna,Rice,Total,0.11,0.26,2328.0,Rice
Madhya Pradesh,Guna,Wheat,Rabi,1.91,6.45,3383.0,Wheat
Madhya Pradesh,Guna,Wheat,Total,1.91,6.45,3383.0,Wheat
Madhya Pradesh,Guna,Maize,Kharif,2.17,6.52,3008.0,Maize (corn)
Madhya Pradesh,Guna,Maize,Rabi,0.0,0.0,2824.0,Maize (corn)
Madhya Pradesh,Guna,Maize,Summer,0.0,0.0,4720.0,Maize (corn)
Madhya Pradesh,Guna,Maize,Total,2.17,6.52,3008.0,Maize (corn)
Madhya Pradesh,Guna,Gram,Rabi,0.19,0.28,1445.0,"Chick peas, dry"
Madhya Pradesh,Guna,Gram,Total,0.19,0.28,1445.0,"Chick peas, dry"
Madhya Pradesh,Guna,Lentil,Rabi,0.17,0.19,1130.0,"Lentils, dry"
Madhya Pradesh,Guna,Lentil,Total,0.17,0.19,1130.0,"Lentils, dry"
Madhya Pradesh,Gwalior,Rice,Kharif,1.09,2.97,2710.0,Rice
Madhya Pradesh,Gwalior,Rice,Summer,0.0,0.0,2719.0,Rice
Madhya Pradesh,Gwalior,Rice,Total,1.1,2.97,2710.0,Rice
Madhya Pradesh,Gwalior,Wheat,Rabi,1.29,4.33,3358.0,Wheat
Madhya Pradesh,Gwalior,Wheat,Total,1.29,4.33,3358.0,Wheat
Madhya Pradesh,Gwalior,Maize,Kharif,0.0,0.0,2361.0,Maize (corn)
Madhya Pradesh,Gwalior,Maize,Rabi,0.0,0.0,3700.0,Maize (corn)
Madhya Pradesh,Gwalior,Maize,Summer,0.0,0.0,4660.0,Maize (corn)
Madhya Pradesh,Gwalior,Maize,Total,0.0,0.01,3036.0,Maize (corn)
Madhya Pradesh,Gwalior,Gram,Rabi,0.02,0.03,1646.0,"Chick peas, dry"
Madhya Pradesh,Gwalior,Gram,Total,0.02,0.03,1646.0,"Chick peas, dry"
Madhya Pradesh,Gwalior,Lentil,Rabi,0.0,0.0,820.0,"Lentils, dry"
Madhya Pradesh,Gwalior,Lentil,Total,0.0,0.0,820.0,"Lentils, dry"
Madhya Pradesh,Harda,Rice,Kharif,0.03,0.07,2301.0,Rice
Madhya Pradesh,Harda,Rice,Total,0.03,0.07,2301.0,Rice
Madhya Pradesh,Harda,Wheat,Rabi,0.83,3.0,3613.0,Wheat
Madhya Pradesh,Harda,Wheat,Total,0.83,3.0,3613.0,Wheat
Madhya Pradesh,Harda,Maize,Kharif,0.19,0.44,2353.0,Maize (corn)
Madhya Pradesh,Harda,Maize,Rabi,0.12,0.49,4176.0,Maize (corn)
Madhya Pradesh,Harda,Maize,Summer,0.0,0.0,4870.0,Maize (corn)
Madhya Pradesh,Harda,Maize,Total,0.31,0.94,3059.0,Maize (corn)
Madhya Pradesh,Harda,Gram,Rabi,0.68,1.17,1713.0,"Chick peas, dry"
Madhya Pradesh,Harda,Gram,Total,0.68,1.17,1713.0,"Chick peas, dry"
Madhya Pradesh,Harda,Lentil,Rabi,0.0,0.0,500.0,"Lentils, dry"
Madhya Pradesh,Harda,Lentil,Total,0.0,0.0,500.0,"Lentils, dry"
Madhya Pradesh,Indore,Rice,Kharif,0.01,0.01,1039.0,Rice
Madhya Pradesh,Indore,Rice,Total,0.01,0.01,1039.0,Rice
Madhya Pradesh,Indore,Wheat,Rabi,1.65,6.15,3727.0,Wheat
Madhya Pradesh,Indore,Wheat,Total,1.65,6.15,3727.0,Wheat
Madhya Pradesh,Indore,Maize,Kharif,0.02,0.06,3079.0,Maize (corn)
Madhya Pradesh,Indore,Maize,Rabi,0.0,0.01,2049.0,Maize (corn)
Madhya Pradesh,Indore,Maize,Summer,0.0,0.02,4685.0,Maize (corn)
Madhya Pradesh,Indore,Maize,Total,0.03,0.09,3189.0,Maize (corn)
Madhya Pradesh,Indore,Gram,Rabi,0.03,0.04,1501.0,"Chick peas, dry"
Madhya Pradesh,Indore,Gram,Total,0.03,0.04,1501.0,"Chick peas, dry"
Madhya Pradesh,Indore,Lentil,Rabi,0.0,0.0,660.0,"Lentils, dry"
Madhya Pradesh,Indore,Lentil,Total,0.0,0.0,660.0,"Lentils, dry"
Madhya Pradesh,Jabalpur,Rice,Kharif,1.68,3.94,2347.0,Rice
Madhya Pradesh,Jabalpur,Rice,Total,1.68,3.94,2347.0,Rice
Madhya Pradesh,Jabalpur,Wheat,Rabi,1.44,5.17,3586.0,Wheat
Madhya Pradesh,Jabalpur,Wheat,Total,1.44,5.17,3586.0,Wheat
Madhya Pradesh,Jabalpur,Maize,Kharif,0.52,1.25,2375.0,Maize (corn)
Madhya Pradesh,Jabalpur,Maize,Rabi,0.0,0.0,2253.0,Maize (corn)
Madhya Pradesh,Jabalpur,Maize,Summer,0.0,0.01,4896.0,Maize (corn)
Madhya Pradesh,Jabalpur,Maize,Total,0.53,1.25,2380.0,Maize (corn)
Madhya Pradesh,Jabalpur,Gram,Rabi,0.13,0.23,1670.0,"Chick peas, dry"
Madhya Pradesh,Jabalpur,Gram,Total,0.13,0.23,1670.0,"Chick peas, dry"
Madhya Pradesh,Jabalpur,Lentil,Rabi,0.03,0.03,1196.0,"Lentils, dry"
Madhya Pradesh,Jabalpur,Lentil,Total,0.03,0.03,1196.0,"Lentils, dry"
Madhya Pradesh,Jhabua,Rice,Kharif,0.05,0.05,1048.0,Rice
Madhya Pradesh,Jhabua,Rice,Total,0.05,0.05,1048.0,Rice
Madhya Pradesh,Jhabua,Wheat,Rabi,0.68,1.6,2361.0,Wheat
Madhya Pradesh,Jhabua,Wheat,Total,0.68,1.6,2361.0,Wheat
Madhya Pradesh,Jhabua,Maize,Kharif,0.67,1.55,2310.0,Maize (corn)
Madhya Pradesh,Jhabua,Maize,Rabi,0.14,0.43,3068.0,Maize (corn)
Madhya Pradesh,Jhabua,Maize,Summer,0.0,0.0,4654.0,Maize (corn)
Madhya Pradesh,Jhabua,Maize,Total,0.81,1.98,2441.0,Maize (corn)
Madhya Pradesh,Jhabua,Gram,Rabi,0.14,0.19,1329.0,"Chick peas, dry"
Madhya Pradesh,Jhabua,Gram,Total,0.14,0.19,1329.0,"Chick peas, dry"
Madhya Pradesh,Katni,Rice,Kharif,1.95,5.33,2738.0,Rice
Madhya Pradesh,Katni,Rice,Total,1.95,5.33,2738.0,Rice
Madhya Pradesh,Katni,Wheat,Rabi,1.59,4.99,3133.0,Wheat
Madhya Pradesh,Katni,Wheat,Total,1.59,4.99,3133.0,Wheat
Madhya Pradesh,Katni,Maize,Kharif,0.01,0.03,2612.0,Maize (corn)
Madhya Pradesh,Katni,Maize,Rabi,0.0,0.0,2196.0,Maize (corn)
Madhya Pradesh,Katni,Maize,Summer,0.0,0.0,4488.0,Maize (corn)
Madhya Pradesh,Katni,Maize,Total,0.01,0.03,2680.0,Maize (corn)
Madhya Pradesh,Katni,Gram,Rabi,0.08,0.13,1543.0,"Chick peas, dry"
Madhya Pradesh,Katni,Gram,Total,0.08,0.13,1543.0,"Chick peas, dry"
Madhya Pradesh,Katni,Lentil,Rabi,0.03,0.03,824.0,"Lentils, dry"
Madhya Pradesh,Katni,Lentil,Total,0.03,0.03,824.0,"Lentils, dry"
Madhya Pradesh,Khandwa (East Nimar),Rice,Kharif,0.02,0.01,673.0,Rice
Madhya Pradesh,Khandwa (East Nimar),Rice,Total,0.02,0.01,673.0,Rice
Madhya Pradesh,Khandwa (East Nimar),Wheat,Rabi,1.34,3.43,2553.0,Wheat
Madhya Pradesh,Khandwa (East Nimar),Wheat,Total,1.34,3.43,2553.0,Wheat
Madhya Pradesh,Khandwa (East Nimar),Maize,Kharif,0.31,1.04,3361.0,Maize (corn)
Madhya Pradesh,Khandwa (East Nimar),Maize,Rabi,0.13,0.51,3982.0,Maize (corn)
Madhya Pradesh,Khandwa (East Nimar),Maize,Summer,0.0,0.0,5576.0,Maize (corn)
Madhya Pradesh,Khandwa (East Nimar),Maize,Total,0.44,1.56,3545.0,Maize (corn)
Madhya Pradesh,Khandwa (East Nimar),Gram,Rabi,0.75,1.03,1378.0,"Chick peas, dry"
Madhya Pradesh,Khandwa (East Nimar),Gram,Total,0.75,1.03,1378.0,"Chick peas, dry"
Madhya Pradesh,Khandwa (East Nimar),Lentil,Rabi,0.0,0.0,600.0,"Lentils, dry"
Madhya Pradesh,Khandwa (East Nimar),Lentil,Total,0.0,0.0,600.0,"Lentils, dry"
Madhya Pradesh,Khargone (West Nimar),Rice,Kharif,0.01,0.0,751.0,Rice
Madhya Pradesh,Khargone (West Nimar),Rice,Total,0.01,0.0,751.0,Rice
Madhya Pradesh,Khargone (West Nimar),Wheat,Rabi,1.28,4.69,3666.0,Wheat
Madhya Pradesh,Khargone (West Nimar),Wheat,Total,1.28,4.69,3666.0,Wheat
Madhya Pradesh,Khargone (West Nimar),Maize,Kharif,0.66,2.15,3261.0,Maize (corn)
Madhya Pradesh,Khargone (West Nimar),Maize,Rabi,0.46,1.82,4000.0,Maize (corn)
Madhya Pradesh,Khargone (West Nimar),Maize,Summer,0.0,0.01,5080.0,Maize (corn)
Madhya Pradesh,Khargone (West Nimar),Maize,Total,1.12,3.98,3567.0,Maize (corn)
Madhya Pradesh,Khargone (West Nimar),Gram,Rabi,1.5,2.49,1665.0,"Chick peas, dry"
Madhya Pradesh,Khargone (West Nimar),Gram,Total,1.5,2.49,1665.0,"Chick peas, dry"
Madhya Pradesh,Maihar,Rice,Kharif,0.86,2.26,2617.0,Rice
Madhya Pradesh,Maihar,Rice,Total,0.86,2.26,2617.0,Rice
Madhya Pradesh,Maihar,Wheat,Rabi,0.72,2.13,2969.0,Wheat
Madhya Pradesh,Maihar,Wheat,Total,0.72,2.13,2969.0,Wheat
Madhya Pradesh,Maihar,Maize,Kharif,0.0,0.0,1273.0,Maize (corn)
Madhya Pradesh,Maihar,Maize,Rabi,0.0,0.0,2720.0,Maize (corn)
Madhya Pradesh,Maihar,Maize,Total,0.0,0.0,1323.0,Maize (corn)
Madhya Pradesh,Maihar,Gram,Rabi,0.03,0.04,1330.0,"Chick peas, dry"
Madhya Pradesh,Maihar,Gram,Total,0.03,0.04,1330.0,"Chick peas, dry"
Madhya Pradesh,Maihar,Lentil,Rabi,0.05,0.04,810.0,"Lentils, dry"
Madhya Pradesh,Maihar,Lentil,Total,0.05,0.04,810.0,"Lentils, dry"
Madhya Pradesh,Mandla,Rice,Kharif,1.84,4.19,2273.0,Rice
Madhya Pradesh,Mandla,Rice,Rabi,0.0,0.0,2667.0,Rice
Madhya Pradesh,Mandla,Rice,Total,1.84,4.19,2273.0,Rice
Madhya Pradesh,Mandla,Wheat,Rabi,0.52,1.19,2282.0,Wheat
Madhya Pradesh,Mandla,Wheat,Total,0.52,1.19,2282.0,Wheat
Madhya Pradesh,Mandla,Maize,Kharif,0.26,0.65,2520.0,Maize (corn)
Madhya Pradesh,Mandla,Maize,Rabi,0.01,0.04,3516.0,Maize (corn)
Madhya Pradesh,Mandla,Maize,Total,0.27,0.7,2564.0,Maize (corn)
Madhya Pradesh,Mandla,Gram,Rabi,0.06,0.08,1295.0,"Chick peas, dry"
Madhya Pradesh,Mandla,Gram,Total,0.06,0.08,1295.0,"Chick peas, dry"
Madhya Pradesh,Mandla,Lentil,Rabi,0.14,0.11,806.0,"Lentils, dry"
Madhya Pradesh,Mandla,Lentil,Total,0.14,0.11,806.0,"Lentils, dry"
Madhya Pradesh,Mandsaur,Rice,Kharif,0.01,0.0,592.0,Rice
Madhya Pradesh,Mandsaur,Rice,Total,0.01,0.0,592.0,Rice
Madhya Pradesh,Mandsaur,Wheat,Rabi,1.88,6.75,3588.0,Wheat
Madhya Pradesh,Mandsaur,Wheat,Total,1.88,6.75,3588.0,Wheat
Madhya Pradesh,Mandsaur,Maize,Kharif,0.07,0.19,2640.0,Maize (corn)
Madhya Pradesh,Mandsaur,Maize,Rabi,0.0,0.0,2296.0,Maize (corn)
Madhya Pradesh,Mandsaur,Maize,Summer,0.0,0.0,4843.0,Maize (corn)
Madhya Pradesh,Mandsaur,Maize,Total,0.07,0.2,2645.0,Maize (corn)
Madhya Pradesh,Mandsaur,Gram,Rabi,0.25,0.36,1413.0,"Chick peas, dry"
Madhya Pradesh,Mandsaur,Gram,Total,0.25,0.36,1413.0,"Chick peas, dry"
Madhya Pradesh,Mandsaur,Lentil,Rabi,0.14,0.11,736.0,"Lentils, dry"
Madhya Pradesh,Mandsaur,Lentil,Total,0.14,0.11,736.0,"Lentils, dry"
Madhya Pradesh,Mauganj,Rice,Kharif,0.8,2.16,2687.0,Rice
Madhya Pradesh,Mauganj,Rice,Total,0.8,2.16,2687.0,Rice
Madhya Pradesh,Mauganj,Wheat,Rabi,0.58,1.53,2635.0,Wheat
Madhya Pradesh,Mauganj,Wheat,Total,0.58,1.53,2635.0,Wheat
Madhya Pradesh,Mauganj,Maize,Kharif,0.01,0.01,1848.0,Maize (corn)
Madhya Pradesh,Mauganj,Maize,Rabi,0.0,0.0,3154.0,Maize (corn)
Madhya Pradesh,Mauganj,Maize,Total,0.01,0.01,1910.0,Maize (corn)
Madhya Pradesh,Mauganj,Gram,Rabi,0.01,0.02,1416.0,"Chick peas, dry"
Madhya Pradesh,Mauganj,Gram,Total,0.01,0.02,1416.0,"Chick peas, dry"
Madhya Pradesh,Mauganj,Lentil,Rabi,0.03,0.02,810.0,"Lentils, dry"
Madhya Pradesh,Mauganj,Lentil,Total,0.03,0.02,810.0,"Lentils, dry"
Madhya Pradesh,Morena,Rice,Kharif,0.13,0.31,2416.0,Rice
Madhya Pradesh,Morena,Rice,Total,0.13,0.31,2416.0,Rice
Madhya Pradesh,Morena,Wheat,Rabi,1.02,3.61,3521.0,Wheat
Madhya Pradesh,Morena,Wheat,Total,1.02,3.61,3521.0,Wheat
Madhya Pradesh,Morena,Maize,Kharif,0.0,0.0,2481.0,Maize (corn)
Madhya Pradesh,Morena,Maize,Rabi,0.0,0.0,3500.0,Maize (corn)
Madhya Pradesh,Morena,Maize,Summer,0.0,0.0,4135.0,Maize (corn)
Madhya Pradesh,Morena,Maize,Total,0.0,0.0,3075.0,Maize (corn)
Madhya Pradesh,Morena,Gram,Rabi,0.02,0.03,1658.0,"Chick peas, dry"
Madhya Pradesh,Morena,Gram,Total,0.02,0.03,1658.0,"Chick peas, dry"
Madhya Pradesh,Morena,Lentil,Rabi,0.0,0.0,1261.0,"Lentils, dry"
Madhya Pradesh,Morena,Lentil,Total,0.0,0.0,1261.0,"Lentils, dry"
Madhya Pradesh,Narmadapuram,Rice,Kharif,2.16,5.29,2454.0,Rice
Madhya Pradesh,Narmadapuram,Rice,Rabi,0.01,0.02,3401.0,Rice
Madhya Pradesh,Narmadapuram,Rice,Summer,0.0,0.02,3396.0,Rice
Madhya Pradesh,Narmadapuram,Rice,Total,2.17,5.33,2459.0,Rice
Madhya Pradesh,Narmadapuram,Wheat,Rabi,2.06,8.0,3889.0,Wheat
Madhya Pradesh,Narmadapuram,Wheat,Total,2.06,8.0,3889.0,Wheat
Madhya Pradesh,Narmadapuram,Maize,Kharif,0.47,1.02,2148.0,Maize (corn)
Madhya Pradesh,Narmadapuram,Maize,Rabi,0.01,0.03,3947.0,Maize (corn)
Madhya Pradesh,Narmadapuram,Maize,Summer,0.0,0.0,5010.0,Maize (corn)
Madhya Pradesh,Narmadapuram,Maize,Total,0.48,1.05,2183.0,Maize (corn)
Madhya Pradesh,Narmadapuram,Gram,Rabi,0.59,1.11,1885.0,"Chick peas, dry"
Madhya Pradesh,Narmadapuram,Gram,Total,0.59,1.11,1885.0,"Chick peas, dry"
Madhya Pradesh,Narmadapuram,Lentil,Rabi,0.0,0.0,934.0,"Lentils, dry"
Madhya Pradesh,Narmadapuram,Lentil,Total,0.0,0.0,934.0,"Lentils, dry"
Madhya Pradesh,Narsimhapur,Rice,Kharif,0.79,2.05,2584.0,Rice
Madhya Pradesh,Narsimhapur,Rice,Total,0.79,2.05,2584.0,Rice
Madhya Pradesh,Narsimhapur,Wheat,Rabi,1.32,4.07,3075.0,Wheat
Madhya Pradesh,Narsimhapur,Wheat,Total,1.32,4.07,3075.0,Wheat
Madhya Pradesh,Narsimhapur,Maize,Kharif,0.69,1.81,2633.0,Maize (corn)
Madhya Pradesh,Narsimhapur,Maize,Rabi,0.0,0.0,4162.0,Maize (corn)
Madhya Pradesh,Narsimhapur,Maize,Summer,0.0,0.0,4975.0,Maize (corn)
Madhya Pradesh,Narsimhapur,Maize,Total,0.69,1.81,2635.0,Maize (corn)
Madhya Pradesh,Narsimhapur,Gram,Rabi,0.62,1.04,1664.0,"Chick peas, dry"
Madhya Pradesh,Narsimhapur,Gram,Total,0.62,1.04,1664.0,"Chick peas, dry"
Madhya Pradesh,Narsimhapur,Lentil,Rabi,0.25,0.23,921.0,"Lentils, dry"
Madhya Pradesh,Narsimhapur,Lentil,Total,0.25,0.23,921.0,"Lentils, dry"
Madhya Pradesh,Neemuch,Rice,Kharif,0.01,0.0,621.0,Rice
Madhya Pradesh,Neemuch,Rice,Total,0.01,0.0,621.0,Rice
Madhya Pradesh,Neemuch,Wheat,Rabi,0.79,2.38,2994.0,Wheat
Madhya Pradesh,Neemuch,Wheat,Total,0.79,2.38,2994.0,Wheat
Madhya Pradesh,Neemuch,Maize,Kharif,0.18,0.57,3156.0,Maize (corn)
Madhya Pradesh,Neemuch,Maize,Rabi,0.0,0.0,3229.0,Maize (corn)
Madhya Pradesh,Neemuch,Maize,Total,0.18,0.57,3156.0,Maize (corn)
Madhya Pradesh,Neemuch,Gram,Rabi,0.24,0.33,1340.0,"Chick peas, dry"
Madhya Pradesh,Neemuch,Gram,Total,0.24,0.33,1340.0,"Chick peas, dry"
Madhya Pradesh,Neemuch,Lentil,Rabi,0.05,0.03,710.0,"Lentils, dry"
Madhya Pradesh,Neemuch,Lentil,Total,0.05,0.03,710.0,"Lentils, dry"
Madhya Pradesh,Niwari,Rice,Kharif,0.01,0.01,757.0,Rice
Madhya Pradesh,Niwari,Rice,Total,0.01,0.01,757.0,Rice
Madhya Pradesh,Niwari,Wheat,Rabi,0.62,1.52,2449.0,Wheat
Madhya Pradesh,Niwari,Wheat,Total,0.62,1.52,2449.0,Wheat
Madhya Pradesh,Niwari,Maize,Kharif,0.0,0.0,1741.0,Maize (corn)
Madhya Pradesh,Niwari,Maize,Rabi,0.0,0.0,3803.0,Maize (corn)
Madhya Pradesh,Niwari,Maize,Total,0.0,0.0,1881.0,Maize (corn)
Madhya Pradesh,Niwari,Gram,Rabi,0.0,0.0,1217.0,"Chick peas, dry"
Madhya Pradesh,Niwari,Gram,Total,0.0,0.0,1217.0,"Chick peas, dry"
Madhya Pradesh,Niwari,Lentil,Rabi,0.0,0.0,682.0,"Lentils, dry"
Madhya Pradesh,Niwari,Lentil,Total,0.0,0.0,682.0,"Lentils, dry"
Madhya Pradesh,Pandhurna,Rice,Kharif,0.01,0.02,2029.0,Rice
Madhya Pradesh,Pandhurna,Rice,Total,0.01,0.02,2029.0,Rice
Madhya Pradesh,Pandhurna,Wheat,Rabi,0.11,0.33,2865.0,Wheat
Madhya Pradesh,Pandhurna,Wheat,Total,0.11,0.33,2865.0,Wheat
Madhya Pradesh,Pandhurna,Maize,Kharif,0.14,0.49,3434.0,Maize (corn)
Madhya Pradesh,Pandhurna,Maize,Rabi,0.0,0.01,3961.0,Maize (corn)
Madhya Pradesh,Pandhurna,Maize,Summer,0.0,0.01,4980.0,Maize (corn)
Madhya Pradesh,Pandhurna,Maize,Total,0.15,0.5,3456.0,Maize (corn)
Madhya Pradesh,Pandhurna,Gram,Rabi,0.03,0.04,1732.0,"Chick peas, dry"
Madhya Pradesh,Pandhurna,Gram,Total,0.03,0.04,1732.0,"Chick peas, dry"
Madhya Pradesh,Pandhurna,Lentil,Rabi,0.0,0.0,913.0,"Lentils, dry"
Madhya Pradesh,Pandhurna,Lentil,Total,0.0,0.0,913.0,"Lentils, dry"
Madhya Pradesh,Panna,Rice,Kharif,1.36,2.77,2037.0,Rice
Madhya Pradesh,Panna,Rice,Total,1.36,2.77,2037.0,Rice
Madhya Pradesh,Panna,Wheat,Rabi,1.16,3.35,2899.0,Wheat
Madhya Pradesh,Panna,Wheat,Total,1.16,3.35,2899.0,Wheat
Madhya Pradesh,Panna,Maize,Kharif,0.01,0.02,2052.0,Maize (corn)
Madhya Pradesh,Panna,Maize,Rabi,0.0,0.0,3229.0,Maize (corn)
Madhya Pradesh,Panna,Maize,Total,0.01,0.02,2077.0,Maize (corn)
Madhya Pradesh,Panna,Gram,Rabi,0.31,0.49,1556.0,"Chick peas, dry"
Madhya Pradesh,Panna,Gram,Total,0.31,0.49,1556.0,"Chick peas, dry"
Madhya Pradesh,Panna,Lentil,Rabi,0.27,0.27,1013.0,"Lentils, dry"
Madhya Pradesh,Panna,Lentil,Total,0.27,0.27,1013.0,"Lentils, dry"
Madhya Pradesh,Raisen,Rice,Kharif,2.69,6.49,2414.0,Rice
Madhya Pradesh,Raisen,Rice,Total,2.69,6.49,2414.0,Rice
Madhya Pradesh,Raisen,Wheat,Rabi,2.34,7.49,3207.0,Wheat
Madhya Pradesh,Raisen,Wheat,Total,2.34,7.49,3207.0,Wheat
Madhya Pradesh,Raisen,Maize,Kharif,0.16,0.32,1929.0,Maize (corn)
Madhya Pradesh,Raisen,Maize,Rabi,0.0,0.0,3362.0,Maize (corn)
Madhya Pradesh,Raisen,Maize,Summer,0.0,0.0,4810.0,Maize (corn)
Madhya Pradesh,Raisen,Maize,Total,0.16,0.32,1938.0,Maize (corn)
Madhya Pradesh,Raisen,Gram,Rabi,0.78,1.28,1656.0,"Chick peas, dry"
Madhya Pradesh,Raisen,Gram,Total,0.78,1.28,1656.0,"Chick peas, dry"
Madhya Pradesh,Raisen,Lentil,Rabi,0.33,0.32,976.0,"Lentils, dry"
Madhya Pradesh,Raisen,Lentil,Total,0.33,0.32,976.0,"Lentils, dry"
Madhya Pradesh,Rajgarh,Rice,Kharif,0.01,0.01,1464.0,Rice
Madhya Pradesh,Rajgarh,Rice,Total,0.01,0.01,1464.0,Rice
Madhya Pradesh,Rajgarh,Wheat,Rabi,3.13,10.77,3443.0,Wheat
Madhya Pradesh,Rajgarh,Wheat,Total,3.13,10.77,3443.0,Wheat
Madhya Pradesh,Rajgarh,Maize,Kharif,0.28,0.64,2256.0,Maize (corn)
Madhya Pradesh,Rajgarh,Maize,Rabi,0.0,0.01,2440.0,Maize (corn)
Madhya Pradesh,Rajgarh,Maize,Summer,0.0,0.01,4825.0,Maize (corn)
Madhya Pradesh,Rajgarh,Maize,Total,0.29,0.66,2279.0,Maize (corn)
Madhya Pradesh,Rajgarh,Gram,Rabi,0.05,0.07,1417.0,"Chick peas, dry"
Madhya Pradesh,Rajgarh,Gram,Total,0.05,0.07,1417.0,"Chick peas, dry"
Madhya Pradesh,Rajgarh,Lentil,Rabi,0.23,0.26,1116.0,"Lentils, dry"
Madhya Pradesh,Rajgarh,Lentil,Total,0.23,0.26,1116.0,"Lentils, dry"
Madhya Pradesh,Ratlam,Rice,Kharif,0.01,0.0,842.0,Rice
Madhya Pradesh,Ratlam,Rice,Total,0.01,0.0,842.0,Rice
Madhya Pradesh,Ratlam,Wheat,Rabi,1.89,6.6,3488.0,Wheat
Madhya Pradesh,Ratlam,Wheat,Total,1.89,6.6,3488.0,Wheat
Madhya Pradesh,Ratlam,Maize,Kharif,0.26,0.64,2461.0,Maize (corn)
Madhya Pradesh,Ratlam,Maize,Rabi,0.02,0.05,1937.0,Maize (corn)
Madhya Pradesh,Ratlam,Maize,Summer,0.0,0.0,4820.0,Maize (corn)
Madhya Pradesh,Ratlam,Maize,Total,0.28,0.69,2419.0,Maize (corn)
Madhya Pradesh,Ratlam,Gram,Rabi,0.1,0.15,1455.0,"Chick peas, dry"
Madhya Pradesh,Ratlam,Gram,Total,0.1,0.15,1455.0,"Chick peas, dry"
Madhya Pradesh,Ratlam,Lentil,Rabi,0.04,0.03,720.0,"Lentils, dry"
Madhya Pradesh,Ratlam,Lentil,Total,0.04,0.03,720.0,"Lentils, dry"
Madhya Pradesh,Rewa,Rice,Kharif,1.96,5.77,2949.0,Rice
Madhya Pradesh,Rewa,Rice,Total,1.96,5.77,2949.0,Rice
Madhya Pradesh,Rewa,Wheat,Rabi,1.72,5.2,3018.0,Wheat
Madhya Pradesh,Rewa,Wheat,Total,1.72,5.2,3018.0,Wheat
Madhya Pradesh,Rewa,Maize,Kharif,0.0,0.0,2230.0,Maize (corn)
Madhya Pradesh,Rewa,Maize,Rabi,0.0,0.0,3200.0,Maize (corn)
Madhya Pradesh,Rewa,Maize,Total,0.0,0.0,2418.0,Maize (corn)
Madhya Pradesh,Rewa,Gram,Rabi,0.05,0.07,1441.0,"Chick peas, dry"
Madhya Pradesh,Rewa,Gram,Total,0.05,0.07,1441.0,"Chick peas, dry"
Madhya Pradesh,Rewa,Lentil,Rabi,0.08,0.07,839.0,"Lentils, dry"
Madhya Pradesh,Rewa,Lentil,Total,0.08,0.07,839.0,"Lentils, dry"
Madhya Pradesh,Sagar,Rice,Kharif,0.3,0.42,1410.0,Rice
Madhya Pradesh,Sagar,Rice,Total,0.3,0.42,1410.0,Rice
Madhya Pradesh,Sagar,Wheat,Rabi,2.57,7.23,2809.0,Wheat
Madhya Pradesh,Sagar,Wheat,Total,2.57,7.23,2809.0,Wheat
Madhya Pradesh,Sagar,Maize,Kharif,0.89,2.2,2474.0,Maize (corn)
Madhya Pradesh,Sagar,Maize,Rabi,0.0,0.0,3014.0,Maize (corn)
Madhya Pradesh,Sagar,Maize,Summer,0.0,0.0,4286.0,Maize (corn)
Madhya Pradesh,Sagar,Maize,Total,0.89,2.2,2475.0,Maize (corn)
Madhya Pradesh,Sagar,Gram,Rabi,0.61,0.96,1565.0,"Chick peas, dry"
Madhya Pradesh,Sagar,Gram,Total,0.61,0.96,1565.0,"Chick peas, dry"
Madhya Pradesh,Sagar,Lentil,Rabi,1.19,1.32,1110.0,"Lentils, dry"
Madhya Pradesh,Sagar,Lentil,Total,1.19,1.32,1110.0,"Lentils, dry"
Madhya Pradesh,Satna,Rice,Kharif,1.77,4.97,2802.0,Rice
Madhya Pradesh,Satna,Rice,Total,1.77,4.97,2802.0,Rice
Madhya Pradesh,Satna,Wheat,Rabi,1.75,5.56,3167.0,Wheat
Madhya Pradesh,Satna,Wheat,Total,1.75,5.56,3167.0,Wheat
Madhya Pradesh,Satna,Maize,Kharif,0.0,0.0,1709.0,Maize (corn)
Madhya Pradesh,Satna,Maize,Rabi,0.0,0.0,2755.0,Maize (corn)
Madhya Pradesh,Satna,Maize,Total,0.0,0.0,1757.0,Maize (corn)
Madhya Pradesh,Satna,Gram,Rabi,0.07,0.09,1342.0,"Chick peas, dry"
Madhya Pradesh,Satna,Gram,Total,0.07,0.09,1342.0,"Chick peas, dry"
Madhya Pradesh,Satna,Lentil,Rabi,0.06,0.05,849.0,"Lentils, dry"
Madhya Pradesh,Satna,Lentil,Total,0.06,0.05,849.0,"Lentils, dry"
Madhya Pradesh,Sehore,Rice,Kharif,0.47,1.18,2533.0,Rice
Madhya Pradesh,Sehore,Rice,Rabi,0.0,0.0,2429.0,Rice
Madhya Pradesh,Sehore,Rice,Total,0.47,1.18,2533.0,Rice
Madhya Pradesh,Sehore,Wheat,Rabi,2.67,9.81,3670.0,Wheat
Madhya Pradesh,Sehore,Wheat,Total,2.67,9.81,3670.0,Wheat
Madhya Pradesh,Sehore,Maize,Kharif,0.35,0.88,2521.0,Maize (corn)
Madhya Pradesh,Sehore,Maize,Rabi,0.02,0.07,3469.0,Maize (corn)
Madhya Pradesh,Sehore,Maize,Summer,0.0,0.0,4960.0,Maize (corn)
Madhya Pradesh,Sehore,Maize,Total,0.37,0.95,2572.0,Maize (corn)
Madhya Pradesh,Sehore,Gram,Rabi,0.33,0.49,1499.0,"Chick peas, dry"
Madhya Pradesh,Sehore,Gram,Total,0.33,0.49,1499.0,"Chick peas, dry"
Madhya Pradesh,Sehore,Lentil,Rabi,0.09,0.09,1050.0,"Lentils, dry"
Madhya Pradesh,Sehore,Lentil,Total,0.09,0.09,1050.0,"Lentils, dry"
Madhya Pradesh,Seoni,Rice,Kharif,1.72,3.5,2031.0,Rice
Madhya Pradesh,Seoni,Rice,Rabi,0.05,0.12,2320.0,Rice
Madhya Pradesh,Seoni,Rice,Summer,0.0,0.0,3052.0,Rice
Madhya Pradesh,Seoni,Rice,Total,1.78,3.62,2040.0,Rice
Madhya Pradesh,Seoni,Wheat,Rabi,1.89,6.51,3448.0,Wheat
Madhya Pradesh,Seoni,Wheat,Total,1.89,6.51,3448.0,Wheat
Madhya Pradesh,Seoni,Maize,Kharif,2.41,6.05,2507.0,Maize (corn)
Madhya Pradesh,Seoni,Maize,Rabi,0.13,0.56,4205.0,Maize (corn)
Madhya Pradesh,Seoni,Maize,Summer,0.0,0.0,4895.0,Maize (corn)
Madhya Pradesh,Seoni,Maize,Total,2.55,6.61,2597.0,Maize (corn)
Madhya Pradesh,Seoni,Gram,Rabi,0.22,0.34,1508.0,"Chick peas, dry"
Madhya Pradesh,Seoni,Gram,Total,0.22,0.34,1508.0,"Chick peas, dry"
Madhya Pradesh,Seoni,Lentil,Rabi,0.15,0.11,758.0,"Lentils, dry"
Madhya Pradesh,Seoni,Lentil,Total,0.15,0.11,758.0,"Lentils, dry"
Madhya Pradesh,Shahdol,Rice,Kharif,1.71,3.21,1880.0,Rice
Madhya Pradesh,Shahdol,Rice,Summer,0.0,0.0,2639.0,Rice
Madhya Pradesh,Shahdol,Rice,Total,1.71,3.22,1881.0,Rice
Madhya Pradesh,Shahdol,Wheat,Rabi,0.46,0.98,2107.0,Wheat
Madhya Pradesh,Shahdol,Wheat,Total,0.46,0.98,2107.0,Wheat
Madhya Pradesh,Shahdol,Maize,Kharif,0.04,0.08,1882.0,Maize (corn)
Madhya Pradesh,Shahdol,Maize,Rabi,0.0,0.0,2590.0,Maize (corn)
Madhya Pradesh,Shahdol,Maize,Summer,0.0,0.0,3850.0,Maize (corn)
Madhya Pradesh,Shahdol,Maize,Total,0.04,0.08,1907.0,Maize (corn)
Madhya Pradesh,Shahdol,Gram,Rabi,0.02,0.03,1192.0,"Chick peas, dry"
Madhya Pradesh,Shahdol,Gram,Total,0.02,0.03,1192.0,"Chick peas, dry"
Madhya Pradesh,Shahdol,Lentil,Rabi,0.0,0.0,570.0,"Lentils, dry"
Madhya Pradesh,Shahdol,Lentil,Total,0.0,0.0,570.0,"Lentils, dry"
Madhya Pradesh,Shajapur,Rice,Kharif,0.01,0.0,826.0,Rice
Madhya Pradesh,Shajapur,Rice,Total,0.01,0.0,826.0,Rice
Madhya Pradesh,Shajapur,Wheat,Rabi,1.81,5.93,3279.0,Wheat
Madhya Pradesh,Shajapur,Wheat,Total,1.81,5.93,3279.0,Wheat
Madhya Pradesh,Shajapur,Maize,Kharif,0.01,0.02,3205.0,Maize (corn)
Madhya Pradesh,Shajapur,Maize,Rabi,0.0,0.0,3293.0,Maize (corn)
Madhya Pradesh,Shajapur,Maize,Summer,0.0,0.0,4350.0,Maize (corn)
Madhya Pradesh,Shajapur,Maize,Total,0.01,0.02,3254.0,Maize (corn)
Madhya Pradesh,Shajapur,Gram,Rabi,0.06,0.08,1282.0,"Chick peas, dry"
Madhya Pradesh,Shajapur,Gram,Total,0.06,0.08,1282.0,"Chick peas, dry"
Madhya Pradesh,Shajapur,Lentil,Rabi,0.15,0.13,863.0,"Lentils, dry"
Madhya Pradesh,Shajapur,Lentil,Total,0.15,0.13,863.0,"Lentils, dry"
Madhya Pradesh,Sheopur,Rice,Kharif,0.89,2.54,2848.0,Rice
Madhya Pradesh,Sheopur,Rice,Total,0.89,2.54,2848.0,Rice
Madhya Pradesh,Sheopur,Wheat,Rabi,1.04,3.79,3638.0,Wheat
Madhya Pradesh,Sheopur,Wheat,Total,1.04,3.79,3638.0,Wheat
Madhya Pradesh,Sheopur,Maize,Kharif,0.04,0.08,1807.0,Maize (corn)
Madhya Pradesh,Sheopur,Maize,Rabi,0.0,0.0,3617.0,Maize (corn)
Madhya Pradesh,Sheopur,Maize,Total,0.04,0.08,1817.0,Maize (corn)
Madhya Pradesh,Sheopur,Gram,Rabi,0.05,0.08,1767.0,"Chick peas, dry"
Madhya Pradesh,Sheopur,Gram,Total,0.05,0.08,1767.0,"Chick peas, dry"
Madhya Pradesh,Shivpuri,Rice,Kharif,0.62,1.63,2651.0,Rice
Madhya Pradesh,Shivpuri,Rice,Rabi,0.0,0.0,2501.0,Rice
Madhya Pradesh,Shivpuri,Rice,Summer,0.0,0.01,3142.0,Rice
Madhya Pradesh,Shivpuri,Rice,Total,0.62,1.65,2654.0,Rice
Madhya Pradesh,Shivpuri,Wheat,Rabi,2.46,7.87,3193.0,Wheat
Madhya Pradesh,Shivpuri,Wheat,Total,2.46,7.87,3193.0,Wheat
Madhya Pradesh,Shivpuri,Maize,Kharif,0.58,1.82,3121.0,Maize (corn)
Madhya Pradesh,Shivpuri,Maize,Rabi,0.0,0.0,3064.0,Maize (corn)
Madhya Pradesh,Shivpuri,Maize,Summer,0.0,0.0,4870.0,Maize (corn)
Madhya Pradesh,Shivpuri,Maize,Total,0.58,1.82,3121.0,Maize (corn)
Madhya Pradesh,Shivpuri,Gram,Rabi,0.24,0.39,1637.0,"Chick peas, dry"
Madhya Pradesh,Shivpuri,Gram,Total,0.24,0.39,1637.0,"Chick peas, dry"
Madhya Pradesh,Shivpuri,Lentil,Rabi,0.23,0.19,798.0,"Lentils, dry"
Madhya Pradesh,Shivpuri,Lentil,Total,0.23,0.19,798.0,"Lentils, dry"
Madhya Pradesh,Sidhi,Rice,Kharif,0.93,2.19,2368.0,Rice
Madhya Pradesh,Sidhi,Rice,Total,0.93,2.19,2368.0,Rice
Madhya Pradesh,Sidhi,Wheat,Rabi,0.78,1.86,2395.0,Wheat
Madhya Pradesh,Sidhi,Wheat,Total,0.78,1.86,2395.0,Wheat
Madhya Pradesh,Sidhi,Maize,Kharif,0.06,0.16,2453.0,Maize (corn)
Madhya Pradesh,Sidhi,Maize,Rabi,0.0,0.0,2842.0,Maize (corn)
Madhya Pradesh,Sidhi,Maize,Summer,0.0,0.0,3942.0,Maize (corn)
Madhya Pradesh,Sidhi,Maize,Total,0.06,0.16,2456.0,Maize (corn)
Madhya Pradesh,Sidhi,Gram,Rabi,0.04,0.05,1168.0,"Chick peas, dry"
Madhya Pradesh,Sidhi,Gram,Total,0.04,0.05,1168.0,"Chick peas, dry"
Madhya Pradesh,Sidhi,Lentil,Rabi,0.01,0.01,933.0,"Lentils, dry"
Madhya Pradesh,Sidhi,Lentil,Total,0.01,0.01,933.0,"Lentils, dry"
Madhya Pradesh,Singrauli,Rice,Kharif,0.91,2.39,2617.0,Rice
Madhya Pradesh,Singrauli,Rice,Total,0.91,2.39,2617.0,Rice
Madhya Pradesh,Singrauli,Wheat,Rabi,0.55,1.43,2625.0,Wheat
Madhya Pradesh,Singrauli,Wheat,Total,0.55,1.43,2625.0,Wheat
Madhya Pradesh,Singrauli,Maize,Kharif,0.16,0.28,1721.0,Maize (corn)
Madhya Pradesh,Singrauli,Maize,Rabi,0.0,0.0,2037.0,Maize (corn)
Madhya Pradesh,Singrauli,Maize,Summer,0.0,0.01,4442.0,Maize (corn)
Madhya Pradesh,Singrauli,Maize,Total,0.17,0.29,1743.0,Maize (corn)
Madhya Pradesh,Singrauli,Gram,Rabi,0.06,0.09,1454.0,"Chick peas, dry"
Madhya Pradesh,Singrauli,Gram,Total,0.06,0.09,1454.0,"Chick peas, dry"
Madhya Pradesh,Singrauli,Lentil,Rabi,0.01,0.01,995.0,"Lentils, dry"
Madhya Pradesh,Singrauli,Lentil,Total,0.01,0.01,995.0,"Lentils, dry"
Madhya Pradesh,Tikamgarh,Rice,Kharif,0.06,0.05,875.0,Rice
Madhya Pradesh,Tikamgarh,Rice,Total,0.06,0.05,875.0,Rice
Madhya Pradesh,Tikamgarh,Wheat,Rabi,1.68,4.54,2710.0,Wheat
Madhya Pradesh,Tikamgarh,Wheat,Total,1.68,4.54,2710.0,Wheat
Madhya Pradesh,Tikamgarh,Maize,Kharif,0.0,0.0,1790.0,Maize (corn)
Madhya Pradesh,Tikamgarh,Maize,Rabi,0.0,0.0,4018.0,Maize (corn)
Madhya Pradesh,Tikamgarh,Maize,Summer,0.0,0.0,4535.0,Maize (corn)
Madhya Pradesh,Tikamgarh,Maize,Total,0.0,0.01,2394.0,Maize (corn)
Madhya Pradesh,Tikamgarh,Gram,Rabi,0.02,0.02,1235.0,"Chick peas, dry"
Madhya Pradesh,Tikamgarh,Gram,Total,0.02,0.02,1235.0,"Chick peas, dry"
Madhya Pradesh,Tikamgarh,Lentil,Rabi,0.01,0.01,804.0,"Lentils, dry"
Madhya Pradesh,Tikamgarh,Lentil,Total,0.01,0.01,804.0,"Lentils, dry"
Madhya Pradesh,Ujjain,Rice,Kharif,0.01,0.0,802.0,Rice
Madhya Pradesh,Ujjain,Rice,Total,0.01,0.0,802.0,Rice
Madhya Pradesh,Ujjain,Wheat,Rabi,3.41,12.09,3543.0,Wheat
Madhya Pradesh,Ujjain,Wheat,Total,3.41,12.09,3543.0,Wheat
Madhya Pradesh,Ujjain,Maize,Kharif,0.02,0.04,2832.0,Maize (corn)
Madhya Pradesh,Ujjain,Maize,Rabi,0.0,0.01,4033.0,Maize (corn)
Madhya Pradesh,Ujjain,Maize,Summer,0.0,0.01,4990.0,Maize (corn)
Madhya Pradesh,Ujjain,Maize,Total,0.02,0.06,3209.0,Maize (corn)
Madhya Pradesh,Ujjain,Gram,Rabi,0.09,0.12,1340.0,"Chick peas, dry"
Madhya Pradesh,Ujjain,Gram,Total,0.09,0.12,1340.0,"Chick peas, dry"
Madhya Pradesh,Ujjain,Lentil,Rabi,0.03,0.02,756.0,"Lentils, dry"
Madhya Pradesh,Ujjain,Lentil,Total,0.03,0.02,756.0,"Lentils, dry"
Madhya Pradesh,Umaria,Rice,Kharif,0.88,1.84,2104.0,Rice
Madhya Pradesh,Umaria,Rice,Summer,0.0,0.0,2649.0,Rice
Madhya Pradesh,Umaria,Rice,Total,0.88,1.84,2104.0,Rice
Madhya Pradesh,Umaria,Wheat,Rabi,0.57,1.45,2521.0,Wheat
Madhya Pradesh,Umaria,Wheat,Total,0.57,1.45,2521.0,Wheat
Madhya Pradesh,Umaria,Maize,Kharif,0.05,0.1,2132.0,Maize (corn)
Madhya Pradesh,Umaria,Maize,Rabi,0.0,0.0,2526.0,Maize (corn)
Madhya Pradesh,Umaria,Maize,Summer,0.0,0.0,3880.0,Maize (corn)
Madhya Pradesh,Umaria,Maize,Total,0.05,0.1,2140.0,Maize (corn)
Madhya Pradesh,Umaria,Gram,Rabi,0.06,0.08,1292.0,"Chick peas, dry"
Madhya Pradesh,Umaria,Gram,Total,0.06,0.08,1292.0,"Chick peas, dry"
Madhya Pradesh,Umaria,Lentil,Rabi,0.02,0.01,791.0,"Lentils, dry"
Madhya Pradesh,Umaria,Lentil,Total,0.02,0.01,791.0,"Lentils, dry"
Madhya Pradesh,Vidisha,Rice,Kharif,1.03,1.48,1437.0,Rice
Madhya Pradesh,Vidisha,Rice,Total,1.03,1.48,1437.0,Rice
Madhya Pradesh,Vidisha,Wheat,Rabi,2.75,8.39,3049.0,Wheat
Madhya Pradesh,Vidisha,Wheat,Total,2.75,8.39,3049.0,Wheat
Madhya Pradesh,Vidisha,Maize,Kharif,0.22,0.48,2178.0,Maize (corn)
Madhya Pradesh,Vidisha,Maize,Rabi,0.0,0.0,3014.0,Maize (corn)
Madhya Pradesh,Vidisha,Maize,Summer,0.0,0.0,5096.0,Maize (corn)
Madhya Pradesh,Vidisha,Maize,Total,0.22,0.48,2182.0,Maize (corn)
Madhya Pradesh,Vidisha,Gram,Rabi,0.76,1.15,1512.0,"Chick peas, dry"
Madhya Pradesh,Vidisha,Gram,Total,0.76,1.15,1512.0,"Chick peas, dry"
Madhya Pradesh,Vidisha,Lentil,Rabi,0.77,0.79,1034.0,"Lentils, dry"
Madhya Pradesh,Vidisha,Lentil,Total,0.77,0.79,1034.0,"Lentils, dry"
Maharashtra,Ahilyanagar,Rice,Kharif,0.19,0.52,2683.0,Rice
Maharashtra,Ahilyanagar,Rice,Total,0.19,0.52,2683.0,Rice
Maharashtra,Ahilyanagar,Wheat,Rabi,1.28,2.55,1997.0,Wheat
Maharashtra,Ahilyanagar,Wheat,Total,1.28,2.55,1997.0,Wheat
Maharashtra,Ahilyanagar,Maize,Kharif,0.91,2.62,2891.0,Maize (corn)
Maharashtra,Ahilyanagar,Maize,Rabi,0.42,1.33,3154.0,Maize (corn)
Maharashtra,Ahilyanagar,Maize,Summer,0.07,0.29,4273.0,Maize (corn)
Maharashtra,Ahilyanagar,Maize,Total,1.39,4.23,3037.0,Maize (corn)
Maharashtra,Ahilyanagar,Gram,Rabi,1.08,0.91,844.0,"Chick peas, dry"
Maharashtra,Ahilyanagar,Gram,Total,1.08,0.91,844.0,"Chick peas, dry"
Maharashtra,Akola,Wheat,Rabi,0.29,0.64,2211.0,Wheat
Maharashtra,Akola,Wheat,Total,0.29,0.64,2211.0,Wheat
Maharashtra,Akola,Maize,Kharif,0.0,0.0,2746.0,Maize (corn)
Maharashtra,Akola,Maize,Rabi,0.0,0.0,1250.0,Maize (corn)
Maharashtra,Akola,Maize,Summer,0.0,0.01,1667.0,Maize (corn)
Maharashtra,Akola,Maize,Total,0.01,0.01,1600.0,Maize (corn)
Maharashtra,Akola,Gram,Rabi,1.18,1.16,981.0,"Chick peas, dry"
Maharashtra,Akola,Gram,Total,1.18,1.16,981.0,"Chick peas, dry"
Maharashtra,Amravati,Rice,Kharif,0.06,0.05,975.0,Rice
Maharashtra,Amravati,Rice,Total,0.06,0.05,975.0,Rice
Maharashtra,Amravati,Wheat,Rabi,0.52,0.84,1603.0,Wheat
Maharashtra,Amravati,Wheat,Total,0.52,0.84,1603.0,Wheat
Maharashtra,Amravati,Maize,Kharif,0.25,0.55,2219.0,Maize (corn)
Maharashtra,Amravati,Maize,Rabi,0.01,0.01,1048.0,Maize (corn)
Maharashtra,Amravati,Maize,Summer,0.01,0.01,1711.0,Maize (corn)
Maharashtra,Amravati,Maize,Total,0.26,0.57,2172.0,Maize (corn)
Maharashtra,Amravati,Gram,Rabi,1.12,1.55,1386.0,"Chick peas, dry"
Maharashtra,Amravati,Gram,Total,1.12,1.55,1386.0,"Chick peas, dry"
Maharashtra,Beed,Wheat,Rabi,0.48,0.81,1673.0,Wheat
Maharashtra,Beed,Wheat,Total,0.48,0.81,1673.0,Wheat
Maharashtra,Beed,Maize,Kharif,0.07,0.16,2307.0,Maize (corn)
Maharashtra,Beed,Maize,Rabi,0.03,0.09,2526.0,Maize (corn)
Maharashtra,Beed,Maize,Summer,0.02,0.03,1533.0,Maize (corn)
Maharashtra,Beed,Maize,Total,0.13,0.28,2242.0,Maize (corn)
Maharashtra,Beed,Gram,Rabi,1.85,1.91,1033.0,"Chick peas, dry"
Maharashtra,Beed,Gram,Total,1.85,1.91,1033.0,"Chick peas, dry"
Maharashtra,Bhandara,Rice,Kharif,1.85,3.91,2117.0,Rice
Maharashtra,Bhandara,Rice,Summer,0.65,1.79,2760.0,Rice
Maharashtra,Bhandara,Rice,Total,2.5,5.71,2284.0,Rice
Maharashtra,Bhandara,Wheat,Rabi,0.13,0.19,1460.0,Wheat
Maharashtra,Bhandara,Wheat,Total,0.13,0.19,1460.0,Wheat
Maharashtra,Bhandara,Maize,Rabi,0.01,0.05,3283.0,Maize (corn)
Maharashtra,Bhandara,Maize,Summer,0.01,0.01,970.0,Maize (corn)
Maharashtra,Bhandara,Maize,Total,0.02,0.05,2482.0,Maize (corn)
Maharashtra,Bhandara,Gram,Rabi,0.19,0.19,1036.0,"Chick peas, dry"
Maharashtra,Bhandara,Gram,Total,0.19,0.19,1036.0,"Chick peas, dry"
Maharashtra,Buldhana,Wheat,Rabi,0.68,1.29,1899.0,Wheat
Maharashtra,Buldhana,Wheat,Total,0.68,1.29,1899.0,Wheat
Maharashtra,Buldhana,Maize,Kharif,0.26,0.93,3552.0,Maize (corn)
Maharashtra,Buldhana,Maize,Rabi,0.17,0.68,3945.0,Maize (corn)
Maharashtra,Buldhana,Maize,Summer,0.07,0.12,1800.0,Maize (corn)
Maharashtra,Buldhana,Maize,Total,0.5,1.74,3452.0,Maize (corn)
Maharashtra,Buldhana,Gram,Rabi,2.56,3.35,1307.0,"Chick peas, dry"
Maharashtra,Buldhana,Gram,Total,2.56,3.35,1307.0,"Chick peas, dry"
Maharashtra,Chandrapur,Rice,Kharif,1.91,3.49,1828.0,Rice
Maharashtra,Chandrapur,Rice,Summer,0.08,0.22,2650.0,Rice
Maharashtra,Chandrapur,Rice,Total,1.99,3.71,1863.0,Rice
Maharashtra,Chandrapur,Wheat,Rabi,0.16,0.19,1168.0,Wheat
Maharashtra,Chandrapur,Wheat,Total,0.16,0.19,1168.0,Wheat
Maharashtra,Chandrapur,Maize,Rabi,0.01,0.0,469.0,Maize (corn)
Maharashtra,Chandrapur,Maize,Summer,0.0,0.0,680.0,Maize (corn)
Maharashtra,Chandrapur,Maize,Total,0.01,0.0,483.0,Maize (corn)
Maharashtra,Chandrapur,Gram,Rabi,0.66,0.33,494.0,"Chick peas, dry"
Maharashtra,Chandrapur,Gram,Total,0.66,0.33,494.0,"Chick peas, dry"
Maharashtra,Chhatrapati Sambhajinagar,Wheat,Rabi,0.88,2.72,3105.0,Wheat
Maharashtra,Chhatrapati Sambhajinagar,Wheat,Total,0.88,2.72,3105.0,Wheat
Maharashtra,Chhatrapati Sambhajinagar,Maize,Kharif,2.06,4.45,2158.0,Maize (corn)
Maharashtra,Chhatrapati Sambhajinagar,Maize,Rabi,0.51,1.4,2718.0,Maize (corn)
Maharashtra,Chhatrapati Sambhajinagar,Maize,Summer,0.1,0.3,2850.0,Maize (corn)
Maharashtra,Chhatrapati Sambhajinagar,Maize,Total,2.68,6.15,2292.0,Maize (corn)
Maharashtra,Chhatrapati Sambhajinagar,Gram,Rabi,0.71,0.63,881.0,"Chick peas, dry"
Maharashtra,Chhatrapati Sambhajinagar,Gram,Total,0.71,0.63,881.0,"Chick peas, dry"
Maharashtra,Dharashiv,Rice,Kharif,0.0,0.0,625.0,Rice
Maharashtra,Dharashiv,Rice,Total,0.0,0.0,625.0,Rice
Maharashtra,Dharashiv,Wheat,Rabi,0.24,0.33,1377.0,Wheat
Maharashtra,Dharashiv,Wheat,Total,0.24,0.33,1377.0,Wheat
Maharashtra,Dharashiv,Maize,Kharif,0.09,0.14,1578.0,Maize (corn)
Maharashtra,Dharashiv,Maize,Rabi,0.05,0.06,1144.0,Maize (corn)
Maharashtra,Dharashiv,Maize,Summer,0.05,0.05,1067.0,Maize (corn)
Maharashtra,Dharashiv,Maize,Total,0.19,0.25,1326.0,Maize (corn)
Maharashtra,Dharashiv,Gram,Rabi,1.94,2.36,1216.0,"Chick peas, dry"
Maharashtra,Dharashiv,Gram,Total,1.94,2.36,1216.0,"Chick peas, dry"
Maharashtra,Dhule,Rice,Kharif,0.05,0.07,1525.0,Rice
Maharashtra,Dhule,Rice,Total,0.05,0.07,1525.0,Rice
Maharashtra,Dhule,Wheat,Rabi,0.43,1.02,2382.0,Wheat
Maharashtra,Dhule,Wheat,Total,0.43,1.02,2382.0,Wheat
Maharashtra,Dhule,Maize,Kharif,0.73,0.51,691.0,Maize (corn)
Maharashtra,Dhule,Maize,Rabi,0.19,0.54,2902.0,Maize (corn)
Maharashtra,Dhule,Maize,Summer,0.02,0.06,3260.0,Maize (corn)
Maharashtra,Dhule,Maize,Total,0.94,1.11,1181.0,Maize (corn)
Maharashtra,Dhule,Gram,Rabi,0.37,0.53,1416.0,"Chick peas, dry"
Maharashtra,Dhule,Gram,Total,0.37,0.53,1416.0,"Chick peas, dry"
Maharashtra,Gadchiroli,Rice,Kharif,1.9,3.99,2101.0,Rice
Maharashtra,Gadchiroli,Rice,Summer,0.11,0.26,2489.0,Rice
Maharashtra,Gadchiroli,Rice,Total,2.0,4.25,2122.0,Rice
Maharashtra,Gadchiroli,Wheat,Rabi,0.0,0.0,885.0,Wheat
Maharashtra,Gadchiroli,Wheat,Total,0.0,0.0,885.0,Wheat
Maharashtra,Gadchiroli,Maize,Kharif,0.0,0.03,7062.0,Maize (corn)
Maharashtra,Gadchiroli,Maize,Rabi,0.08,0.43,5159.0,Maize (corn)
Maharashtra,Gadchiroli,Maize,Summer,0.01,0.02,1550.0,Maize (corn)
Maharashtra,Gadchiroli,Maize,Total,0.1,0.48,4751.0,Maize (corn)
Maharashtra,Gadchiroli,Gram,Rabi,0.05,0.09,1783.0,"Chick peas, dry"
Maharashtra,Gadchiroli,Gram,Total,0.05,0.09,1783.0,"Chick peas, dry"
Maharashtra,Gondia,Rice,Kharif,1.93,4.55,2353.0,Rice
Maharashtra,Gondia,Rice,Summer,0.72,1.95,2712.0,Rice
Maharashtra,Gondia,Rice,Total,2.65,6.5,2450.0,Rice
Maharashtra,Gondia,Wheat,Rabi,0.01,0.01,729.0,Wheat
Maharashtra,Gondia,Wheat,Total,0.01,0.01,729.0,Wheat
Maharashtra,Gondia,Maize,Kharif,0.0,0.0,5899.0,Maize (corn)
Maharashtra,Gondia,Maize,Rabi,0.03,0.1,3342.0,Maize (corn)
Maharashtra,Gondia,Maize,Summer,0.01,0.03,4650.0,Maize (corn)
Maharashtra,Gondia,Maize,Total,0.04,0.13,3560.0,Maize (corn)
Maharashtra,Gondia,Gram,Rabi,0.06,0.04,655.0,"Chick peas, dry"
Maharashtra,Gondia,Gram,Total,0.06,0.04,655.0,"Chick peas, dry"
Maharashtra,Hingoli,Wheat,Rabi,0.41,0.64,1560.0,Wheat
Maharashtra,Hingoli,Wheat,Total,0.41,0.64,1560.0,Wheat
Maharashtra,Hingoli,Maize,Kharif,0.0,0.0,704.0,Maize (corn)
Maharashtra,Hingoli,Maize,Rabi,0.01,0.01,1138.0,Maize (corn)
Maharashtra,Hingoli,Maize,Summer,0.01,0.01,978.0,Maize (corn)
Maharashtra,Hingoli,Maize,Total,0.03,0.03,1004.0,Maize (corn)
Maharashtra,Hingoli,Gram,Rabi,1.61,1.72,1063.0,"Chick peas, dry"
Maharashtra,Hingoli,Gram,Total,1.61,1.72,1063.0,"Chick peas, dry"
Maharashtra,Jalgaon,Wheat,Rabi,0.56,1.38,2464.0,Wheat
Maharashtra,Jalgaon,Wheat,Total,0.56,1.38,2464.0,Wheat
Maharashtra,Jalgaon,Maize,Kharif,1.3,4.06,3113.0,Maize (corn)
Maharashtra,Jalgaon,Maize,Rabi,0.98,3.07,3146.0,Maize (corn)
Maharashtra,Jalgaon,Maize,Summer,0.15,0.53,3648.0,Maize (corn)
Maharashtra,Jalgaon,Maize,Total,2.43,7.66,3158.0,Maize (corn)
Maharashtra,Jalgaon,Gram,Rabi,0.81,0.97,1208.0,"Chick peas, dry"
Maharashtra,Jalgaon,Gram,Total,0.81,0.97,1208.0,"Chick peas, dry"
Maharashtra,Jalna,Wheat,Rabi,0.58,1.09,1868.0,Wheat
Maharashtra,Jalna,Wheat,Total,0.58,1.09,1868.0,Wheat
Maharashtra,Jalna,Maize,Kharif,0.32,0.89,2780.0,Maize (corn)
Maharashtra,Jalna,Maize,Rabi,0.14,0.47,3236.0,Maize (corn)
Maharashtra,Jalna,Maize,Summer,0.04,0.06,1700.0,Maize (corn)
Maharashtra,Jalna,Maize,Total,0.5,1.42,2835.0,Maize (corn)
Maharashtra,Jalna,Gram,Rabi,1.04,1.33,1278.0,"Chick peas, dry"
Maharashtra,Jalna,Gram,Total,1.04,1.33,1278.0,"Chick peas, dry"
Maharashtra,Kolhapur,Rice,Kharif,0.89,3.31,3727.0,Rice
Maharashtra,Kolhapur,Rice,Summer,0.0,0.01,3100.0,Rice
Maharashtra,Kolhapur,Rice,Total,0.89,3.32,3726.0,Rice
Maharashtra,Kolhapur,Wheat,Rabi,0.01,0.02,1646.0,Wheat
Maharashtra,Kolhapur,Wheat,Total,0.01,0.02,1646.0,Wheat
Maharashtra,Kolhapur,Maize,Kharif,0.0,0.01,3129.0,Maize (corn)
Maharashtra,Kolhapur,Maize,Rabi,0.02,0.05,3377.0,Maize (corn)
Maharashtra,Kolhapur,Maize,Summer,0.01,0.02,2500.0,Maize (corn)
Maharashtra,Kolhapur,Maize,Total,0.03,0.08,3071.0,Maize (corn)
Maharashtra,Kolhapur,Gram,Rabi,0.04,0.03,856.0,"Chick peas, dry"
Maharashtra,Kolhapur,Gram,Total,0.04,0.03,856.0,"Chick peas, dry"
Maharashtra,Latur,Rice,Kharif,0.0,0.0,287.0,Rice
Maharashtra,Latur,Rice,Total,0.0,0.0,287.0,Rice
Maharashtra,Latur,Wheat,Rabi,0.13,0.23,1727.0,Wheat
Maharashtra,Latur,Wheat,Total,0.13,0.23,1727.0,Wheat
Maharashtra,Latur,Maize,Kharif,0.03,0.02,635.0,Maize (corn)
Maharashtra,Latur,Maize,Rabi,0.03,0.02,813.0,Maize (corn)
Maharashtra,Latur,Maize,Summer,0.0,0.01,1282.0,Maize (corn)
Maharashtra,Latur,Maize,Total,0.06,0.05,761.0,Maize (corn)
Maharashtra,Latur,Gram,Rabi,3.05,2.14,700.0,"Chick peas, dry"
Maharashtra,Latur,Gram,Total,3.05,2.14,700.0,"Chick peas, dry"
Maharashtra,Nagpur,Rice,Kharif,0.97,1.91,1961.0,Rice
Maharashtra,Nagpur,Rice,Summer,0.01,0.03,2408.0,Rice
Maharashtra,Nagpur,Rice,Total,0.99,1.94,1967.0,Rice
Maharashtra,Nagpur,Wheat,Rabi,0.99,1.54,1555.0,Wheat
Maharashtra,Nagpur,Wheat,Total,0.99,1.54,1555.0,Wheat
Maharashtra,Nagpur,Maize,Kharif,0.01,0.04,3063.0,Maize (corn)
Maharashtra,Nagpur,Maize,Rabi,0.0,0.0,1230.0,Maize (corn)
Maharashtra,Nagpur,Maize,Summer,0.0,0.0,861.0,Maize (corn)
Maharashtra,Nagpur,Maize,Total,0.02,0.05,2593.0,Maize (corn)
Maharashtra,Nagpur,Gram,Rabi,0.96,1.18,1230.0,"Chick peas, dry"
Maharashtra,Nagpur,Gram,Total,0.96,1.18,1230.0,"Chick peas, dry"
Maharashtra,Nanded,Rice,Kharif,0.01,0.01,1298.0,Rice
Maharashtra,Nanded,Rice,Summer,0.0,0.01,2622.0,Rice
Maharashtra,Nanded,Rice,Total,0.01,0.02,1716.0,Rice
Maharashtra,Nanded,Wheat,Rabi,0.41,0.3,741.0,Wheat
Maharashtra,Nanded,Wheat,Total,0.41,0.3,741.0,Wheat
Maharashtra,Nanded,Maize,Kharif,0.01,0.01,737.0,Maize (corn)
Maharashtra,Nanded,Maize,Rabi,0.09,0.14,1481.0,Maize (corn)
Maharashtra,Nanded,Maize,Summer,0.04,0.05,1181.0,Maize (corn)
Maharashtra,Nanded,Maize,Total,0.14,0.19,1340.0,Maize (corn)
Maharashtra,Nanded,Gram,Rabi,2.58,1.91,739.0,"Chick peas, dry"
Maharashtra,Nanded,Gram,Total,2.58,1.91,739.0,"Chick peas, dry"
Maharashtra,Nandurbar,Rice,Kharif,0.24,0.35,1454.0,Rice
Maharashtra,Nandurbar,Rice,Total,0.24,0.35,1454.0,Rice
Maharashtra,Nandurbar,Wheat,Rabi,0.29,0.71,2413.0,Wheat
Maharashtra,Nandurbar,Wheat,Total,0.29,0.71,2413.0,Wheat
Maharashtra,Nandurbar,Maize,Kharif,0.37,1.04,2779.0,Maize (corn)
Maharashtra,Nandurbar,Maize,Rabi,0.09,0.23,2410.0,Maize (corn)
Maharashtra,Nandurbar,Maize,Summer,0.01,0.02,1902.0,Maize (corn)
Maharashtra,Nandurbar,Maize,Total,0.48,1.28,2686.0,Maize (corn)
Maharashtra,Nandurbar,Gram,Rabi,0.27,0.26,995.0,"Chick peas, dry"
Maharashtra,Nandurbar,Gram,Total,0.27,0.26,995.0,"Chick peas, dry"
Maharashtra,Nashik,Rice,Kharif,0.94,1.86,1971.0,Rice
Maharashtra,Nashik,Rice,Summer,0.0,0.0,2400.0,Rice
Maharashtra,Nashik,Rice,Total,0.94,1.86,1971.0,Rice
Maharashtra,Nashik,Wheat,Rabi,0.4,1.01,2517.0,Wheat
Maharashtra,Nashik,Wheat,Total,0.4,1.01,2517.0,Wheat
Maharashtra,Nashik,Maize,Kharif,2.79,11.88,4257.0,Maize (corn)
Maharashtra,Nashik,Maize,Rabi,0.11,0.38,3432.0,Maize (corn)
Maharashtra,Nashik,Maize,Summer,0.03,0.07,2329.0,Maize (corn)
Maharashtra,Nashik,Maize,Total,2.93,12.33,4207.0,Maize (corn)
Maharashtra,Nashik,Gram,Rabi,0.27,0.19,686.0,"Chick peas, dry"
Maharashtra,Nashik,Gram,Total,0.27,0.19,686.0,"Chick peas, dry"
Maharashtra,Palghar,Rice,Kharif,0.79,1.91,2437.0,Rice
Maharashtra,Palghar,Rice,Summer,0.01,0.03,2794.0,Rice
Maharashtra,Palghar,Rice,Total,0.8,1.94,2441.0,Rice
Maharashtra,Palghar,Wheat,Rabi,0.0,0.0,861.0,Wheat
Maharashtra,Palghar,Wheat,Total,0.0,0.0,861.0,Wheat
Maharashtra,Palghar,Gram,Rabi,0.03,0.02,675.0,"Chick peas, dry"
Maharashtra,Palghar,Gram,Total,0.03,0.02,675.0,"Chick peas, dry"
Maharashtra,Parbhani,Wheat,Rabi,0.31,0.39,1258.0,Wheat
Maharashtra,Parbhani,Wheat,Total,0.31,0.39,1258.0,Wheat
Maharashtra,Parbhani,Maize,Kharif,0.01,0.01,765.0,Maize (corn)
Maharashtra,Parbhani,Maize,Rabi,0.02,0.02,1138.0,Maize (corn)
Maharashtra,Parbhani,Maize,Summer,0.01,0.01,1026.0,Maize (corn)
Maharashtra,Parbhani,Maize,Total,0.03,0.04,1023.0,Maize (corn)
Maharashtra,Parbhani,Gram,Rabi,1.69,1.87,1110.0,"Chick peas, dry"
Maharashtra,Parbhani,Gram,Total,1.69,1.87,1110.0,"Chick peas, dry"
Maharashtra,Pune,Rice,Kharif,0.61,1.83,2983.0,Rice
Maharashtra,Pune,Rice,Total,0.61,1.83,2983.0,Rice
Maharashtra,Pune,Wheat,Rabi,0.42,0.93,2200.0,Wheat
Maharashtra,Pune,Wheat,Total,0.42,0.93,2200.0,Wheat
Maharashtra,Pune,Maize,Kharif,0.37,0.93,2539.0,Maize (corn)
Maharashtra,Pune,Maize,Rabi,0.26,0.97,3698.0,Maize (corn)
Maharashtra,Pune,Maize,Summer,0.07,0.12,1748.0,Maize (corn)
Maharashtra,Pune,Maize,Total,0.7,2.02,2900.0,Maize (corn)
Maharashtra,Pune,Gram,Rabi,0.28,0.29,1056.0,"Chick peas, dry"
Maharashtra,Pune,Gram,Total,0.28,0.29,1056.0,"Chick peas, dry"
Maharashtra,Raigad,Rice,Kharif,0.79,1.93,2431.0,Rice
Maharashtra,Raigad,Rice,Summer,0.01,0.03,3469.0,Rice
Maharashtra,Raigad,Rice,Total,0.8,1.96,2441.0,Rice
Maharashtra,Raigad,Gram,Rabi,0.01,0.01,852.0,"Chick peas, dry"
Maharashtra,Raigad,Gram,Total,0.01,0.01,852.0,"Chick peas, dry"
Maharashtra,Ratnagiri,Rice,Kharif,0.41,1.09,2664.0,Rice
Maharashtra,Ratnagiri,Rice,Summer,0.0,0.0,2833.0,Rice
Maharashtra,Ratnagiri,Rice,Total,0.41,1.09,2664.0,Rice
Maharashtra,Ratnagiri,Maize,Rabi,0.0,0.0,2503.0,Maize (corn)
Maharashtra,Ratnagiri,Maize,Total,0.0,0.0,2503.0,Maize (corn)
Maharashtra,Sangli,Rice,Kharif,0.12,0.28,2267.0,Rice
Maharashtra,Sangli,Rice,Total,0.12,0.28,2267.0,Rice
Maharashtra,Sangli,Wheat,Rabi,0.16,0.39,2395.0,Wheat
Maharashtra,Sangli,Wheat,Total,0.16,0.39,2395.0,Wheat
Maharashtra,Sangli,Maize,Kharif,0.48,1.59,3311.0,Maize (corn)
Maharashtra,Sangli,Maize,Rabi,0.2,0.39,1948.0,Maize (corn)
Maharashtra,Sangli,Maize,Summer,0.02,0.03,2137.0,Maize (corn)
Maharashtra,Sangli,Maize,Total,0.7,2.02,2894.0,Maize (corn)
Maharashtra,Sangli,Gram,Rabi,0.2,0.21,1061.0,"Chick peas, dry"
Maharashtra,Sangli,Gram,Total,0.2,0.21,1061.0,"Chick peas, dry"
Maharashtra,Satara,Rice,Kharif,0.44,0.72,1644.0,Rice
Maharashtra,Satara,Rice,Total,0.44,0.72,1644.0,Rice
Maharashtra,Satara,Wheat,Rabi,0.39,0.68,1733.0,Wheat
Maharashtra,Satara,Wheat,Total,0.39,0.68,1733.0,Wheat
Maharashtra,Satara,Maize,Kharif,0.21,0.93,4469.0,Maize (corn)
Maharashtra,Satara,Maize,Rabi,0.16,0.15,927.0,Maize (corn)
Maharashtra,Satara,Maize,Summer,0.01,0.03,2500.0,Maize (corn)
Maharashtra,Satara,Maize,Total,0.38,1.11,2918.0,Maize (corn)
Maharashtra,Satara,Gram,Rabi,0.3,0.2,645.0,"Chick peas, dry"
Maharashtra,Satara,Gram,Total,0.3,0.2,645.0,"Chick peas, dry"
Maharashtra,Sindhudurg,Rice,Kharif,0.57,1.59,2794.0,Rice
Maharashtra,Sindhudurg,Rice,Summer,0.01,0.04,2840.0,Rice
Maharashtra,Sindhudurg,Rice,Total,0.58,1.63,2795.0,Rice
Maharashtra,Sindhudurg,Maize,Rabi,0.0,0.01,2840.0,Maize (corn)
Maharashtra,Sindhudurg,Maize,Summer,0.0,0.0,2329.0,Maize (corn)
Maharashtra,Sindhudurg,Maize,Total,0.0,0.01,2680.0,Maize (corn)
Maharashtra,Solapur,Wheat,Rabi,0.43,0.84,1936.0,Wheat
Maharashtra,Solapur,Wheat,Total,0.43,0.84,1936.0,Wheat
Maharashtra,Solapur,Maize,Kharif,0.86,2.6,3006.0,Maize (corn)
Maharashtra,Solapur,Maize,Rabi,0.57,1.41,2464.0,Maize (corn)
Maharashtra,Solapur,Maize,Summer,0.1,0.16,1607.0,Maize (corn)
Maharashtra,Solapur,Maize,Total,1.54,4.17,2712.0,Maize (corn)
Maharashtra,Solapur,Gram,Rabi,0.57,0.43,763.0,"Chick peas, dry"
Maharashtra,Solapur,Gram,Total,0.57,0.43,763.0,"Chick peas, dry"
Maharashtra,Thane,Rice,Kharif,0.55,0.93,1703.0,Rice
Maharashtra,Thane,Rice,Summer,0.0,0.0,2350.0,Rice
Maharashtra,Thane,Rice,Total,0.55,0.93,1703.0,Rice
Maharashtra,Thane,Maize,Rabi,0.0,0.0,3732.0,Maize (corn)
Maharashtra,Thane,Maize,Total,0.0,0.0,3732.0,Maize (corn)
Maharashtra,Thane,Gram,Rabi,0.02,0.02,850.0,"Chick peas, dry"
Maharashtra,Thane,Gram,Total,0.02,0.02,850.0,"Chick peas, dry"
Maharashtra,Wardha,Wheat,Rabi,0.31,0.63,2030.0,Wheat
Maharashtra,Wardha,Wheat,Total,0.31,0.63,2030.0,Wheat
Maharashtra,Wardha,Maize,Kharif,0.0,0.0,2898.0,Maize (corn)
Maharashtra,Wardha,Maize,Rabi,0.0,0.0,1099.0,Maize (corn)
Maharashtra,Wardha,Maize,Summer,0.0,0.0,674.0,Maize (corn)
Maharashtra,Wardha,Maize,Total,0.0,0.0,1305.0,Maize (corn)
Maharashtra,Wardha,Gram,Rabi,0.91,1.12,1237.0,"Chick peas, dry"
Maharashtra,Wardha,Gram,Total,0.91,1.12,1237.0,"Chick peas, dry"
Maharashtra,Washim,Wheat,Rabi,0.39,0.84,2143.0,Wheat
Maharashtra,Washim,Wheat,Total,0.39,0.84,2143.0,Wheat
Maharashtra,Washim,Maize,Rabi,0.0,0.0,966.0,Maize (corn)
Maharashtra,Washim,Maize,Summer,0.0,0.0,1312.0,Maize (corn)
Maharashtra,Washim,Maize,Total,0.0,0.01,1235.0,Maize (corn)
Maharashtra,Washim,Gram,Rabi,0.91,0.92,1014.0,"Chick peas, dry"
Maharashtra,Washim,Gram,Total,0.91,0.92,1014.0,"Chick peas, dry"
Maharashtra,Yavatmal,Wheat,Rabi,0.59,0.68,1162.0,Wheat
Maharashtra,Yavatmal,Wheat,Total,0.59,0.68,1162.0,Wheat
Maharashtra,Yavatmal,Maize,Rabi,0.01,0.01,1078.0,Maize (corn)
Maharashtra,Yavatmal,Maize,Summer,0.01,0.0,529.0,Maize (corn)
Maharashtra,Yavatmal,Maize,Total,0.01,0.01,830.0,Maize (corn)
Maharashtra,Yavatmal,Gram,Rabi,1.4,1.74,1242.0,"Chick peas, dry"
Maharashtra,Yavatmal,Gram,Total,1.4,1.74,1242.0,"Chick peas, dry"
Mizoram,Aizawl,Rice,Kharif,0.02,0.03,1251.0,Rice
Mizoram,Aizawl,Rice,Total,0.02,0.03,1251.0,Rice
Mizoram,Aizawl,Maize,Kharif,0.01,0.01,1529.0,Maize (corn)
Mizoram,Aizawl,Maize,Rabi,0.0,0.0,2300.0,Maize (corn)
Mizoram,Aizawl,Maize,Total,0.01,0.01,1540.0,Maize (corn)
Mizoram,Champhai,Rice,Kharif,0.02,0.04,2141.0,Rice
Mizoram,Champhai,Rice,Total,0.02,0.04,2141.0,Rice
Mizoram,Champhai,Maize,Kharif,0.0,0.0,3252.0,Maize (corn)
Mizoram,Champhai,Maize,Rabi,0.0,0.0,3000.0,Maize (corn)
Mizoram,Champhai,Maize,Total,0.0,0.0,3241.0,Maize (corn)
Mizoram,Hnahthial,Rice,Kharif,0.01,0.01,1273.0,Rice
Mizoram,Hnahthial,Rice,Total,0.01,0.01,1273.0,Rice
Mizoram,Hnahthial,Maize,Kharif,0.0,0.0,3317.0,Maize (corn)
Mizoram,Hnahthial,Maize,Total,0.0,0.0,3317.0,Maize (corn)
Mizoram,Khawzawl,Rice,Kharif,0.01,0.01,1688.0,Rice
Mizoram,Khawzawl,Rice,Total,0.01,0.01,1688.0,Rice
Mizoram,Khawzawl,Maize,Kharif,0.0,0.0,1492.0,Maize (corn)
Mizoram,Khawzawl,Maize,Total,0.0,0.0,1492.0,Maize (corn)
Mizoram,Kolasib,Rice,Kharif,0.02,0.06,2334.0,Rice
Mizoram,Kolasib,Rice,Total,0.02,0.06,2334.0,Rice
Mizoram,Kolasib,Maize,Kharif,0.0,0.0,1361.0,Maize (corn)
Mizoram,Kolasib,Maize,Rabi,0.0,0.01,1976.0,Maize (corn)
Mizoram,Kolasib,Maize,Total,0.01,0.01,1736.0,Maize (corn)
Mizoram,Lawngtlai,Rice,Kharif,0.03,0.05,1797.0,Rice
Mizoram,Lawngtlai,Rice,Rabi,0.0,0.0,2056.0,Rice
Mizoram,Lawngtlai,Rice,Total,0.03,0.06,1810.0,Rice
Mizoram,Lawngtlai,Maize,Kharif,0.01,0.02,1681.0,Maize (corn)
Mizoram,Lawngtlai,Maize,Rabi,0.0,0.0,3768.0,Maize (corn)
Mizoram,Lawngtlai,Maize,Total,0.01,0.02,1793.0,Maize (corn)
Mizoram,Lunglei,Rice,Kharif,0.02,0.03,1652.0,Rice
Mizoram,Lunglei,Rice,Rabi,0.0,0.0,2150.0,Rice
Mizoram,Lunglei,Rice,Total,0.02,0.03,1665.0,Rice
Mizoram,Lunglei,Maize,Kharif,0.0,0.01,2809.0,Maize (corn)
Mizoram,Lunglei,Maize,Rabi,0.0,0.0,2670.0,Maize (corn)
Mizoram,Lunglei,Maize,Total,0.0,0.01,2751.0,Maize (corn)
Mizoram,Mamit,Rice,Kharif,0.03,0.04,1428.0,Rice
Mizoram,Mamit,Rice,Rabi,0.0,0.0,1800.0,Rice
Mizoram,Mamit,Rice,Total,0.03,0.04,1429.0,Rice
Mizoram,Mamit,Maize,Kharif,0.01,0.01,2360.0,Maize (corn)
Mizoram,Mamit,Maize,Rabi,0.0,0.0,2618.0,Maize (corn)
Mizoram,Mamit,Maize,Total,0.01,0.02,2431.0,Maize (corn)
Mizoram,Saitual,Rice,Kharif,0.02,0.02,1363.0,Rice
Mizoram,Saitual,Rice,Total,0.02,0.02,1363.0,Rice
Mizoram,Saitual,Maize,Kharif,0.0,0.01,2584.0,Maize (corn)
Mizoram,Saitual,Maize,Total,0.0,0.01,2584.0,Maize (corn)
Mizoram,Serchhip,Rice,Kharif,0.02,0.03,1877.0,Rice
Mizoram,Serchhip,Rice,Total,0.02,0.03,1877.0,Rice
Mizoram,Serchhip,Maize,Kharif,0.0,0.0,2338.0,Maize (corn)
Mizoram,Serchhip,Maize,Total,0.0,0.0,2338.0,Maize (corn)
Mizoram,Siaha,Rice,Kharif,0.01,0.02,1559.0,Rice
Mizoram,Siaha,Rice,Total,0.01,0.02,1559.0,Rice
Mizoram,Siaha,Maize,Kharif,0.0,0.0,619.0,Maize (corn)
Mizoram,Siaha,Maize,Total,0.0,0.0,619.0,Maize (corn)
Nagaland,Chumoukedima,Rice,Kharif,0.17,0.32,1942.0,Rice
Nagaland,Chumoukedima,Rice,Rabi,0.0,0.01,1939.0,Rice
Nagaland,Chumoukedima,Rice,Total,0.17,0.33,1942.0,Rice
Nagaland,Chumoukedima,Wheat,Rabi,0.0,0.0,1851.0,Wheat
Nagaland,Chumoukedima,Wheat,Total,0.0,0.0,1851.0,Wheat
Nagaland,Chumoukedima,Maize,Kharif,0.01,0.02,2017.0,Maize (corn)
Nagaland,Chumoukedima,Maize,Rabi,0.0,0.01,1987.0,Maize (corn)
Nagaland,Chumoukedima,Maize,Total,0.01,0.03,2010.0,Maize (corn)
Nagaland,Chumoukedima,Gram,Rabi,0.0,0.0,886.0,"Chick peas, dry"
Nagaland,Chumoukedima,Gram,Total,0.0,0.0,886.0,"Chick peas, dry"
Nagaland,Chumoukedima,Lentil,Rabi,0.0,0.0,833.0,"Lentils, dry"
Nagaland,Chumoukedima,Lentil,Total,0.0,0.0,833.0,"Lentils, dry"
Nagaland,Dimapur,Rice,Kharif,0.05,0.11,2045.0,Rice
Nagaland,Dimapur,Rice,Rabi,0.0,0.0,1955.0,Rice
Nagaland,Dimapur,Rice,Total,0.06,0.11,2042.0,Rice
Nagaland,Dimapur,Wheat,Rabi,0.0,0.0,1845.0,Wheat
Nagaland,Dimapur,Wheat,Total,0.0,0.0,1845.0,Wheat
Nagaland,Dimapur,Maize,Kharif,0.01,0.01,2021.0,Maize (corn)
Nagaland,Dimapur,Maize,Rabi,0.0,0.0,1988.0,Maize (corn)
Nagaland,Dimapur,Maize,Total,0.01,0.01,2013.0,Maize (corn)
Nagaland,Dimapur,Gram,Rabi,0.0,0.0,867.0,"Chick peas, dry"
Nagaland,Dimapur,Gram,Total,0.0,0.0,867.0,"Chick peas, dry"
Nagaland,Dimapur,Lentil,Rabi,0.0,0.0,830.0,"Lentils, dry"
Nagaland,Dimapur,Lentil,Total,0.0,0.0,830.0,"Lentils, dry"
Nagaland,Kiphire,Rice,Kharif,0.11,0.17,1552.0,Rice
Nagaland,Kiphire,Rice,Total,0.11,0.17,1552.0,Rice
Nagaland,Kiphire,Wheat,Rabi,0.0,0.0,1840.0,Wheat
Nagaland,Kiphire,Wheat,Total,0.0,0.0,1840.0,Wheat
Nagaland,Kiphire,Maize,Kharif,0.04,0.09,2014.0,Maize (corn)
Nagaland,Kiphire,Maize,Rabi,0.0,0.01,1989.0,Maize (corn)
Nagaland,Kiphire,Maize,Total,0.05,0.09,2013.0,Maize (corn)
Nagaland,Kiphire,Gram,Rabi,0.0,0.0,840.0,"Chick peas, dry"
Nagaland,Kiphire,Gram,Total,0.0,0.0,840.0,"Chick peas, dry"
Nagaland,Kohima,Rice,Kharif,0.11,0.22,1939.0,Rice
Nagaland,Kohima,Rice,Total,0.11,0.22,1939.0,Rice
Nagaland,Kohima,Wheat,Rabi,0.0,0.0,1833.0,Wheat
Nagaland,Kohima,Wheat,Total,0.0,0.0,1833.0,Wheat
Nagaland,Kohima,Maize,Kharif,0.02,0.03,2009.0,Maize (corn)
Nagaland,Kohima,Maize,Total,0.02,0.03,2009.0,Maize (corn)
Nagaland,Kohima,Gram,Rabi,0.0,0.0,833.0,"Chick peas, dry"
Nagaland,Kohima,Gram,Total,0.0,0.0,833.0,"Chick peas, dry"
Nagaland,Longleng,Rice,Kharif,0.08,0.13,1570.0,Rice
Nagaland,Longleng,Rice,Total,0.08,0.13,1570.0,Rice
Nagaland,Longleng,Wheat,Rabi,0.0,0.0,1838.0,Wheat
Nagaland,Longleng,Wheat,Total,0.0,0.0,1838.0,Wheat
Nagaland,Longleng,Maize,Kharif,0.02,0.04,2010.0,Maize (corn)
Nagaland,Longleng,Maize,Total,0.02,0.04,2010.0,Maize (corn)
Nagaland,Longleng,Gram,Rabi,0.0,0.0,778.0,"Chick peas, dry"
Nagaland,Longleng,Gram,Total,0.0,0.0,778.0,"Chick peas, dry"
Nagaland,Mokokchung,Rice,Kharif,0.16,0.26,1642.0,Rice
Nagaland,Mokokchung,Rice,Total,0.16,0.26,1642.0,Rice
Nagaland,Mokokchung,Wheat,Rabi,0.0,0.0,1842.0,Wheat
Nagaland,Mokokchung,Wheat,Total,0.0,0.0,1842.0,Wheat
Nagaland,Mokokchung,Maize,Kharif,0.02,0.05,2008.0,Maize (corn)
Nagaland,Mokokchung,Maize,Rabi,0.01,0.01,1986.0,Maize (corn)
Nagaland,Mokokchung,Maize,Total,0.03,0.06,2004.0,Maize (corn)
Nagaland,Mokokchung,Gram,Rabi,0.0,0.0,839.0,"Chick peas, dry"
Nagaland,Mokokchung,Gram,Total,0.0,0.0,839.0,"Chick peas, dry"
Nagaland,Mokokchung,Lentil,Rabi,0.0,0.0,806.0,"Lentils, dry"
Nagaland,Mokokchung,Lentil,Total,0.0,0.0,806.0,"Lentils, dry"
Nagaland,Mon,Rice,Kharif,0.22,0.32,1496.0,Rice
Nagaland,Mon,Rice,Rabi,0.0,0.01,1940.0,Rice
Nagaland,Mon,Rice,Total,0.22,0.33,1503.0,Rice
Nagaland,Mon,Wheat,Rabi,0.0,0.0,1839.0,Wheat
Nagaland,Mon,Wheat,Total,0.0,0.0,1839.0,Wheat
Nagaland,Mon,Maize,Kharif,0.03,0.06,2004.0,Maize (corn)
Nagaland,Mon,Maize,Rabi,0.01,0.02,1987.0,Maize (corn)
Nagaland,Mon,Maize,Total,0.04,0.07,2000.0,Maize (corn)
Nagaland,Mon,Gram,Rabi,0.0,0.0,839.0,"Chick peas, dry"
Nagaland,Mon,Gram,Total,0.0,0.0,839.0,"Chick peas, dry"
Nagaland,Niuland,Rice,Kharif,0.16,0.33,2032.0,Rice
Nagaland,Niuland,Rice,Rabi,0.0,0.01,1962.0,Rice
Nagaland,Niuland,Rice,Total,0.17,0.34,2030.0,Rice
Nagaland,Niuland,Wheat,Rabi,0.0,0.0,1844.0,Wheat
Nagaland,Niuland,Wheat,Total,0.0,0.0,1844.0,Wheat
Nagaland,Niuland,Maize,Kharif,0.02,0.04,2007.0,Maize (corn)
Nagaland,Niuland,Maize,Rabi,0.01,0.01,1990.0,Maize (corn)
Nagaland,Niuland,Maize,Total,0.02,0.05,2003.0,Maize (corn)
Nagaland,Niuland,Gram,Rabi,0.0,0.0,897.0,"Chick peas, dry"
Nagaland,Niuland,Gram,Total,0.0,0.0,897.0,"Chick peas, dry"
Nagaland,Niuland,Lentil,Rabi,0.0,0.0,824.0,"Lentils, dry"
Nagaland,Niuland,Lentil,Total,0.0,0.0,824.0,"Lentils, dry"
Nagaland,Noklak,Rice,Kharif,0.06,0.1,1522.0,Rice
Nagaland,Noklak,Rice,Total,0.06,0.1,1522.0,Rice
Nagaland,Noklak,Wheat,Rabi,0.0,0.0,1857.0,Wheat
Nagaland,Noklak,Wheat,Total,0.0,0.0,1857.0,Wheat
Nagaland,Noklak,Maize,Kharif,0.02,0.04,2010.0,Maize (corn)
Nagaland,Noklak,Maize,Total,0.02,0.04,2010.0,Maize (corn)
Nagaland,Noklak,Gram,Rabi,0.0,0.0,833.0,"Chick peas, dry"
Nagaland,Noklak,Gram,Total,0.0,0.0,833.0,"Chick peas, dry"
Nagaland,Peren,Rice,Kharif,0.14,0.26,1874.0,Rice
Nagaland,Peren,Rice,Rabi,0.0,0.0,1965.0,Rice
Nagaland,Peren,Rice,Total,0.14,0.26,1875.0,Rice
Nagaland,Peren,Wheat,Rabi,0.0,0.0,1800.0,Wheat
Nagaland,Peren,Wheat,Total,0.0,0.0,1800.0,Wheat
Nagaland,Peren,Maize,Kharif,0.02,0.04,2009.0,Maize (corn)
Nagaland,Peren,Maize,Total,0.02,0.04,2009.0,Maize (corn)
Nagaland,Peren,Gram,Rabi,0.0,0.0,865.0,"Chick peas, dry"
Nagaland,Peren,Gram,Total,0.0,0.0,865.0,"Chick peas, dry"
Nagaland,Peren,Lentil,Rabi,0.0,0.0,800.0,"Lentils, dry"
Nagaland,Peren,Lentil,Total,0.0,0.0,800.0,"Lentils, dry"
Nagaland,Phek,Rice,Kharif,0.16,0.32,1979.0,Rice
Nagaland,Phek,Rice,Total,0.16,0.32,1979.0,Rice
Nagaland,Phek,Wheat,Rabi,0.0,0.0,1828.0,Wheat
Nagaland,Phek,Wheat,Total,0.0,0.0,1828.0,Wheat
Nagaland,Phek,Maize,Kharif,0.05,0.1,2007.0,Maize (corn)
Nagaland,Phek,Maize,Rabi,0.01,0.01,1984.0,Maize (corn)
Nagaland,Phek,Maize,Total,0.05,0.11,2005.0,Maize (corn)
Nagaland,Phek,Gram,Rabi,0.0,0.0,846.0,"Chick peas, dry"
Nagaland,Phek,Gram,Total,0.0,0.0,846.0,"Chick peas, dry"
Nagaland,Shamator,Rice,Kharif,0.06,0.09,1578.0,Rice
Nagaland,Shamator,Rice,Total,0.06,0.09,1578.0,Rice
Nagaland,Shamator,Wheat,Rabi,0.0,0.0,1841.0,Wheat
Nagaland,Shamator,Wheat,Total,0.0,0.0,1841.0,Wheat
Nagaland,Shamator,Maize,Kharif,0.02,0.04,2006.0,Maize (corn)
Nagaland,Shamator,Maize,Total,0.02,0.04,2006.0,Maize (corn)
Nagaland,Shamator,Gram,Rabi,0.0,0.0,842.0,"Chick peas, dry"
Nagaland,Shamator,Gram,Total,0.0,0.0,842.0,"Chick peas, dry"
Nagaland,Tseminyu,Rice,Kharif,0.05,0.07,1493.0,Rice
Nagaland,Tseminyu,Rice,Total,0.05,0.07,1493.0,Rice
Nagaland,Tseminyu,Wheat,Rabi,0.0,0.0,1842.0,Wheat
Nagaland,Tseminyu,Wheat,Total,0.0,0.0,1842.0,Wheat
Nagaland,Tseminyu,Maize,Kharif,0.01,0.02,2016.0,Maize (corn)
Nagaland,Tseminyu,Maize,Total,0.01,0.02,2016.0,Maize (corn)
Nagaland,Tseminyu,Gram,Rabi,0.0,0.0,800.0,"Chick peas, dry"
Nagaland,Tseminyu,Gram,Total,0.0,0.0,800.0,"Chick peas, dry"
Nagaland,Tuensang,Rice,Kharif,0.1,0.16,1556.0,Rice
Nagaland,Tuensang,Rice,Total,0.1,0.16,1556.0,Rice
Nagaland,Tuensang,Wheat,Rabi,0.0,0.0,1844.0,Wheat
Nagaland,Tuensang,Wheat,Total,0.0,0.0,1844.0,Wheat
Nagaland,Tuensang,Maize,Kharif,0.02,0.04,2010.0,Maize (corn)
Nagaland,Tuensang,Maize,Total,0.02,0.04,2010.0,Maize (corn)
Nagaland,Tuensang,Gram,Rabi,0.0,0.0,833.0,"Chick peas, dry"
Nagaland,Tuensang,Gram,Total,0.0,0.0,833.0,"Chick peas, dry"
Nagaland,Wokha,Rice,Kharif,0.19,0.32,1683.0,Rice
Nagaland,Wokha,Rice,Rabi,0.0,0.0,1932.0,Rice
Nagaland,Wokha,Rice,Total,0.19,0.32,1684.0,Rice
Nagaland,Wokha,Wheat,Rabi,0.0,0.0,1815.0,Wheat
Nagaland,Wokha,Wheat,Total,0.0,0.0,1815.0,Wheat
Nagaland,Wokha,Maize,Kharif,0.03,0.05,2009.0,Maize (corn)
Nagaland,Wokha,Maize,Rabi,0.01,0.01,1992.0,Maize (corn)
Nagaland,Wokha,Maize,Total,0.03,0.07,2005.0,Maize (corn)
Nagaland,Wokha,Gram,Rabi,0.0,0.0,838.0,"Chick peas, dry"
Nagaland,Wokha,Gram,Total,0.0,0.0,838.0,"Chick peas, dry"
Nagaland,Zunheboto,Rice,Kharif,0.14,0.23,1596.0,Rice
Nagaland,Zunheboto,Rice,Total,0.14,0.23,1596.0,Rice
Nagaland,Zunheboto,Wheat,Rabi,0.0,0.0,1846.0,Wheat
Nagaland,Zunheboto,Wheat,Total,0.0,0.0,1846.0,Wheat
Nagaland,Zunheboto,Maize,Kharif,0.06,0.12,2012.0,Maize (corn)
Nagaland,Zunheboto,Maize,Total,0.06,0.12,2012.0,Maize (corn)
Nagaland,Zunheboto,Gram,Rabi,0.0,0.0,818.0,"Chick peas, dry"
Nagaland,Zunheboto,Gram,Total,0.0,0.0,818.0,"Chick peas, dry"
Nagaland,Zunheboto,Lentil,Rabi,0.0,0.0,796.0,"Lentils, dry"
Nagaland,Zunheboto,Lentil,Total,0.0,0.0,796.0,"Lentils, dry"
Odisha,Angul,Rice,Kharif,0.88,2.61,2956.0,Rice
Odisha,Angul,Rice,Summer,0.03,0.09,3030.0,Rice
Odisha,Angul,Rice,Total,0.91,2.69,2958.0,Rice
Odisha,Angul,Maize,Kharif,0.0,0.01,2595.0,Maize (corn)
Odisha,Angul,Maize,Summer,0.0,0.0,2417.0,Maize (corn)
Odisha,Angul,Maize,Total,0.0,0.01,2568.0,Maize (corn)
Odisha,Balangir,Rice,Kharif,1.54,3.35,2179.0,Rice
Odisha,Balangir,Rice,Summer,0.09,0.23,2618.0,Rice
Odisha,Balangir,Rice,Total,1.63,3.58,2203.0,Rice
Odisha,Balangir,Maize,Kharif,0.01,0.02,3178.0,Maize (corn)
Odisha,Balangir,Maize,Total,0.01,0.02,3178.0,Maize (corn)
Odisha,Balasore,Rice,Kharif,1.71,3.6,2100.0,Rice
Odisha,Balasore,Rice,Summer,0.64,2.05,3213.0,Rice
Odisha,Balasore,Rice,Total,2.35,5.65,2402.0,Rice
Odisha,Balasore,Maize,Summer,0.0,0.0,3356.0,Maize (corn)
Odisha,Balasore,Maize,Total,0.0,0.0,3356.0,Maize (corn)
Odisha,Bargarh,Rice,Kharif,2.15,6.75,3139.0,Rice
Odisha,Bargarh,Rice,Summer,1.01,3.68,3641.0,Rice
Odisha,Bargarh,Rice,Total,3.16,10.43,3299.0,Rice
Odisha,Bargarh,Maize,Kharif,0.0,0.0,2339.0,Maize (corn)
Odisha,Bargarh,Maize,Summer,0.0,0.0,1550.0,Maize (corn)
Odisha,Bargarh,Maize,Total,0.0,0.0,2105.0,Maize (corn)
Odisha,Bhadrak,Rice,Kharif,1.35,2.62,1941.0,Rice
Odisha,Bhadrak,Rice,Summer,0.03,0.07,2713.0,Rice
Odisha,Bhadrak,Rice,Total,1.38,2.69,1955.0,Rice
Odisha,Bhadrak,Maize,Summer,0.0,0.0,1933.0,Maize (corn)
Odisha,Bhadrak,Maize,Total,0.0,0.0,1933.0,Maize (corn)
Odisha,Boudh,Rice,Kharif,0.62,1.67,2699.0,Rice
Odisha,Boudh,Rice,Summer,0.05,0.16,2877.0,Rice
Odisha,Boudh,Rice,Total,0.67,1.82,2713.0,Rice
Odisha,Boudh,Maize,Kharif,0.0,0.0,1206.0,Maize (corn)
Odisha,Boudh,Maize,Summer,0.0,0.0,1225.0,Maize (corn)
Odisha,Boudh,Maize,Total,0.0,0.0,1208.0,Maize (corn)
Odisha,Cuttack,Rice,Kharif,1.06,2.84,2682.0,Rice
Odisha,Cuttack,Rice,Summer,0.09,0.31,3330.0,Rice
Odisha,Cuttack,Rice,Total,1.15,3.15,2735.0,Rice
Odisha,Cuttack,Maize,Summer,0.0,0.0,3878.0,Maize (corn)
Odisha,Cuttack,Maize,Total,0.0,0.0,3878.0,Maize (corn)
Odisha,Deogarh,Rice,Kharif,0.32,0.71,2234.0,Rice
Odisha,Deogarh,Rice,Summer,0.0,0.0,1366.0,Rice
Odisha,Deogarh,Rice,Total,0.32,0.71,2234.0,Rice
Odisha,Deogarh,Maize,Kharif,0.0,0.0,2274.0,Maize (corn)
Odisha,Deogarh,Maize,Summer,0.0,0.0,1846.0,Maize (corn)
Odisha,Deogarh,Maize,Total,0.0,0.0,2132.0,Maize (corn)
Odisha,Dhenkanal,Rice,Kharif,0.9,2.82,3122.0,Rice
Odisha,Dhenkanal,Rice,Summer,0.0,0.01,2182.0,Rice
Odisha,Dhenkanal,Rice,Total,0.9,2.82,3119.0,Rice
Odisha,Dhenkanal,Maize,Kharif,0.0,0.0,2572.0,Maize (corn)
Odisha,Dhenkanal,Maize,Summer,0.0,0.01,3029.0,Maize (corn)
Odisha,Dhenkanal,Maize,Total,0.0,0.01,2838.0,Maize (corn)
Odisha,Gajapati,Rice,Kharif,0.33,0.62,1866.0,Rice
Odisha,Gajapati,Rice,Summer,0.02,0.03,1894.0,Rice
Odisha,Gajapati,Rice,Total,0.35,0.64,1867.0,Rice
Odisha,Gajapati,Maize,Kharif,0.17,0.43,2501.0,Maize (corn)
Odisha,Gajapati,Maize,Summer,0.0,0.0,1950.0,Maize (corn)
Odisha,Gajapati,Maize,Total,0.17,0.43,2497.0,Maize (corn)
Odisha,Ganjam,Rice,Kharif,2.62,6.05,2313.0,Rice
Odisha,Ganjam,Rice,Summer,0.01,0.02,2834.0,Rice
Odisha,Ganjam,Rice,Total,2.62,6.07,2314.0,Rice
Odisha,Ganjam,Maize,Kharif,0.02,0.07,2935.0,Maize (corn)
Odisha,Ganjam,Maize,Summer,0.0,0.0,2219.0,Maize (corn)
Odisha,Ganjam,Maize,Total,0.02,0.07,2910.0,Maize (corn)
Odisha,Jagatsinghapur,Rice,Kharif,0.79,1.8,2280.0,Rice
Odisha,Jagatsinghapur,Rice,Summer,0.01,0.04,3010.0,Rice
Odisha,Jagatsinghapur,Rice,Total,0.8,1.84,2291.0,Rice
Odisha,Jagatsinghapur,Maize,Summer,0.0,0.0,2300.0,Maize (corn)
Odisha,Jagatsinghapur,Maize,Total,0.0,0.0,2300.0,Maize (corn)
Odisha,Jajpur,Rice,Kharif,1.06,2.17,2040.0,Rice
Odisha,Jajpur,Rice,Summer,0.04,0.09,2513.0,Rice
Odisha,Jajpur,Rice,Total,1.1,2.26,2056.0,Rice
Odisha,Jajpur,Maize,Summer,0.0,0.0,1351.0,Maize (corn)
Odisha,Jajpur,Maize,Total,0.0,0.0,1351.0,Maize (corn)
Odisha,Jharsuguda,Rice,Kharif,0.29,0.67,2268.0,Rice
Odisha,Jharsuguda,Rice,Summer,0.02,0.07,3669.0,Rice
Odisha,Jharsuguda,Rice,Total,0.31,0.74,2355.0,Rice
Odisha,Jharsuguda,Maize,Kharif,0.0,0.0,4060.0,Maize (corn)
Odisha,Jharsuguda,Maize,Summer,0.0,0.0,3910.0,Maize (corn)
Odisha,Jharsuguda,Maize,Total,0.0,0.0,4055.0,Maize (corn)
Odisha,Kalahandi,Rice,Kharif,1.93,4.99,2583.0,Rice
Odisha,Kalahandi,Rice,Summer,0.56,1.88,3347.0,Rice
Odisha,Kalahandi,Rice,Total,2.49,6.87,2755.0,Rice
Odisha,Kalahandi,Maize,Kharif,0.02,0.04,1966.0,Maize (corn)
Odisha,Kalahandi,Maize,Summer,0.0,0.0,1819.0,Maize (corn)
Odisha,Kalahandi,Maize,Total,0.02,0.04,1963.0,Maize (corn)
Odisha,Kandhamal,Rice,Kharif,0.42,0.64,1539.0,Rice
Odisha,Kandhamal,Rice,Summer,0.0,0.01,1975.0,Rice
Odisha,Kandhamal,Rice,Total,0.42,0.65,1543.0,Rice
Odisha,Kandhamal,Maize,Kharif,0.02,0.03,1676.0,Maize (corn)
Odisha,Kandhamal,Maize,Summer,0.0,0.0,2098.0,Maize (corn)
Odisha,Kandhamal,Maize,Total,0.02,0.03,1680.0,Maize (corn)
Odisha,Kendrapara,Rice,Kharif,1.23,2.54,2066.0,Rice
Odisha,Kendrapara,Rice,Summer,0.02,0.07,3081.0,Rice
Odisha,Kendrapara,Rice,Total,1.25,2.61,2083.0,Rice
Odisha,Keonjhar,Rice,Kharif,1.72,4.56,2647.0,Rice
Odisha,Keonjhar,Rice,Summer,0.01,0.03,2041.0,Rice
Odisha,Keonjhar,Rice,Total,1.74,4.59,2643.0,Rice
Odisha,Keonjhar,Maize,Kharif,0.01,0.05,3731.0,Maize (corn)
Odisha,Keonjhar,Maize,Summer,0.0,0.0,2972.0,Maize (corn)
Odisha,Keonjhar,Maize,Total,0.01,0.05,3724.0,Maize (corn)
Odisha,Khordha,Rice,Kharif,0.86,2.29,2647.0,Rice
Odisha,Khordha,Rice,Summer,0.02,0.06,3471.0,Rice
Odisha,Khordha,Rice,Total,0.88,2.35,2663.0,Rice
Odisha,Khordha,Maize,Kharif,0.0,0.0,2300.0,Maize (corn)
Odisha,Khordha,Maize,Summer,0.0,0.0,2088.0,Maize (corn)
Odisha,Khordha,Maize,Total,0.0,0.0,2112.0,Maize (corn)
Odisha,Koraput,Rice,Kharif,0.89,2.52,2825.0,Rice
Odisha,Koraput,Rice,Summer,0.32,0.96,3016.0,Rice
Odisha,Koraput,Rice,Total,1.21,3.48,2875.0,Rice
Odisha,Koraput,Maize,Kharif,0.11,0.29,2623.0,Maize (corn)
Odisha,Koraput,Maize,Summer,0.01,0.03,2255.0,Maize (corn)
Odisha,Koraput,Maize,Total,0.12,0.32,2582.0,Maize (corn)
Odisha,Malkangiri,Rice,Kharif,1.07,2.36,2199.0,Rice
Odisha,Malkangiri,Rice,Summer,0.05,0.11,2244.0,Rice
Odisha,Malkangiri,Rice,Total,1.12,2.47,2200.0,Rice
Odisha,Malkangiri,Maize,Kharif,0.01,0.01,1438.0,Maize (corn)
Odisha,Malkangiri,Maize,Summer,0.0,0.0,1641.0,Maize (corn)
Odisha,Malkangiri,Maize,Total,0.01,0.01,1447.0,Maize (corn)
Odisha,Mayurbhanj,Rice,Kharif,3.44,7.34,2134.0,Rice
Odisha,Mayurbhanj,Rice,Summer,0.09,0.23,2473.0,Rice
Odisha,Mayurbhanj,Rice,Total,3.53,7.57,2143.0,Rice
Odisha,Mayurbhanj,Maize,Kharif,0.01,0.01,2161.0,Maize (corn)
Odisha,Mayurbhanj,Maize,Summer,0.0,0.0,2541.0,Maize (corn)
Odisha,Mayurbhanj,Maize,Total,0.01,0.02,2240.0,Maize (corn)
Odisha,Nabarangpur,Rice,Kharif,0.99,2.31,2341.0,Rice
Odisha,Nabarangpur,Rice,Summer,0.03,0.07,2562.0,Rice
Odisha,Nabarangpur,Rice,Total,1.01,2.37,2347.0,Rice
Odisha,Nabarangpur,Maize,Kharif,0.27,1.06,3997.0,Maize (corn)
Odisha,Nabarangpur,Maize,Summer,0.14,0.44,3268.0,Maize (corn)
Odisha,Nabarangpur,Maize,Total,0.4,1.51,3750.0,Maize (corn)
Odisha,Nayagarh,Rice,Kharif,0.86,1.94,2240.0,Rice
Odisha,Nayagarh,Rice,Summer,0.0,0.0,3096.0,Rice
Odisha,Nayagarh,Rice,Total,0.87,1.94,2241.0,Rice
Odisha,Nayagarh,Maize,Kharif,0.0,0.01,3088.0,Maize (corn)
Odisha,Nayagarh,Maize,Summer,0.0,0.01,3858.0,Maize (corn)
Odisha,Nayagarh,Maize,Total,0.01,0.02,3382.0,Maize (corn)
Odisha,Nuapada,Rice,Kharif,0.57,1.22,2129.0,Rice
Odisha,Nuapada,Rice,Summer,0.07,0.21,2744.0,Rice
Odisha,Nuapada,Rice,Total,0.65,1.43,2200.0,Rice
Odisha,Nuapada,Maize,Kharif,0.01,0.03,2008.0,Maize (corn)
Odisha,Nuapada,Maize,Total,0.01,0.03,2008.0,Maize (corn)
Odisha,Puri,Rice,Kharif,0.89,2.26,2544.0,Rice
Odisha,Puri,Rice,Summer,0.33,1.06,3184.0,Rice
Odisha,Puri,Rice,Total,1.22,3.32,2719.0,Rice
Odisha,Puri,Maize,Summer,0.0,0.0,4131.0,Maize (corn)
Odisha,Puri,Maize,Total,0.0,0.0,4131.0,Maize (corn)
Odisha,Rayagada,Rice,Kharif,0.52,1.26,2408.0,Rice
Odisha,Rayagada,Rice,Summer,0.01,0.02,2460.0,Rice
Odisha,Rayagada,Rice,Total,0.53,1.28,2409.0,Rice
Odisha,Rayagada,Maize,Kharif,0.03,0.05,1847.0,Maize (corn)
Odisha,Rayagada,Maize,Summer,0.0,0.0,1475.0,Maize (corn)
Odisha,Rayagada,Maize,Total,0.03,0.05,1845.0,Maize (corn)
Odisha,Sambalpur,Rice,Kharif,0.95,2.22,2327.0,Rice
Odisha,Sambalpur,Rice,Summer,0.17,0.7,4194.0,Rice
Odisha,Sambalpur,Rice,Total,1.12,2.91,2604.0,Rice
Odisha,Sambalpur,Maize,Kharif,0.0,0.0,2509.0,Maize (corn)
Odisha,Sambalpur,Maize,Summer,0.0,0.0,2868.0,Maize (corn)
Odisha,Sambalpur,Maize,Total,0.0,0.0,2595.0,Maize (corn)
Odisha,Sonepur,Rice,Kharif,0.93,2.7,2906.0,Rice
Odisha,Sonepur,Rice,Summer,0.41,1.57,3826.0,Rice
Odisha,Sonepur,Rice,Total,1.34,4.27,3188.0,Rice
Odisha,Sundargarh,Rice,Kharif,1.28,2.02,1582.0,Rice
Odisha,Sundargarh,Rice,Summer,0.02,0.04,2330.0,Rice
Odisha,Sundargarh,Rice,Total,1.3,2.06,1592.0,Rice
Odisha,Sundargarh,Maize,Kharif,0.0,0.01,2711.0,Maize (corn)
Odisha,Sundargarh,Maize,Summer,0.0,0.0,2536.0,Maize (corn)
Odisha,Sundargarh,Maize,Total,0.01,0.02,2691.0,Maize (corn)
Puducherry,Karaikal,Rice,Kharif,0.01,0.02,1914.0,Rice
Puducherry,Karaikal,Rice,Rabi,0.04,0.09,2097.0,Rice
Puducherry,Karaikal,Rice,Total,0.05,0.1,2067.0,Rice
Puducherry,Puducherry,Rice,Kharif,0.02,0.07,3090.0,Rice
Puducherry,Puducherry,Rice,Rabi,0.05,0.14,2875.0,Rice
Puducherry,Puducherry,Rice,Summer,0.05,0.15,3218.0,Rice
Puducherry,Puducherry,Rice,Total,0.12,0.37,3053.0,Rice
Puducherry,Yanam,Rice,Kharif,0.0,0.0,1723.0,Rice
Puducherry,Yanam,Rice,Rabi,0.0,0.0,2570.0,Rice
Puducherry,Yanam,Rice,Total,0.0,0.0,2147.0,Rice
Punjab,Amritsar,Rice,Kharif,1.82,6.27,3438.0,Rice
Punjab,Amritsar,Rice,Total,1.82,6.27,3438.0,Rice
Punjab,Amritsar,Wheat,Rabi,1.86,9.67,5188.0,Wheat
Punjab,Amritsar,Wheat,Total,1.86,9.67,5188.0,Wheat
Punjab,Amritsar,Maize,Kharif,0.0,0.01,4579.0,Maize (corn)
Punjab,Amritsar,Maize,Total,0.0,0.01,4579.0,Maize (corn)
Punjab,Barnala,Rice,Kharif,1.15,5.62,4909.0,Rice
Punjab,Barnala,Rice,Total,1.15,5.62,4909.0,Rice
Punjab,Barnala,Wheat,Rabi,1.14,6.03,5276.0,Wheat
Punjab,Barnala,Wheat,Total,1.14,6.03,5276.0,Wheat
Punjab,Barnala,Maize,Kharif,0.0,0.0,4234.0,Maize (corn)
Punjab,Barnala,Maize,Total,0.0,0.0,4234.0,Maize (corn)
Punjab,Barnala,Gram,Rabi,0.0,0.0,1210.0,"Chick peas, dry"
Punjab,Barnala,Gram,Total,0.0,0.0,1210.0,"Chick peas, dry"
Punjab,Bathinda,Rice,Kharif,2.17,9.81,4530.0,Rice
Punjab,Bathinda,Rice,Total,2.17,9.81,4530.0,Rice
Punjab,Bathinda,Wheat,Rabi,2.55,13.66,5350.0,Wheat
Punjab,Bathinda,Wheat,Total,2.55,13.66,5350.0,Wheat
Punjab,Bathinda,Maize,Kharif,0.0,0.0,4234.0,Maize (corn)
Punjab,Bathinda,Maize,Total,0.0,0.0,4234.0,Maize (corn)
Punjab,Bathinda,Gram,Rabi,0.0,0.0,1362.0,"Chick peas, dry"
Punjab,Bathinda,Gram,Total,0.0,0.0,1362.0,"Chick peas, dry"
Punjab,Faridkot,Rice,Kharif,1.17,5.14,4388.0,Rice
Punjab,Faridkot,Rice,Total,1.17,5.14,4388.0,Rice
Punjab,Faridkot,Wheat,Rabi,1.15,6.08,5289.0,Wheat
Punjab,Faridkot,Wheat,Total,1.15,6.08,5289.0,Wheat
Punjab,Faridkot,Gram,Rabi,0.0,0.0,1710.0,"Chick peas, dry"
Punjab,Faridkot,Gram,Total,0.0,0.0,1710.0,"Chick peas, dry"
Punjab,Fatehgarh Sahib,Rice,Kharif,0.88,4.1,4675.0,Rice
Punjab,Fatehgarh Sahib,Rice,Total,0.88,4.1,4675.0,Rice
Punjab,Fatehgarh Sahib,Wheat,Rabi,0.85,4.47,5249.0,Wheat
Punjab,Fatehgarh Sahib,Wheat,Total,0.85,4.47,5249.0,Wheat
Punjab,Fatehgarh Sahib,Maize,Kharif,0.0,0.01,4234.0,Maize (corn)
Punjab,Fatehgarh Sahib,Maize,Total,0.0,0.01,4234.0,Maize (corn)
Punjab,Fazilka,Rice,Kharif,1.28,4.29,3349.0,Rice
Punjab,Fazilka,Rice,Total,1.28,4.29,3349.0,Rice
Punjab,Fazilka,Wheat,Rabi,1.97,9.73,4947.0,Wheat
Punjab,Fazilka,Wheat,Total,1.97,9.73,4947.0,Wheat
Punjab,Fazilka,Maize,Kharif,0.0,0.02,5605.0,Maize (corn)
Punjab,Fazilka,Maize,Total,0.0,0.02,5605.0,Maize (corn)
Punjab,Fazilka,Gram,Rabi,0.01,0.01,1136.0,"Chick peas, dry"
Punjab,Fazilka,Gram,Total,0.01,0.01,1136.0,"Chick peas, dry"
Punjab,Ferozepur,Rice,Kharif,1.87,8.72,4672.0,Rice
Punjab,Ferozepur,Rice,Total,1.87,8.72,4672.0,Rice
Punjab,Ferozepur,Wheat,Rabi,1.87,9.79,5223.0,Wheat
Punjab,Ferozepur,Wheat,Total,1.87,9.79,5223.0,Wheat
Punjab,Ferozepur,Maize,Kharif,0.0,0.0,4234.0,Maize (corn)
Punjab,Ferozepur,Maize,Total,0.0,0.0,4234.0,Maize (corn)
Punjab,Gurdaspur,Rice,Kharif,1.73,7.04,4072.0,Rice
Punjab,Gurdaspur,Rice,Total,1.73,7.04,4072.0,Rice
Punjab,Gurdaspur,Wheat,Rabi,1.86,8.99,4834.0,Wheat
Punjab,Gurdaspur,Wheat,Total,1.86,8.99,4834.0,Wheat
Punjab,Gurdaspur,Maize,Kharif,0.0,0.01,3605.0,Maize (corn)
Punjab,Gurdaspur,Maize,Total,0.0,0.01,3605.0,Maize (corn)
Punjab,Gurdaspur,Lentil,Rabi,0.0,0.0,930.0,"Lentils, dry"
Punjab,Gurdaspur,Lentil,Total,0.0,0.0,930.0,"Lentils, dry"
Punjab,Hoshiarpur,Rice,Kharif,0.8,3.44,4319.0,Rice
Punjab,Hoshiarpur,Rice,Total,0.8,3.44,4319.0,Rice
Punjab,Hoshiarpur,Wheat,Rabi,1.46,6.33,4345.0,Wheat
Punjab,Hoshiarpur,Wheat,Total,1.46,6.33,4345.0,Wheat
Punjab,Hoshiarpur,Maize,Kharif,0.42,1.57,3765.0,Maize (corn)
Punjab,Hoshiarpur,Maize,Total,0.42,1.57,3765.0,Maize (corn)
Punjab,Hoshiarpur,Gram,Rabi,0.0,0.0,1051.0,"Chick peas, dry"
Punjab,Hoshiarpur,Gram,Total,0.0,0.0,1051.0,"Chick peas, dry"
Punjab,Hoshiarpur,Lentil,Rabi,0.0,0.0,768.0,"Lentils, dry"
Punjab,Hoshiarpur,Lentil,Total,0.0,0.0,768.0,"Lentils, dry"
Punjab,Jalandhar,Rice,Kharif,1.76,7.91,4507.0,Rice
Punjab,Jalandhar,Rice,Total,1.76,7.91,4507.0,Rice
Punjab,Jalandhar,Wheat,Rabi,1.73,8.69,5012.0,Wheat
Punjab,Jalandhar,Wheat,Total,1.73,8.69,5012.0,Wheat
Punjab,Jalandhar,Maize,Kharif,0.04,0.16,4077.0,Maize (corn)
Punjab,Jalandhar,Maize,Total,0.04,0.16,4077.0,Maize (corn)
Punjab,Kapurthala,Rice,Kharif,1.17,5.59,4791.0,Rice
Punjab,Kapurthala,Rice,Total,1.17,5.59,4791.0,Rice
Punjab,Kapurthala,Wheat,Rabi,1.07,5.49,5111.0,Wheat
Punjab,Kapurthala,Wheat,Total,1.07,5.49,5111.0,Wheat
Punjab,Kapurthala,Maize,Kharif,0.01,0.04,4087.0,Maize (corn)
Punjab,Kapurthala,Maize,Total,0.01,0.04,4087.0,Maize (corn)
Punjab,Ludhiana,Rice,Kharif,2.58,12.42,4812.0,Rice
Punjab,Ludhiana,Rice,Total,2.58,12.42,4812.0,Rice
Punjab,Ludhiana,Wheat,Rabi,2.4,12.33,5132.0,Wheat
Punjab,Ludhiana,Wheat,Total,2.4,12.33,5132.0,Wheat
Punjab,Ludhiana,Maize,Kharif,0.01,0.02,3660.0,Maize (corn)
Punjab,Ludhiana,Maize,Total,0.01,0.02,3660.0,Maize (corn)
Punjab,Malerkotla,Rice,Kharif,0.53,2.83,5328.0,Rice
Punjab,Malerkotla,Rice,Total,0.53,2.83,5328.0,Rice
Punjab,Malerkotla,Wheat,Rabi,0.52,2.84,5439.0,Wheat
Punjab,Malerkotla,Wheat,Total,0.52,2.84,5439.0,Wheat
Punjab,Malerkotla,Maize,Kharif,0.0,0.01,4234.0,Maize (corn)
Punjab,Malerkotla,Maize,Total,0.0,0.01,4234.0,Maize (corn)
Punjab,Mansa,Rice,Kharif,1.44,6.38,4434.0,Rice
Punjab,Mansa,Rice,Total,1.44,6.38,4434.0,Rice
Punjab,Mansa,Wheat,Rabi,1.72,9.08,5276.0,Wheat
Punjab,Mansa,Wheat,Total,1.72,9.08,5276.0,Wheat
Punjab,Mansa,Maize,Kharif,0.0,0.0,4234.0,Maize (corn)
Punjab,Mansa,Maize,Total,0.0,0.0,4234.0,Maize (corn)
Punjab,Mansa,Gram,Rabi,0.0,0.0,1401.0,"Chick peas, dry"
Punjab,Mansa,Gram,Total,0.0,0.0,1401.0,"Chick peas, dry"
Punjab,Moga,Rice,Kharif,1.85,8.72,4721.0,Rice
Punjab,Moga,Rice,Total,1.85,8.72,4721.0,Rice
Punjab,Moga,Wheat,Rabi,1.76,9.44,5360.0,Wheat
Punjab,Moga,Wheat,Total,1.76,9.44,5360.0,Wheat
Punjab,Moga,Maize,Kharif,0.0,0.01,4234.0,Maize (corn)
Punjab,Moga,Maize,Total,0.0,0.01,4234.0,Maize (corn)
Punjab,Pathankot,Rice,Kharif,0.27,1.0,3648.0,Rice
Punjab,Pathankot,Rice,Total,0.27,1.0,3648.0,Rice
Punjab,Pathankot,Wheat,Rabi,0.4,1.68,4184.0,Wheat
Punjab,Pathankot,Wheat,Total,0.4,1.68,4184.0,Wheat
Punjab,Pathankot,Maize,Kharif,0.06,0.2,3313.0,Maize (corn)
Punjab,Pathankot,Maize,Total,0.06,0.2,3313.0,Maize (corn)
Punjab,Pathankot,Gram,Rabi,0.0,0.0,1210.0,"Chick peas, dry"
Punjab,Pathankot,Gram,Total,0.0,0.0,1210.0,"Chick peas, dry"
Punjab,Patiala,Rice,Kharif,2.33,10.45,4483.0,Rice
Punjab,Patiala,Rice,Total,2.33,10.45,4483.0,Rice
Punjab,Patiala,Wheat,Rabi,2.31,11.65,5038.0,Wheat
Punjab,Patiala,Wheat,Total,2.31,11.65,5038.0,Wheat
Punjab,Patiala,Maize,Kharif,0.01,0.04,5031.0,Maize (corn)
Punjab,Patiala,Maize,Total,0.01,0.04,5031.0,Maize (corn)
Punjab,Rupnagar,Rice,Kharif,0.42,1.71,4108.0,Rice
Punjab,Rupnagar,Rice,Total,0.42,1.71,4108.0,Rice
Punjab,Rupnagar,Wheat,Rabi,0.67,3.12,4630.0,Wheat
Punjab,Rupnagar,Wheat,Total,0.67,3.12,4630.0,Wheat
Punjab,Rupnagar,Maize,Kharif,0.2,1.12,5535.0,Maize (corn)
Punjab,Rupnagar,Maize,Total,0.2,1.12,5535.0,Maize (corn)
Punjab,Rupnagar,Gram,Rabi,0.0,0.0,1003.0,"Chick peas, dry"
Punjab,Rupnagar,Gram,Total,0.0,0.0,1003.0,"Chick peas, dry"
Punjab,Rupnagar,Lentil,Rabi,0.0,0.0,332.0,"Lentils, dry"
Punjab,Rupnagar,Lentil,Total,0.0,0.0,332.0,"Lentils, dry"
Punjab,S.A.S Nagar,Rice,Kharif,0.33,1.27,3884.0,Rice
Punjab,S.A.S Nagar,Rice,Total,0.33,1.27,3884.0,Rice
Punjab,S.A.S Nagar,Wheat,Rabi,0.52,2.41,4680.0,Wheat
Punjab,S.A.S Nagar,Wheat,Total,0.52,2.41,4680.0,Wheat
Punjab,S.A.S Nagar,Maize,Kharif,0.05,0.2,4550.0,Maize (corn)
Punjab,S.A.S Nagar,Maize,Total,0.05,0.2,4550.0,Maize (corn)
Punjab,S.A.S Nagar,Gram,Rabi,0.0,0.0,1106.0,"Chick peas, dry"
Punjab,S.A.S Nagar,Gram,Total,0.0,0.0,1106.0,"Chick peas, dry"
Punjab,S.A.S Nagar,Lentil,Rabi,0.0,0.0,675.0,"Lentils, dry"
Punjab,S.A.S Nagar,Lentil,Total,0.0,0.0,675.0,"Lentils, dry"
Punjab,Sangrur,Rice,Kharif,2.41,11.69,4853.0,Rice
Punjab,Sangrur,Rice,Total,2.41,11.69,4853.0,Rice
Punjab,Sangrur,Wheat,Rabi,2.4,13.25,5519.0,Wheat
Punjab,Sangrur,Wheat,Total,2.4,13.25,5519.0,Wheat
Punjab,Sangrur,Maize,Kharif,0.0,0.0,4234.0,Maize (corn)
Punjab,Sangrur,Maize,Total,0.0,0.0,4234.0,Maize (corn)
Punjab,Sangrur,Gram,Rabi,0.0,0.0,1785.0,"Chick peas, dry"
Punjab,Sangrur,Gram,Total,0.0,0.0,1785.0,"Chick peas, dry"
Punjab,Shahid Bhagat Singh Nagar,Rice,Kharif,0.63,2.87,4538.0,Rice
Punjab,Shahid Bhagat Singh Nagar,Rice,Total,0.63,2.87,4538.0,Rice
Punjab,Shahid Bhagat Singh Nagar,Wheat,Rabi,0.78,3.9,5019.0,Wheat
Punjab,Shahid Bhagat Singh Nagar,Wheat,Total,0.78,3.9,5019.0,Wheat
Punjab,Shahid Bhagat Singh Nagar,Maize,Kharif,0.05,0.26,4819.0,Maize (corn)
Punjab,Shahid Bhagat Singh Nagar,Maize,Total,0.05,0.26,4819.0,Maize (corn)
Punjab,Sri Muktsar Sahib,Rice,Kharif,2.02,8.41,4173.0,Rice
Punjab,Sri Muktsar Sahib,Rice,Total,2.02,8.41,4173.0,Rice
Punjab,Sri Muktsar Sahib,Wheat,Rabi,2.18,11.71,5379.0,Wheat
Punjab,Sri Muktsar Sahib,Wheat,Total,2.18,11.71,5379.0,Wheat
Punjab,Sri Muktsar Sahib,Gram,Rabi,0.0,0.0,1159.0,"Chick peas, dry"
Punjab,Sri Muktsar Sahib,Gram,Total,0.0,0.0,1159.0,"Chick peas, dry"
Punjab,Tarn Taran,Rice,Kharif,1.85,7.93,4280.0,Rice
Punjab,Tarn Taran,Rice,Total,1.85,7.93,4280.0,Rice
Punjab,Tarn Taran,Wheat,Rabi,1.93,9.59,4973.0,Wheat
Punjab,Tarn Taran,Wheat,Total,1.93,9.59,4973.0,Wheat
Punjab,Tarn Taran,Maize,Kharif,0.0,0.0,4234.0,Maize (corn)
Punjab,Tarn Taran,Maize,Total,0.0,0.0,4234.0,Maize (corn)
Rajasthan,Ajmer,Rice,Kharif,0.0,0.0,2593.0,Rice
Rajasthan,Ajmer,Rice,Total,0.0,0.0,2593.0,Rice
Rajasthan,Ajmer,Wheat,Rabi,0.6,1.55,2571.0,Wheat
Rajasthan,Ajmer,Wheat,Total,0.6,1.55,2571.0,Wheat
Rajasthan,Ajmer,Maize,Kharif,0.08,0.06,735.0,Maize (corn)
Rajasthan,Ajmer,Maize,Total,0.08,0.06,735.0,Maize (corn)
Rajasthan,Ajmer,Gram,Rabi,1.52,1.75,1152.0,"Chick peas, dry"
Rajasthan,Ajmer,Gram,Total,1.52,1.75,1152.0,"Chick peas, dry"
Rajasthan,Ajmer,Lentil,Rabi,0.0,0.0,1070.0,"Lentils, dry"
Rajasthan,Ajmer,Lentil,Total,0.0,0.0,1070.0,"Lentils, dry"
Rajasthan,Alwar,Rice,Kharif,0.0,0.0,2593.0,Rice
Rajasthan,Alwar,Rice,Total,0.0,0.0,2593.0,Rice
Rajasthan,Alwar,Wheat,Rabi,0.83,3.41,4090.0,Wheat
Rajasthan,Alwar,Wheat,Total,0.83,3.41,4090.0,Wheat
Rajasthan,Alwar,Maize,Kharif,0.0,0.01,2552.0,Maize (corn)
Rajasthan,Alwar,Maize,Total,0.0,0.01,2552.0,Maize (corn)
Rajasthan,Alwar,Gram,Rabi,0.08,0.09,1236.0,"Chick peas, dry"
Rajasthan,Alwar,Gram,Total,0.08,0.09,1236.0,"Chick peas, dry"
Rajasthan,Balotra,Wheat,Rabi,0.08,0.3,3559.0,Wheat
Rajasthan,Balotra,Wheat,Total,0.08,0.3,3559.0,Wheat
Rajasthan,Balotra,Gram,Rabi,0.01,0.01,1236.0,"Chick peas, dry"
Rajasthan,Balotra,Gram,Total,0.01,0.01,1236.0,"Chick peas, dry"
Rajasthan,Banswara,Rice,Kharif,0.25,0.29,1159.0,Rice
Rajasthan,Banswara,Rice,Total,0.25,0.29,1159.0,Rice
Rajasthan,Banswara,Wheat,Rabi,0.99,1.89,1904.0,Wheat
Rajasthan,Banswara,Wheat,Total,0.99,1.89,1904.0,Wheat
Rajasthan,Banswara,Maize,Kharif,1.08,2.47,2284.0,Maize (corn)
Rajasthan,Banswara,Maize,Rabi,0.33,1.91,5800.0,Maize (corn)
Rajasthan,Banswara,Maize,Total,1.41,4.38,3105.0,Maize (corn)
Rajasthan,Banswara,Gram,Rabi,0.17,0.21,1236.0,"Chick peas, dry"
Rajasthan,Banswara,Gram,Total,0.17,0.21,1236.0,"Chick peas, dry"
Rajasthan,Baran,Rice,Kharif,0.41,1.0,2413.0,Rice
Rajasthan,Baran,Rice,Total,0.41,1.0,2413.0,Rice
Rajasthan,Baran,Wheat,Rabi,1.71,6.46,3782.0,Wheat
Rajasthan,Baran,Wheat,Total,1.71,6.46,3782.0,Wheat
Rajasthan,Baran,Maize,Kharif,0.64,2.18,3379.0,Maize (corn)
Rajasthan,Baran,Maize,Summer,0.0,0.0,1000.0,Maize (corn)
Rajasthan,Baran,Maize,Total,0.64,2.18,3379.0,Maize (corn)
Rajasthan,Baran,Gram,Rabi,0.27,0.51,1885.0,"Chick peas, dry"
Rajasthan,Baran,Gram,Total,0.27,0.51,1885.0,"Chick peas, dry"
Rajasthan,Baran,Lentil,Rabi,0.0,0.0,1070.0,"Lentils, dry"
Rajasthan,Baran,Lentil,Total,0.0,0.0,1070.0,"Lentils, dry"
Rajasthan,Barmer,Wheat,Rabi,0.03,0.09,3559.0,Wheat
Rajasthan,Barmer,Wheat,Total,0.03,0.09,3559.0,Wheat
Rajasthan,Barmer,Gram,Rabi,0.0,0.0,1236.0,"Chick peas, dry"
Rajasthan,Barmer,Gram,Total,0.0,0.0,1236.0,"Chick peas, dry"
Rajasthan,Beawar,Wheat,Rabi,0.44,1.73,3940.0,Wheat
Rajasthan,Beawar,Wheat,Total,0.44,1.73,3940.0,Wheat
Rajasthan,Beawar,Maize,Kharif,0.15,0.25,1587.0,Maize (corn)
Rajasthan,Beawar,Maize,Total,0.15,0.25,1587.0,Maize (corn)
Rajasthan,Beawar,Gram,Rabi,0.23,0.27,1202.0,"Chick peas, dry"
Rajasthan,Beawar,Gram,Total,0.23,0.27,1202.0,"Chick peas, dry"
Rajasthan,Bharatpur,Rice,Kharif,0.01,0.02,2593.0,Rice
Rajasthan,Bharatpur,Rice,Total,0.01,0.02,2593.0,Rice
Rajasthan,Bharatpur,Wheat,Rabi,0.57,2.44,4243.0,Wheat
Rajasthan,Bharatpur,Wheat,Total,0.57,2.44,4243.0,Wheat
Rajasthan,Bharatpur,Gram,Rabi,0.01,0.01,1236.0,"Chick peas, dry"
Rajasthan,Bharatpur,Gram,Total,0.01,0.01,1236.0,"Chick peas, dry"
Rajasthan,Bharatpur,Lentil,Rabi,0.0,0.0,1070.0,"Lentils, dry"
Rajasthan,Bharatpur,Lentil,Total,0.0,0.0,1070.0,"Lentils, dry"
Rajasthan,Bhilwara,Rice,Kharif,0.03,0.07,2593.0,Rice
Rajasthan,Bhilwara,Rice,Total,0.03,0.07,2593.0,Rice
Rajasthan,Bhilwara,Wheat,Rabi,1.51,4.99,3300.0,Wheat
Rajasthan,Bhilwara,Wheat,Total,1.51,4.99,3300.0,Wheat
Rajasthan,Bhilwara,Maize,Kharif,1.96,4.83,2467.0,Maize (corn)
Rajasthan,Bhilwara,Maize,Total,1.96,4.83,2467.0,Maize (corn)
Rajasthan,Bhilwara,Gram,Rabi,0.95,1.33,1411.0,"Chick peas, dry"
Rajasthan,Bhilwara,Gram,Total,0.95,1.33,1411.0,"Chick peas, dry"
Rajasthan,Bhilwara,Lentil,Rabi,0.02,0.02,1026.0,"Lentils, dry"
Rajasthan,Bhilwara,Lentil,Total,0.02,0.02,1026.0,"Lentils, dry"
Rajasthan,Bikaner,Wheat,Rabi,1.16,3.81,3288.0,Wheat
Rajasthan,Bikaner,Wheat,Total,1.16,3.81,3288.0,Wheat
Rajasthan,Bikaner,Gram,Rabi,1.02,1.12,1094.0,"Chick peas, dry"
Rajasthan,Bikaner,Gram,Total,1.02,1.12,1094.0,"Chick peas, dry"
Rajasthan,Bikaner,Lentil,Rabi,0.0,0.0,1070.0,"Lentils, dry"
Rajasthan,Bikaner,Lentil,Total,0.0,0.0,1070.0,"Lentils, dry"
Rajasthan,Bundi,Rice,Kharif,1.0,2.67,2679.0,Rice
Rajasthan,Bundi,Rice,Total,1.0,2.67,2679.0,Rice
Rajasthan,Bundi,Wheat,Rabi,1.37,5.41,3959.0,Wheat
Rajasthan,Bundi,Wheat,Total,1.37,5.41,3959.0,Wheat
Rajasthan,Bundi,Maize,Kharif,0.29,0.71,2479.0,Maize (corn)
Rajasthan,Bundi,Maize,Total,0.29,0.71,2479.0,Maize (corn)
Rajasthan,Bundi,Gram,Rabi,0.35,0.62,1769.0,"Chick peas, dry"
Rajasthan,Bundi,Gram,Total,0.35,0.62,1769.0,"Chick peas, dry"
Rajasthan,Bundi,Lentil,Rabi,0.01,0.01,1097.0,"Lentils, dry"
Rajasthan,Bundi,Lentil,Total,0.01,0.01,1097.0,"Lentils, dry"
Rajasthan,Chittorgarh,Rice,Kharif,0.02,0.06,2593.0,Rice
Rajasthan,Chittorgarh,Rice,Total,0.02,0.06,2593.0,Rice
Rajasthan,Chittorgarh,Wheat,Rabi,1.33,5.04,3790.0,Wheat
Rajasthan,Chittorgarh,Wheat,Total,1.33,5.04,3790.0,Wheat
Rajasthan,Chittorgarh,Maize,Kharif,1.81,6.54,3620.0,Maize (corn)
Rajasthan,Chittorgarh,Maize,Rabi,0.0,0.0,4583.0,Maize (corn)
Rajasthan,Chittorgarh,Maize,Summer,0.0,0.0,2999.0,Maize (corn)
Rajasthan,Chittorgarh,Maize,Total,1.81,6.54,3621.0,Maize (corn)
Rajasthan,Chittorgarh,Gram,Rabi,0.89,1.31,1481.0,"Chick peas, dry"
Rajasthan,Chittorgarh,Gram,Total,0.89,1.31,1481.0,"Chick peas, dry"
Rajasthan,Chittorgarh,Lentil,Rabi,0.0,0.0,1070.0,"Lentils, dry"
Rajasthan,Chittorgarh,Lentil,Total,0.0,0.0,1070.0,"Lentils, dry"
Rajasthan,Churu,Wheat,Rabi,0.45,1.61,3559.0,Wheat
Rajasthan,Churu,Wheat,Total,0.45,1.61,3559.0,Wheat
Rajasthan,Churu,Gram,Rabi,1.06,0.34,316.0,"Chick peas, dry"
Rajasthan,Churu,Gram,Total,1.06,0.34,316.0,"Chick peas, dry"
Rajasthan,Churu,Lentil,Rabi,0.0,0.0,1070.0,"Lentils, dry"
Rajasthan,Churu,Lentil,Total,0.0,0.0,1070.0,"Lentils, dry"
Rajasthan,Dausa,Wheat,Rabi,0.7,2.65,3784.0,Wheat
Rajasthan,Dausa,Wheat,Total,0.7,2.65,3784.0,Wheat
Rajasthan,Dausa,Maize,Kharif,0.0,0.01,2552.0,Maize (corn)
Rajasthan,Dausa,Maize,Total,0.0,0.01,2552.0,Maize (corn)
Rajasthan,Dausa,Gram,Rabi,0.37,0.5,1368.0,"Chick peas, dry"
Rajasthan,Dausa,Gram,Total,0.37,0.5,1368.0,"Chick peas, dry"
Rajasthan,Deeg,Rice,Kharif,0.04,0.09,2593.0,Rice
Rajasthan,Deeg,Rice,Total,0.04,0.09,2593.0,Rice
Rajasthan,Deeg,Wheat,Rabi,0.56,2.51,4528.0,Wheat
Rajasthan,Deeg,Wheat,Total,0.56,2.51,4528.0,Wheat
Rajasthan,Deeg,Gram,Rabi,0.02,0.02,1236.0,"Chick peas, dry"
Rajasthan,Deeg,Gram,Total,0.02,0.02,1236.0,"Chick peas, dry"
Rajasthan,Deeg,Lentil,Rabi,0.01,0.01,1070.0,"Lentils, dry"
Rajasthan,Deeg,Lentil,Total,0.01,0.01,1070.0,"Lentils, dry"
Rajasthan,Dholpur,Rice,Kharif,0.01,0.02,2593.0,Rice
Rajasthan,Dholpur,Rice,Total,0.01,0.02,2593.0,Rice
Rajasthan,Dholpur,Wheat,Rabi,0.57,2.34,4115.0,Wheat
Rajasthan,Dholpur,Wheat,Total,0.57,2.34,4115.0,Wheat
Rajasthan,Dholpur,Maize,Kharif,0.0,0.0,2552.0,Maize (corn)
Rajasthan,Dholpur,Maize,Total,0.0,0.0,2552.0,Maize (corn)
Rajasthan,Dholpur,Gram,Rabi,0.01,0.01,1236.0,"Chick peas, dry"
Rajasthan,Dholpur,Gram,Total,0.01,0.01,1236.0,"Chick peas, dry"
Rajasthan,Dholpur,Lentil,Rabi,0.0,0.0,1070.0,"Lentils, dry"
Rajasthan,Dholpur,Lentil,Total,0.0,0.0,1070.0,"Lentils, dry"
Rajasthan,Didwana-Kuchaman,Wheat,Rabi,0.3,1.07,3559.0,Wheat
Rajasthan,Didwana-Kuchaman,Wheat,Total,0.3,1.07,3559.0,Wheat
Rajasthan,Didwana-Kuchaman,Maize,Kharif,0.0,0.0,2552.0,Maize (corn)
Rajasthan,Didwana-Kuchaman,Maize,Total,0.0,0.0,2552.0,Maize (corn)
Rajasthan,Didwana-Kuchaman,Gram,Rabi,0.06,0.08,1202.0,"Chick peas, dry"
Rajasthan,Didwana-Kuchaman,Gram,Total,0.06,0.08,1202.0,"Chick peas, dry"
Rajasthan,Didwana-Kuchaman,Lentil,Rabi,0.0,0.0,1070.0,"Lentils, dry"
Rajasthan,Didwana-Kuchaman,Lentil,Total,0.0,0.0,1070.0,"Lentils, dry"
Rajasthan,Dungarpur,Rice,Kharif,0.15,0.29,1982.0,Rice
Rajasthan,Dungarpur,Rice,Total,0.15,0.29,1982.0,Rice
Rajasthan,Dungarpur,Wheat,Rabi,0.65,1.91,2937.0,Wheat
Rajasthan,Dungarpur,Wheat,Total,0.65,1.91,2937.0,Wheat
Rajasthan,Dungarpur,Maize,Kharif,0.44,0.69,1579.0,Maize (corn)
Rajasthan,Dungarpur,Maize,Rabi,0.0,0.0,1596.0,Maize (corn)
Rajasthan,Dungarpur,Maize,Total,0.44,0.7,1579.0,Maize (corn)
Rajasthan,Dungarpur,Gram,Rabi,0.12,0.14,1155.0,"Chick peas, dry"
Rajasthan,Dungarpur,Gram,Total,0.12,0.14,1155.0,"Chick peas, dry"
Rajasthan,Ganganagar,Rice,Kharif,0.19,0.49,2490.0,Rice
Rajasthan,Ganganagar,Rice,Total,0.19,0.49,2490.0,Rice
Rajasthan,Ganganagar,Wheat,Rabi,2.23,8.51,3822.0,Wheat
Rajasthan,Ganganagar,Wheat,Total,2.23,8.51,3822.0,Wheat
Rajasthan,Ganganagar,Maize,Kharif,0.0,0.0,2552.0,Maize (corn)
Rajasthan,Ganganagar,Maize,Total,0.0,0.0,2552.0,Maize (corn)
Rajasthan,Ganganagar,Gram,Rabi,0.44,0.45,1034.0,"Chick peas, dry"
Rajasthan,Ganganagar,Gram,Total,0.44,0.45,1034.0,"Chick peas, dry"
Rajasthan,Hanumangarh,Rice,Kharif,0.66,2.21,3362.0,Rice
Rajasthan,Hanumangarh,Rice,Total,0.66,2.21,3362.0,Rice
Rajasthan,Hanumangarh,Wheat,Rabi,2.28,9.67,4249.0,Wheat
Rajasthan,Hanumangarh,Wheat,Total,2.28,9.67,4249.0,Wheat
Rajasthan,Hanumangarh,Maize,Kharif,0.0,0.01,2552.0,Maize (corn)
Rajasthan,Hanumangarh,Maize,Total,0.0,0.01,2552.0,Maize (corn)
Rajasthan,Hanumangarh,Gram,Rabi,1.34,1.52,1141.0,"Chick peas, dry"
Rajasthan,Hanumangarh,Gram,Total,1.34,1.52,1141.0,"Chick peas, dry"
Rajasthan,Jaipur,Wheat,Rabi,1.16,4.0,3454.0,Wheat
Rajasthan,Jaipur,Wheat,Total,1.16,4.0,3454.0,Wheat
Rajasthan,Jaipur,Maize,Kharif,0.01,0.02,2552.0,Maize (corn)
Rajasthan,Jaipur,Maize,Total,0.01,0.02,2552.0,Maize (corn)
Rajasthan,Jaipur,Gram,Rabi,1.29,1.9,1473.0,"Chick peas, dry"
Rajasthan,Jaipur,Gram,Total,1.29,1.9,1473.0,"Chick peas, dry"
Rajasthan,Jaisalmer,Wheat,Rabi,0.07,0.25,3559.0,Wheat
Rajasthan,Jaisalmer,Wheat,Total,0.07,0.25,3559.0,Wheat
Rajasthan,Jaisalmer,Gram,Rabi,1.07,0.9,839.0,"Chick peas, dry"
Rajasthan,Jaisalmer,Gram,Total,1.07,0.9,839.0,"Chick peas, dry"
Rajasthan,Jalore,Wheat,Rabi,0.45,1.58,3559.0,Wheat
Rajasthan,Jalore,Wheat,Total,0.45,1.58,3559.0,Wheat
Rajasthan,Jalore,Maize,Kharif,0.0,0.0,2552.0,Maize (corn)
Rajasthan,Jalore,Maize,Rabi,0.0,0.0,1500.0,Maize (corn)
Rajasthan,Jalore,Maize,Summer,0.0,0.0,2000.0,Maize (corn)
Rajasthan,Jalore,Maize,Total,0.0,0.0,2369.0,Maize (corn)
Rajasthan,Jalore,Gram,Rabi,0.12,0.15,1236.0,"Chick peas, dry"
Rajasthan,Jalore,Gram,Total,0.12,0.15,1236.0,"Chick peas, dry"
Rajasthan,Jhalawar,Rice,Kharif,0.11,0.22,1985.0,Rice
Rajasthan,Jhalawar,Rice,Total,0.11,0.22,1985.0,Rice
Rajasthan,Jhalawar,Wheat,Rabi,1.59,5.69,3580.0,Wheat
Rajasthan,Jhalawar,Wheat,Total,1.59,5.69,3580.0,Wheat
Rajasthan,Jhalawar,Maize,Kharif,0.37,0.97,2610.0,Maize (corn)
Rajasthan,Jhalawar,Maize,Total,0.37,0.97,2610.0,Maize (corn)
Rajasthan,Jhalawar,Gram,Rabi,0.3,0.48,1605.0,"Chick peas, dry"
Rajasthan,Jhalawar,Gram,Total,0.3,0.48,1605.0,"Chick peas, dry"
Rajasthan,Jhalawar,Lentil,Rabi,0.08,0.12,1441.0,"Lentils, dry"
Rajasthan,Jhalawar,Lentil,Total,0.08,0.12,1441.0,"Lentils, dry"
Rajasthan,Jhunjhunu,Wheat,Rabi,0.63,2.3,3651.0,Wheat
Rajasthan,Jhunjhunu,Wheat,Total,0.63,2.3,3651.0,Wheat
Rajasthan,Jhunjhunu,Maize,Kharif,0.0,0.0,2552.0,Maize (corn)
Rajasthan,Jhunjhunu,Maize,Total,0.0,0.0,2552.0,Maize (corn)
Rajasthan,Jhunjhunu,Gram,Rabi,0.36,0.48,1338.0,"Chick peas, dry"
Rajasthan,Jhunjhunu,Gram,Total,0.36,0.48,1338.0,"Chick peas, dry"
Rajasthan,Jhunjhunu,Lentil,Rabi,0.09,0.07,735.0,"Lentils, dry"
Rajasthan,Jhunjhunu,Lentil,Total,0.09,0.07,735.0,"Lentils, dry"
Rajasthan,Jodhpur,Wheat,Rabi,0.47,1.0,2112.0,Wheat
Rajasthan,Jodhpur,Wheat,Total,0.47,1.0,2112.0,Wheat
Rajasthan,Jodhpur,Maize,Kharif,0.0,0.0,2552.0,Maize (corn)
Rajasthan,Jodhpur,Maize,Total,0.0,0.0,2552.0,Maize (corn)
Rajasthan,Jodhpur,Gram,Rabi,0.27,0.0,0.0,"Chick peas, dry"
Rajasthan,Jodhpur,Gram,Total,0.27,0.0,0.0,"Chick peas, dry"
Rajasthan,Karauli,Rice,Kharif,0.01,0.04,2593.0,Rice
Rajasthan,Karauli,Rice,Total,0.01,0.04,2593.0,Rice
Rajasthan,Karauli,Wheat,Rabi,0.71,2.66,3752.0,Wheat
Rajasthan,Karauli,Wheat,Total,0.71,2.66,3752.0,Wheat
Rajasthan,Karauli,Gram,Rabi,0.07,0.08,1236.0,"Chick peas, dry"
Rajasthan,Karauli,Gram,Total,0.07,0.08,1236.0,"Chick peas, dry"
Rajasthan,Karauli,Lentil,Rabi,0.0,0.0,1070.0,"Lentils, dry"
Rajasthan,Karauli,Lentil,Total,0.0,0.0,1070.0,"Lentils, dry"
Rajasthan,Khairthal-Tijara,Rice,Kharif,0.0,0.0,2593.0,Rice
Rajasthan,Khairthal-Tijara,Rice,Total,0.0,0.0,2593.0,Rice
Rajasthan,Khairthal-Tijara,Wheat,Rabi,0.4,1.59,3969.0,Wheat
Rajasthan,Khairthal-Tijara,Wheat,Total,0.4,1.59,3969.0,Wheat
Rajasthan,Khairthal-Tijara,Gram,Rabi,0.02,0.02,1236.0,"Chick peas, dry"
Rajasthan,Khairthal-Tijara,Gram,Total,0.02,0.02,1236.0,"Chick peas, dry"
Rajasthan,Kota,Rice,Kharif,0.54,1.39,2566.0,Rice
Rajasthan,Kota,Rice,Total,0.54,1.39,2566.0,Rice
Rajasthan,Kota,Wheat,Rabi,1.31,4.91,3749.0,Wheat
Rajasthan,Kota,Wheat,Total,1.31,4.91,3749.0,Wheat
Rajasthan,Kota,Maize,Kharif,0.02,0.06,2552.0,Maize (corn)
Rajasthan,Kota,Maize,Total,0.02,0.06,2552.0,Maize (corn)
Rajasthan,Kota,Gram,Rabi,0.41,0.63,1560.0,"Chick peas, dry"
Rajasthan,Kota,Gram,Total,0.41,0.63,1560.0,"Chick peas, dry"
Rajasthan,Kota,Lentil,Rabi,0.0,0.0,1070.0,"Lentils, dry"
Rajasthan,Kota,Lentil,Total,0.0,0.0,1070.0,"Lentils, dry"
Rajasthan,Kotputli-Behror,Wheat,Rabi,0.41,1.8,4366.0,Wheat
Rajasthan,Kotputli-Behror,Wheat,Total,0.41,1.8,4366.0,Wheat
Rajasthan,Kotputli-Behror,Maize,Kharif,0.0,0.0,2552.0,Maize (corn)
Rajasthan,Kotputli-Behror,Maize,Total,0.0,0.0,2552.0,Maize (corn)
Rajasthan,Kotputli-Behror,Gram,Rabi,0.06,0.07,1236.0,"Chick peas, dry"
Rajasthan,Kotputli-Behror,Gram,Total,0.06,0.07,1236.0,"Chick peas, dry"
Rajasthan,Nagaur,Wheat,Rabi,0.27,0.94,3559.0,Wheat
Rajasthan,Nagaur,Wheat,Total,0.27,0.94,3559.0,Wheat
Rajasthan,Nagaur,Maize,Kharif,0.0,0.0,2552.0,Maize (corn)
Rajasthan,Nagaur,Maize,Total,0.0,0.0,2552.0,Maize (corn)
Rajasthan,Nagaur,Gram,Rabi,0.48,0.56,1161.0,"Chick peas, dry"
Rajasthan,Nagaur,Gram,Total,0.48,0.56,1161.0,"Chick peas, dry"
Rajasthan,Nagaur,Lentil,Rabi,0.0,0.0,1070.0,"Lentils, dry"
Rajasthan,Nagaur,Lentil,Total,0.0,0.0,1070.0,"Lentils, dry"
Rajasthan,Pali,Wheat,Rabi,0.79,2.17,2753.0,Wheat
Rajasthan,Pali,Wheat,Total,0.79,2.17,2753.0,Wheat
Rajasthan,Pali,Maize,Kharif,0.09,0.13,1452.0,Maize (corn)
Rajasthan,Pali,Maize,Total,0.09,0.13,1452.0,Maize (corn)
Rajasthan,Pali,Gram,Rabi,1.1,1.07,973.0,"Chick peas, dry"
Rajasthan,Pali,Gram,Total,1.1,1.07,973.0,"Chick peas, dry"
Rajasthan,Phalodi,Wheat,Rabi,0.25,0.89,3559.0,Wheat
Rajasthan,Phalodi,Wheat,Total,0.25,0.89,3559.0,Wheat
Rajasthan,Phalodi,Gram,Rabi,0.28,0.5,1800.0,"Chick peas, dry"
Rajasthan,Phalodi,Gram,Total,0.28,0.5,1800.0,"Chick peas, dry"
Rajasthan,Pratapgarh,Rice,Kharif,0.0,0.01,2593.0,Rice
Rajasthan,Pratapgarh,Rice,Total,0.0,0.01,2593.0,Rice
Rajasthan,Pratapgarh,Wheat,Rabi,0.93,2.93,3130.0,Wheat
Rajasthan,Pratapgarh,Wheat,Total,0.93,2.93,3130.0,Wheat
Rajasthan,Pratapgarh,Maize,Kharif,0.53,1.65,3144.0,Maize (corn)
Rajasthan,Pratapgarh,Maize,Rabi,0.03,0.08,2499.0,Maize (corn)
Rajasthan,Pratapgarh,Maize,Total,0.56,1.73,3107.0,Maize (corn)
Rajasthan,Pratapgarh,Gram,Rabi,0.24,0.3,1228.0,"Chick peas, dry"
Rajasthan,Pratapgarh,Gram,Total,0.24,0.3,1228.0,"Chick peas, dry"
Rajasthan,Pratapgarh,Lentil,Rabi,0.02,0.02,1170.0,"Lentils, dry"
Rajasthan,Pratapgarh,Lentil,Total,0.02,0.02,1170.0,"Lentils, dry"
Rajasthan,Rajsamand,Rice,Kharif,0.0,0.0,2593.0,Rice
Rajasthan,Rajsamand,Rice,Total,0.0,0.0,2593.0,Rice
Rajasthan,Rajsamand,Wheat,Rabi,0.41,1.16,2835.0,Wheat
Rajasthan,Rajsamand,Wheat,Total,0.41,1.16,2835.0,Wheat
Rajasthan,Rajsamand,Maize,Kharif,0.64,1.2,1888.0,Maize (corn)
Rajasthan,Rajsamand,Maize,Total,0.64,1.2,1888.0,Maize (corn)
Rajasthan,Rajsamand,Gram,Rabi,0.09,0.12,1236.0,"Chick peas, dry"
Rajasthan,Rajsamand,Gram,Total,0.09,0.12,1236.0,"Chick peas, dry"
Rajasthan,Salumbar,Rice,Kharif,0.0,0.0,2593.0,Rice
Rajasthan,Salumbar,Rice,Total,0.0,0.0,2593.0,Rice
Rajasthan,Salumbar,Wheat,Rabi,0.36,1.28,3559.0,Wheat
Rajasthan,Salumbar,Wheat,Total,0.36,1.28,3559.0,Wheat
Rajasthan,Salumbar,Maize,Kharif,0.32,0.57,1797.0,Maize (corn)
Rajasthan,Salumbar,Maize,Rabi,0.0,0.0,1000.0,Maize (corn)
Rajasthan,Salumbar,Maize,Total,0.32,0.57,1797.0,Maize (corn)
Rajasthan,Salumbar,Gram,Rabi,0.05,0.06,1236.0,"Chick peas, dry"
Rajasthan,Salumbar,Gram,Total,0.05,0.06,1236.0,"Chick peas, dry"
Rajasthan,Sawai Madhopur,Rice,Kharif,0.08,0.26,3411.0,Rice
Rajasthan,Sawai Madhopur,Rice,Total,0.08,0.26,3411.0,Rice
Rajasthan,Sawai Madhopur,Wheat,Rabi,0.64,2.37,3677.0,Wheat
Rajasthan,Sawai Madhopur,Wheat,Total,0.64,2.37,3677.0,Wheat
Rajasthan,Sawai Madhopur,Maize,Kharif,0.0,0.0,2552.0,Maize (corn)
Rajasthan,Sawai Madhopur,Maize,Total,0.0,0.0,2552.0,Maize (corn)
Rajasthan,Sawai Madhopur,Gram,Rabi,0.2,0.38,1918.0,"Chick peas, dry"
Rajasthan,Sawai Madhopur,Gram,Total,0.2,0.38,1918.0,"Chick peas, dry"
Rajasthan,Sawai Madhopur,Lentil,Rabi,0.0,0.0,1070.0,"Lentils, dry"
Rajasthan,Sawai Madhopur,Lentil,Total,0.0,0.0,1070.0,"Lentils, dry"
Rajasthan,Sikar,Wheat,Rabi,0.83,2.48,2987.0,Wheat
Rajasthan,Sikar,Wheat,Total,0.83,2.48,2987.0,Wheat
Rajasthan,Sikar,Maize,Kharif,0.0,0.0,2552.0,Maize (corn)
Rajasthan,Sikar,Maize,Total,0.0,0.0,2552.0,Maize (corn)
Rajasthan,Sikar,Gram,Rabi,0.27,0.33,1212.0,"Chick peas, dry"
Rajasthan,Sikar,Gram,Total,0.27,0.33,1212.0,"Chick peas, dry"
Rajasthan,Sikar,Lentil,Rabi,0.01,0.01,1070.0,"Lentils, dry"
Rajasthan,Sikar,Lentil,Total,0.01,0.01,1070.0,"Lentils, dry"
Rajasthan,Sirohi,Wheat,Rabi,0.36,1.29,3559.0,Wheat
Rajasthan,Sirohi,Wheat,Total,0.36,1.29,3559.0,Wheat
Rajasthan,Sirohi,Maize,Kharif,0.13,0.33,2505.0,Maize (corn)
Rajasthan,Sirohi,Maize,Total,0.13,0.33,2505.0,Maize (corn)
Rajasthan,Sirohi,Gram,Rabi,0.05,0.06,1236.0,"Chick peas, dry"
Rajasthan,Sirohi,Gram,Total,0.05,0.06,1236.0,"Chick peas, dry"
Rajasthan,Tonk,Rice,Kharif,0.0,0.0,2593.0,Rice
Rajasthan,Tonk,Rice,Total,0.0,0.0,2593.0,Rice
Rajasthan,Tonk,Wheat,Rabi,0.51,1.8,3559.0,Wheat
Rajasthan,Tonk,Wheat,Total,0.51,1.8,3559.0,Wheat
Rajasthan,Tonk,Maize,Kharif,0.06,0.04,666.0,Maize (corn)
Rajasthan,Tonk,Maize,Total,0.06,0.04,666.0,Maize (corn)
Rajasthan,Tonk,Gram,Rabi,0.75,1.49,1994.0,"Chick peas, dry"
Rajasthan,Tonk,Gram,Total,0.75,1.49,1994.0,"Chick peas, dry"
Rajasthan,Tonk,Lentil,Rabi,0.0,0.0,1070.0,"Lentils, dry"
Rajasthan,Tonk,Lentil,Total,0.0,0.0,1070.0,"Lentils, dry"
Rajasthan,Udaipur,Rice,Kharif,0.04,0.07,1810.0,Rice
Rajasthan,Udaipur,Rice,Total,0.04,0.07,1810.0,Rice
Rajasthan,Udaipur,Wheat,Rabi,0.78,2.27,2924.0,Wheat
Rajasthan,Udaipur,Wheat,Total,0.78,2.27,2924.0,Wheat
Rajasthan,Udaipur,Maize,Kharif,1.08,2.04,1893.0,Maize (corn)
Rajasthan,Udaipur,Maize,Rabi,0.0,0.01,2004.0,Maize (corn)
Rajasthan,Udaipur,Maize,Summer,0.0,0.01,1952.0,Maize (corn)
Rajasthan,Udaipur,Maize,Total,1.08,2.05,1894.0,Maize (corn)
Rajasthan,Udaipur,Gram,Rabi,0.2,0.24,1236.0,"Chick peas, dry"
Rajasthan,Udaipur,Gram,Total,0.2,0.24,1236.0,"Chick peas, dry"
Sikkim,Gangtok,Rice,Kharif,0.02,0.02,1246.0,Rice
Sikkim,Gangtok,Rice,Total,0.02,0.02,1246.0,Rice
Sikkim,Gangtok,Wheat,Rabi,0.0,0.0,1160.0,Wheat
Sikkim,Gangtok,Wheat,Total,0.0,0.0,1160.0,Wheat
Sikkim,Gangtok,Maize,Kharif,0.04,0.08,1774.0,Maize (corn)
Sikkim,Gangtok,Maize,Total,0.04,0.08,1774.0,Maize (corn)
Sikkim,Gyalshing,Rice,Kharif,0.0,0.0,1332.0,Rice
Sikkim,Gyalshing,Rice,Total,0.0,0.0,1332.0,Rice
Sikkim,Gyalshing,Maize,Kharif,0.04,0.08,1772.0,Maize (corn)
Sikkim,Gyalshing,Maize,Total,0.04,0.08,1772.0,Maize (corn)
Sikkim,Mangan,Rice,Kharif,0.01,0.01,1015.0,Rice
Sikkim,Mangan,Rice,Total,0.01,0.01,1015.0,Rice
Sikkim,Mangan,Maize,Kharif,0.04,0.06,1632.0,Maize (corn)
Sikkim,Mangan,Maize,Total,0.04,0.06,1632.0,Maize (corn)
Sikkim,Namchi,Rice,Kharif,0.0,0.01,1331.0,Rice
Sikkim,Namchi,Rice,Total,0.0,0.01,1331.0,Rice
Sikkim,Namchi,Maize,Kharif,0.06,0.12,1867.0,Maize (corn)
Sikkim,Namchi,Maize,Total,0.06,0.12,1867.0,Maize (corn)
Sikkim,Pakyong,Rice,Kharif,0.02,0.03,1276.0,Rice
Sikkim,Pakyong,Rice,Total,0.02,0.03,1276.0,Rice
Sikkim,Pakyong,Maize,Kharif,0.07,0.13,1798.0,Maize (corn)
Sikkim,Pakyong,Maize,Total,0.07,0.13,1798.0,Maize (corn)
Sikkim,Soreng,Rice,Kharif,0.01,0.01,1332.0,Rice
Sikkim,Soreng,Rice,Total,0.01,0.01,1332.0,Rice
Sikkim,Soreng,Maize,Kharif,0.03,0.06,1878.0,Maize (corn)
Sikkim,Soreng,Maize,Total,0.03,0.06,1878.0,Maize (corn)
Tamil Nadu,Ariyalur,Rice,Kharif,0.09,0.29,3381.0,Rice
Tamil Nadu,Ariyalur,Rice,Rabi,0.18,0.65,3600.0,Rice
Tamil Nadu,Ariyalur,Rice,Summer,0.01,0.02,3874.0,Rice
Tamil Nadu,Ariyalur,Rice,Total,0.27,0.97,3538.0,Rice
Tamil Nadu,Ariyalur,Maize,Kharif,0.1,0.44,4231.0,Maize (corn)
Tamil Nadu,Ariyalur,Maize,Rabi,0.14,0.69,5084.0,Maize (corn)
Tamil Nadu,Ariyalur,Maize,Total,0.24,1.13,4715.0,Maize (corn)
Tamil Nadu,Chengalpattu,Rice,Kharif,0.21,0.79,3683.0,Rice
Tamil Nadu,Chengalpattu,Rice,Rabi,0.14,0.53,3721.0,Rice
Tamil Nadu,Chengalpattu,Rice,Summer,0.21,0.83,3938.0,Rice
Tamil Nadu,Chengalpattu,Rice,Total,0.57,2.15,3788.0,Rice
Tamil Nadu,Chengalpattu,Maize,Kharif,0.0,0.0,5923.0,Maize (corn)
Tamil Nadu,Chengalpattu,Maize,Rabi,0.0,0.0,5084.0,Maize (corn)
Tamil Nadu,Chengalpattu,Maize,Total,0.0,0.0,5506.0,Maize (corn)
Tamil Nadu,Chennai,Rice,Kharif,0.0,0.0,3375.0,Rice
Tamil Nadu,Chennai,Rice,Rabi,0.0,0.0,3107.0,Rice
Tamil Nadu,Chennai,Rice,Summer,0.0,0.0,3874.0,Rice
Tamil Nadu,Chennai,Rice,Total,0.0,0.0,3279.0,Rice
Tamil Nadu,Coimbatore,Rice,Kharif,0.0,0.01,3375.0,Rice
Tamil Nadu,Coimbatore,Rice,Rabi,0.0,0.01,3107.0,Rice
Tamil Nadu,Coimbatore,Rice,Summer,0.0,0.01,3874.0,Rice
Tamil Nadu,Coimbatore,Rice,Total,0.01,0.03,3424.0,Rice
Tamil Nadu,Coimbatore,Maize,Kharif,0.01,0.04,5923.0,Maize (corn)
Tamil Nadu,Coimbatore,Maize,Rabi,0.02,0.1,5084.0,Maize (corn)
Tamil Nadu,Coimbatore,Maize,Total,0.03,0.14,5290.0,Maize (corn)
Tamil Nadu,Cuddalore,Rice,Kharif,0.67,2.24,3367.0,Rice
Tamil Nadu,Cuddalore,Rice,Rabi,0.83,1.93,2317.0,Rice
Tamil Nadu,Cuddalore,Rice,Summer,0.09,0.35,3783.0,Rice
Tamil Nadu,Cuddalore,Rice,Total,1.59,4.52,2841.0,Rice
Tamil Nadu,Cuddalore,Maize,Kharif,0.23,0.42,1816.0,Maize (corn)
Tamil Nadu,Cuddalore,Maize,Rabi,0.01,0.05,5084.0,Maize (corn)
Tamil Nadu,Cuddalore,Maize,Total,0.24,0.47,1953.0,Maize (corn)
Tamil Nadu,Dharmapuri,Rice,Kharif,0.02,0.05,3375.0,Rice
Tamil Nadu,Dharmapuri,Rice,Rabi,0.14,0.57,4067.0,Rice
Tamil Nadu,Dharmapuri,Rice,Summer,0.07,0.32,4256.0,Rice
Tamil Nadu,Dharmapuri,Rice,Total,0.23,0.94,4082.0,Rice
Tamil Nadu,Dharmapuri,Maize,Kharif,0.04,0.3,6718.0,Maize (corn)
Tamil Nadu,Dharmapuri,Maize,Rabi,0.02,0.09,5084.0,Maize (corn)
Tamil Nadu,Dharmapuri,Maize,Total,0.06,0.38,6267.0,Maize (corn)
Tamil Nadu,Dindigul,Rice,Kharif,0.02,0.08,3375.0,Rice
Tamil Nadu,Dindigul,Rice,Rabi,0.14,0.47,3344.0,Rice
Tamil Nadu,Dindigul,Rice,Summer,0.04,0.14,3546.0,Rice
Tamil Nadu,Dindigul,Rice,Total,0.2,0.69,3387.0,Rice
Tamil Nadu,Dindigul,Maize,Kharif,0.04,0.26,5923.0,Maize (corn)
Tamil Nadu,Dindigul,Maize,Rabi,0.3,1.98,6721.0,Maize (corn)
Tamil Nadu,Dindigul,Maize,Total,0.34,2.25,6617.0,Maize (corn)
Tamil Nadu,Erode,Rice,Kharif,0.01,0.05,3375.0,Rice
Tamil Nadu,Erode,Rice,Rabi,0.2,0.84,4204.0,Rice
Tamil Nadu,Erode,Rice,Summer,0.04,0.17,3874.0,Rice
Tamil Nadu,Erode,Rice,Total,0.26,1.05,4104.0,Rice
Tamil Nadu,Erode,Maize,Kharif,0.12,0.91,7780.0,Maize (corn)
Tamil Nadu,Erode,Maize,Rabi,0.04,0.36,9671.0,Maize (corn)
Tamil Nadu,Erode,Maize,Total,0.15,1.27,8240.0,Maize (corn)
Tamil Nadu,Kallakurichi,Rice,Kharif,0.14,0.53,3681.0,Rice
Tamil Nadu,Kallakurichi,Rice,Rabi,0.28,1.1,3917.0,Rice
Tamil Nadu,Kallakurichi,Rice,Summer,0.11,0.41,3822.0,Rice
Tamil Nadu,Kallakurichi,Rice,Total,0.53,2.04,3834.0,Rice
Tamil Nadu,Kallakurichi,Maize,Kharif,0.19,1.45,7645.0,Maize (corn)
Tamil Nadu,Kallakurichi,Maize,Rabi,0.11,0.94,8283.0,Maize (corn)
Tamil Nadu,Kallakurichi,Maize,Total,0.3,2.39,7883.0,Maize (corn)
Tamil Nadu,Kancheepuram,Rice,Kharif,0.2,0.78,3786.0,Rice
Tamil Nadu,Kancheepuram,Rice,Rabi,0.12,0.32,2698.0,Rice
Tamil Nadu,Kancheepuram,Rice,Summer,0.2,0.84,4127.0,Rice
Tamil Nadu,Kancheepuram,Rice,Total,0.53,1.94,3671.0,Rice
Tamil Nadu,Kancheepuram,Maize,Kharif,0.0,0.0,5923.0,Maize (corn)
Tamil Nadu,Kancheepuram,Maize,Rabi,0.0,0.0,5084.0,Maize (corn)
Tamil Nadu,Kancheepuram,Maize,Total,0.0,0.0,5149.0,Maize (corn)
Tamil Nadu,Kanniyakumari,Rice,Kharif,0.1,0.35,3653.0,Rice
Tamil Nadu,Kanniyakumari,Rice,Rabi,0.05,0.19,3798.0,Rice
Tamil Nadu,Kanniyakumari,Rice,Summer,0.0,0.0,3874.0,Rice
Tamil Nadu,Kanniyakumari,Rice,Total,0.15,0.54,3703.0,Rice
Tamil Nadu,Karur,Rice,Kharif,0.0,0.01,3375.0,Rice
Tamil Nadu,Karur,Rice,Rabi,0.12,0.45,3810.0,Rice
Tamil Nadu,Karur,Rice,Summer,0.01,0.03,3874.0,Rice
Tamil Nadu,Karur,Rice,Total,0.13,0.49,3801.0,Rice
Tamil Nadu,Karur,Maize,Kharif,0.0,0.01,5923.0,Maize (corn)
Tamil Nadu,Karur,Maize,Rabi,0.0,0.02,5084.0,Maize (corn)
Tamil Nadu,Karur,Maize,Total,0.01,0.04,5359.0,Maize (corn)
Tamil Nadu,Krishnagiri,Rice,Kharif,0.11,0.46,4235.0,Rice
Tamil Nadu,Krishnagiri,Rice,Rabi,0.13,0.4,3109.0,Rice
Tamil Nadu,Krishnagiri,Rice,Summer,0.07,0.27,3952.0,Rice
Tamil Nadu,Krishnagiri,Rice,Total,0.31,1.13,3696.0,Rice
Tamil Nadu,Krishnagiri,Maize,Kharif,0.02,0.12,7705.0,Maize (corn)
Tamil Nadu,Krishnagiri,Maize,Rabi,0.0,0.01,5084.0,Maize (corn)
Tamil Nadu,Krishnagiri,Maize,Total,0.02,0.13,7493.0,Maize (corn)
Tamil Nadu,Madurai,Rice,Kharif,0.07,0.24,3375.0,Rice
Tamil Nadu,Madurai,Rice,Rabi,0.35,1.21,3428.0,Rice
Tamil Nadu,Madurai,Rice,Summer,0.1,0.31,3083.0,Rice
Tamil Nadu,Madurai,Rice,Total,0.52,1.76,3355.0,Rice
Tamil Nadu,Madurai,Maize,Kharif,0.14,0.64,4469.0,Maize (corn)
Tamil Nadu,Madurai,Maize,Rabi,0.08,0.41,5084.0,Maize (corn)
Tamil Nadu,Madurai,Maize,Total,0.22,1.05,4690.0,Maize (corn)
Tamil Nadu,Mayiladuthurai,Rice,Kharif,0.68,2.31,3412.0,Rice
Tamil Nadu,Mayiladuthurai,Rice,Rabi,0.61,1.69,2795.0,Rice
Tamil Nadu,Mayiladuthurai,Rice,Summer,0.0,0.0,3874.0,Rice
Tamil Nadu,Mayiladuthurai,Rice,Total,1.28,4.01,3121.0,Rice
Tamil Nadu,Mayiladuthurai,Maize,Kharif,0.0,0.0,5923.0,Maize (corn)
Tamil Nadu,Mayiladuthurai,Maize,Rabi,0.0,0.0,5084.0,Maize (corn)
Tamil Nadu,Mayiladuthurai,Maize,Total,0.0,0.0,5696.0,Maize (corn)
Tamil Nadu,Nagapattinam,Rice,Kharif,0.03,0.08,2703.0,Rice
Tamil Nadu,Nagapattinam,Rice,Rabi,0.57,1.5,2652.0,Rice
Tamil Nadu,Nagapattinam,Rice,Summer,0.01,0.05,3874.0,Rice
Tamil Nadu,Nagapattinam,Rice,Total,0.61,1.63,2679.0,Rice
Tamil Nadu,Namakkal,Rice,Kharif,0.01,0.04,3375.0,Rice
Tamil Nadu,Namakkal,Rice,Rabi,0.07,0.3,4051.0,Rice
Tamil Nadu,Namakkal,Rice,Summer,0.01,0.03,3874.0,Rice
Tamil Nadu,Namakkal,Rice,Total,0.1,0.38,3945.0,Rice
Tamil Nadu,Namakkal,Maize,Kharif,0.08,0.5,5923.0,Maize (corn)
Tamil Nadu,Namakkal,Maize,Rabi,0.06,0.4,6196.0,Maize (corn)
Tamil Nadu,Namakkal,Maize,Total,0.15,0.9,6041.0,Maize (corn)
Tamil Nadu,Perambalur,Rice,Kharif,0.01,0.02,3375.0,Rice
Tamil Nadu,Perambalur,Rice,Rabi,0.06,0.23,4112.0,Rice
Tamil Nadu,Perambalur,Rice,Summer,0.01,0.04,3874.0,Rice
Tamil Nadu,Perambalur,Rice,Total,0.07,0.29,4023.0,Rice
Tamil Nadu,Perambalur,Maize,Kharif,0.68,3.85,5643.0,Maize (corn)
Tamil Nadu,Perambalur,Maize,Rabi,0.07,0.37,5084.0,Maize (corn)
Tamil Nadu,Perambalur,Maize,Total,0.76,4.23,5589.0,Maize (corn)
Tamil Nadu,Pudukkottai,Rice,Kharif,0.13,0.37,2875.0,Rice
Tamil Nadu,Pudukkottai,Rice,Rabi,0.72,2.44,3408.0,Rice
Tamil Nadu,Pudukkottai,Rice,Summer,0.04,0.13,3423.0,Rice
Tamil Nadu,Pudukkottai,Rice,Total,0.88,2.94,3331.0,Rice
Tamil Nadu,Pudukkottai,Maize,Kharif,0.01,0.08,5923.0,Maize (corn)
Tamil Nadu,Pudukkottai,Maize,Rabi,0.01,0.04,5084.0,Maize (corn)
Tamil Nadu,Pudukkottai,Maize,Total,0.02,0.11,5630.0,Maize (corn)
Tamil Nadu,Ramanathapuram,Rice,Rabi,1.26,2.55,2031.0,Rice
Tamil Nadu,Ramanathapuram,Rice,Summer,0.0,0.0,3874.0,Rice
Tamil Nadu,Ramanathapuram,Rice,Total,1.26,2.55,2031.0,Rice
Tamil Nadu,Ramanathapuram,Maize,Kharif,0.0,0.0,5923.0,Maize (corn)
Tamil Nadu,Ramanathapuram,Maize,Rabi,0.0,0.02,5084.0,Maize (corn)
Tamil Nadu,Ramanathapuram,Maize,Total,0.0,0.02,5104.0,Maize (corn)
Tamil Nadu,Ranipet,Rice,Kharif,0.3,1.13,3737.0,Rice
Tamil Nadu,Ranipet,Rice,Rabi,0.12,0.37,2949.0,Rice
Tamil Nadu,Ranipet,Rice,Summer,0.14,0.55,3826.0,Rice
Tamil Nadu,Ranipet,Rice,Total,0.57,2.05,3588.0,Rice
Tamil Nadu,Salem,Rice,Kharif,0.02,0.08,3375.0,Rice
Tamil Nadu,Salem,Rice,Rabi,0.14,0.57,3992.0,Rice
Tamil Nadu,Salem,Rice,Summer,0.04,0.22,4988.0,Rice
Tamil Nadu,Salem,Rice,Total,0.21,0.87,4132.0,Rice
Tamil Nadu,Salem,Maize,Kharif,0.38,3.12,8318.0,Maize (corn)
Tamil Nadu,Salem,Maize,Rabi,0.14,0.99,7183.0,Maize (corn)
Tamil Nadu,Salem,Maize,Total,0.51,4.11,8013.0,Maize (corn)
Tamil Nadu,Sivaganga,Rice,Kharif,0.02,0.06,3375.0,Rice
Tamil Nadu,Sivaganga,Rice,Rabi,0.7,2.06,2952.0,Rice
Tamil Nadu,Sivaganga,Rice,Summer,0.01,0.05,3874.0,Rice
Tamil Nadu,Sivaganga,Rice,Total,0.73,2.17,2980.0,Rice
Tamil Nadu,Sivaganga,Maize,Kharif,0.0,0.0,5923.0,Maize (corn)
Tamil Nadu,Sivaganga,Maize,Rabi,0.0,0.0,5084.0,Maize (corn)
Tamil Nadu,Sivaganga,Maize,Total,0.0,0.0,5348.0,Maize (corn)
Tamil Nadu,Tenkasi,Rice,Kharif,0.14,0.47,3209.0,Rice
Tamil Nadu,Tenkasi,Rice,Rabi,0.19,0.76,4085.0,Rice
Tamil Nadu,Tenkasi,Rice,Summer,0.1,0.35,3396.0,Rice
Tamil Nadu,Tenkasi,Rice,Total,0.43,1.58,3630.0,Rice
Tamil Nadu,Tenkasi,Maize,Kharif,0.01,0.08,5923.0,Maize (corn)
Tamil Nadu,Tenkasi,Maize,Rabi,0.18,0.81,4547.0,Maize (corn)
Tamil Nadu,Tenkasi,Maize,Total,0.19,0.89,4646.0,Maize (corn)
Tamil Nadu,Thanjavur,Rice,Kharif,1.12,3.34,2993.0,Rice
Tamil Nadu,Thanjavur,Rice,Rabi,1.11,3.53,3170.0,Rice
Tamil Nadu,Thanjavur,Rice,Summer,0.13,0.45,3583.0,Rice
Tamil Nadu,Thanjavur,Rice,Total,2.36,7.33,3108.0,Rice
Tamil Nadu,Thanjavur,Maize,Kharif,0.0,0.02,5923.0,Maize (corn)
Tamil Nadu,Thanjavur,Maize,Rabi,0.0,0.02,5084.0,Maize (corn)
Tamil Nadu,Thanjavur,Maize,Total,0.01,0.04,5548.0,Maize (corn)
Tamil Nadu,The Nilgiris,Rice,Rabi,0.0,0.0,3107.0,Rice
Tamil Nadu,The Nilgiris,Rice,Total,0.0,0.0,3107.0,Rice
Tamil Nadu,The Nilgiris,Maize,Kharif,0.0,0.0,5923.0,Maize (corn)
Tamil Nadu,The Nilgiris,Maize,Rabi,0.0,0.0,5084.0,Maize (corn)
Tamil Nadu,The Nilgiris,Maize,Total,0.0,0.0,5645.0,Maize (corn)
Tamil Nadu,Theni,Rice,Kharif,0.1,0.42,4317.0,Rice
Tamil Nadu,Theni,Rice,Rabi,0.05,0.19,4184.0,Rice
Tamil Nadu,Theni,Rice,Summer,0.02,0.08,3874.0,Rice
Tamil Nadu,Theni,Rice,Total,0.16,0.69,4227.0,Rice
Tamil Nadu,Theni,Maize,Kharif,0.02,0.13,5923.0,Maize (corn)
Tamil Nadu,Theni,Maize,Rabi,0.05,0.26,5084.0,Maize (corn)
Tamil Nadu,Theni,Maize,Total,0.07,0.38,5337.0,Maize (corn)
Tamil Nadu,Thiruvallur,Rice,Kharif,0.44,1.61,3654.0,Rice
Tamil Nadu,Thiruvallur,Rice,Rabi,0.44,1.41,3227.0,Rice
Tamil Nadu,Thiruvallur,Rice,Summer,0.2,0.79,3932.0,Rice
Tamil Nadu,Thiruvallur,Rice,Total,1.08,3.82,3533.0,Rice
Tamil Nadu,Thiruvallur,Maize,Kharif,0.0,0.0,5923.0,Maize (corn)
Tamil Nadu,Thiruvallur,Maize,Rabi,0.0,0.0,5084.0,Maize (corn)
Tamil Nadu,Thiruvallur,Maize,Total,0.0,0.0,5391.0,Maize (corn)
Tamil Nadu,Thiruvarur,Rice,Kharif,0.69,2.01,2911.0,Rice
Tamil Nadu,Thiruvarur,Rice,Rabi,1.27,4.04,3194.0,Rice
Tamil Nadu,Thiruvarur,Rice,Summer,0.08,0.31,3780.0,Rice
Tamil Nadu,Thiruvarur,Rice,Total,2.04,6.37,3122.0,Rice
Tamil Nadu,Thiruvarur,Maize,Rabi,0.0,0.0,5084.0,Maize (corn)
Tamil Nadu,Thiruvarur,Maize,Total,0.0,0.0,5084.0,Maize (corn)
Tamil Nadu,Thoothukkudi,Rice,Kharif,0.02,0.07,3375.0,Rice
Tamil Nadu,Thoothukkudi,Rice,Rabi,0.01,0.04,3888.0,Rice
Tamil Nadu,Thoothukkudi,Rice,Summer,0.07,0.26,3596.0,Rice
Tamil Nadu,Thoothukkudi,Rice,Total,0.1,0.36,3581.0,Rice
Tamil Nadu,Thoothukkudi,Maize,Kharif,0.0,0.0,5923.0,Maize (corn)
Tamil Nadu,Thoothukkudi,Maize,Rabi,0.61,1.57,2579.0,Maize (corn)
Tamil Nadu,Thoothukkudi,Maize,Total,0.61,1.57,2580.0,Maize (corn)
Tamil Nadu,Tiruchirappalli,Rice,Kharif,0.11,0.44,3932.0,Rice
Tamil Nadu,Tiruchirappalli,Rice,Rabi,0.48,1.84,3877.0,Rice
Tamil Nadu,Tiruchirappalli,Rice,Summer,0.05,0.2,3968.0,Rice
Tamil Nadu,Tiruchirappalli,Rice,Total,0.64,2.49,3894.0,Rice
Tamil Nadu,Tiruchirappalli,Maize,Kharif,0.18,0.99,5657.0,Maize (corn)
Tamil Nadu,Tiruchirappalli,Maize,Rabi,0.05,0.24,5084.0,Maize (corn)
Tamil Nadu,Tiruchirappalli,Maize,Total,0.22,1.23,5535.0,Maize (corn)
Tamil Nadu,Tirunelveli,Rice,Kharif,0.21,0.77,3757.0,Rice
Tamil Nadu,Tirunelveli,Rice,Rabi,0.17,0.73,4389.0,Rice
Tamil Nadu,Tirunelveli,Rice,Summer,0.07,0.27,3705.0,Rice
Tamil Nadu,Tirunelveli,Rice,Total,0.44,1.77,3984.0,Rice
Tamil Nadu,Tirunelveli,Maize,Kharif,0.0,0.0,5923.0,Maize (corn)
Tamil Nadu,Tirunelveli,Maize,Rabi,0.01,0.05,5084.0,Maize (corn)
Tamil Nadu,Tirunelveli,Maize,Total,0.01,0.05,5108.0,Maize (corn)
Tamil Nadu,Tirupathur,Rice,Kharif,0.04,0.14,3375.0,Rice
Tamil Nadu,Tirupathur,Rice,Rabi,0.03,0.14,4290.0,Rice
Tamil Nadu,Tirupathur,Rice,Summer,0.01,0.06,3874.0,Rice
Tamil Nadu,Tirupathur,Rice,Total,0.09,0.34,3800.0,Rice
Tamil Nadu,Tirupathur,Maize,Kharif,0.01,0.06,5923.0,Maize (corn)
Tamil Nadu,Tirupathur,Maize,Rabi,0.0,0.01,5084.0,Maize (corn)
Tamil Nadu,Tirupathur,Maize,Total,0.01,0.06,5838.0,Maize (corn)
Tamil Nadu,Tiruppur,Rice,Kharif,0.01,0.03,3375.0,Rice
Tamil Nadu,Tiruppur,Rice,Rabi,0.07,0.33,4645.0,Rice
Tamil Nadu,Tiruppur,Rice,Summer,0.01,0.05,3874.0,Rice
Tamil Nadu,Tiruppur,Rice,Total,0.09,0.4,4442.0,Rice
Tamil Nadu,Tiruppur,Maize,Kharif,0.02,0.21,8896.0,Maize (corn)
Tamil Nadu,Tiruppur,Maize,Rabi,0.18,1.44,7952.0,Maize (corn)
Tamil Nadu,Tiruppur,Maize,Total,0.2,1.65,8059.0,Maize (corn)
Tamil Nadu,Tiruvannamalai,Rice,Kharif,0.66,2.31,3503.0,Rice
Tamil Nadu,Tiruvannamalai,Rice,Rabi,0.65,2.08,3196.0,Rice
Tamil Nadu,Tiruvannamalai,Rice,Summer,0.5,2.18,4312.0,Rice
Tamil Nadu,Tiruvannamalai,Rice,Total,1.81,6.56,3618.0,Rice
Tamil Nadu,Tiruvannamalai,Maize,Kharif,0.02,0.09,5923.0,Maize (corn)
Tamil Nadu,Tiruvannamalai,Maize,Rabi,0.03,0.14,5084.0,Maize (corn)
Tamil Nadu,Tiruvannamalai,Maize,Total,0.04,0.23,5380.0,Maize (corn)
Tamil Nadu,Vellore,Rice,Kharif,0.05,0.16,3375.0,Rice
Tamil Nadu,Vellore,Rice,Rabi,0.03,0.08,3107.0,Rice
Tamil Nadu,Vellore,Rice,Summer,0.03,0.1,3185.0,Rice
Tamil Nadu,Vellore,Rice,Total,0.1,0.34,3251.0,Rice
Tamil Nadu,Vellore,Maize,Kharif,0.0,0.01,5923.0,Maize (corn)
Tamil Nadu,Vellore,Maize,Rabi,0.0,0.01,5084.0,Maize (corn)
Tamil Nadu,Vellore,Maize,Total,0.0,0.02,5602.0,Maize (corn)
Tamil Nadu,Viluppuram,Rice,Kharif,0.19,0.61,3233.0,Rice
Tamil Nadu,Viluppuram,Rice,Rabi,0.59,1.82,3076.0,Rice
Tamil Nadu,Viluppuram,Rice,Summer,0.16,0.54,3406.0,Rice
Tamil Nadu,Viluppuram,Rice,Total,0.94,2.98,3164.0,Rice
Tamil Nadu,Viluppuram,Maize,Kharif,0.01,0.05,5923.0,Maize (corn)
Tamil Nadu,Viluppuram,Maize,Rabi,0.01,0.03,5084.0,Maize (corn)
Tamil Nadu,Viluppuram,Maize,Total,0.01,0.08,5544.0,Maize (corn)
Tamil Nadu,Virudhunagar,Rice,Kharif,0.02,0.07,3375.0,Rice
Tamil Nadu,Virudhunagar,Rice,Rabi,0.2,0.56,2746.0,Rice
Tamil Nadu,Virudhunagar,Rice,Summer,0.04,0.14,3108.0,Rice
Tamil Nadu,Virudhunagar,Rice,Total,0.27,0.76,2855.0,Rice
Tamil Nadu,Virudhunagar,Maize,Kharif,0.0,0.02,4857.0,Maize (corn)
Tamil Nadu,Virudhunagar,Maize,Rabi,0.37,1.63,4344.0,Maize (corn)
Tamil Nadu,Virudhunagar,Maize,Total,0.38,1.64,4348.0,Maize (corn)
Telangana,Adilabad,Rice,Kharif,0.01,0.03,3640.0,Rice
Telangana,Adilabad,Rice,Rabi,0.0,0.0,3613.0,Rice
Telangana,Adilabad,Rice,Total,0.01,0.03,3637.0,Rice
Telangana,Adilabad,Wheat,Rabi,0.01,0.02,1749.0,Wheat
Telangana,Adilabad,Wheat,Total,0.01,0.02,1749.0,Wheat
Telangana,Adilabad,Maize,Kharif,0.06,0.28,4659.0,Maize (corn)
Telangana,Adilabad,Maize,Rabi,0.05,0.23,4754.0,Maize (corn)
Telangana,Adilabad,Maize,Total,0.11,0.51,4700.0,Maize (corn)
Telangana,Adilabad,Gram,Rabi,0.14,0.27,1984.0,"Chick peas, dry"
Telangana,Adilabad,Gram,Total,0.14,0.27,1984.0,"Chick peas, dry"
Telangana,Bhadradri Kothagudem,Rice,Kharif,0.61,2.2,3581.0,Rice
Telangana,Bhadradri Kothagudem,Rice,Rabi,0.3,0.93,3133.0,Rice
Telangana,Bhadradri Kothagudem,Rice,Total,0.91,3.13,3434.0,Rice
Telangana,Bhadradri Kothagudem,Maize,Kharif,0.35,1.2,3461.0,Maize (corn)
Telangana,Bhadradri Kothagudem,Maize,Rabi,0.13,0.64,4900.0,Maize (corn)
Telangana,Bhadradri Kothagudem,Maize,Total,0.48,1.84,3854.0,Maize (corn)
Telangana,Hanumakonda,Rice,Kharif,0.55,1.92,3515.0,Rice
Telangana,Hanumakonda,Rice,Rabi,0.5,1.61,3223.0,Rice
Telangana,Hanumakonda,Rice,Total,1.05,3.53,3376.0,Rice
Telangana,Hanumakonda,Wheat,Rabi,0.0,0.0,1973.0,Wheat
Telangana,Hanumakonda,Wheat,Total,0.0,0.0,1973.0,Wheat
Telangana,Hanumakonda,Maize,Kharif,0.02,0.11,5210.0,Maize (corn)
Telangana,Hanumakonda,Maize,Rabi,0.26,1.68,6481.0,Maize (corn)
Telangana,Hanumakonda,Maize,Total,0.28,1.8,6382.0,Maize (corn)
Telangana,Hanumakonda,Gram,Rabi,0.0,0.0,1762.0,"Chick peas, dry"
Telangana,Hanumakonda,Gram,Total,0.0,0.0,1762.0,"Chick peas, dry"
Telangana,Jagitial,Rice,Kharif,1.16,4.32,3723.0,Rice
Telangana,Jagitial,Rice,Rabi,1.15,4.45,3881.0,Rice
Telangana,Jagitial,Rice,Total,2.31,8.78,3802.0,Rice
Telangana,Jagitial,Wheat,Rabi,0.0,0.0,1973.0,Wheat
Telangana,Jagitial,Wheat,Total,0.0,0.0,1973.0,Wheat
Telangana,Jagitial,Maize,Kharif,0.14,0.88,6391.0,Maize (corn)
Telangana,Jagitial,Maize,Rabi,0.13,0.86,6503.0,Maize (corn)
Telangana,Jagitial,Maize,Total,0.27,1.73,6446.0,Maize (corn)
Telangana,Jagitial,Gram,Rabi,0.0,0.0,2233.0,"Chick peas, dry"
Telangana,Jagitial,Gram,Total,0.0,0.0,2233.0,"Chick peas, dry"
Telangana,Jangoan,Rice,Kharif,0.79,2.24,2848.0,Rice
Telangana,Jangoan,Rice,Rabi,0.73,2.02,2754.0,Rice
Telangana,Jangoan,Rice,Total,1.52,4.26,2803.0,Rice
Telangana,Jangoan,Maize,Kharif,0.01,0.07,4724.0,Maize (corn)
Telangana,Jangoan,Maize,Rabi,0.06,0.28,4373.0,Maize (corn)
Telangana,Jangoan,Maize,Total,0.08,0.35,4439.0,Maize (corn)
Telangana,Jangoan,Gram,Rabi,0.0,0.0,1762.0,"Chick peas, dry"
Telangana,Jangoan,Gram,Total,0.0,0.0,1762.0,"Chick peas, dry"
Telangana,Jayashankar Bhupalapally,Rice,Kharif,0.42,1.35,3220.0,Rice
Telangana,Jayashankar Bhupalapally,Rice,Rabi,0.35,1.14,3270.0,Rice
Telangana,Jayashankar Bhupalapally,Rice,Total,0.77,2.48,3243.0,Rice
Telangana,Jayashankar Bhupalapally,Maize,Kharif,0.0,0.0,4814.0,Maize (corn)
Telangana,Jayashankar Bhupalapally,Maize,Rabi,0.11,0.65,5959.0,Maize (corn)
Telangana,Jayashankar Bhupalapally,Maize,Total,0.11,0.66,5952.0,Maize (corn)
Telangana,Jayashankar Bhupalapally,Gram,Rabi,0.0,0.0,1762.0,"Chick peas, dry"
Telangana,Jayashankar Bhupalapally,Gram,Total,0.0,0.0,1762.0,"Chick peas, dry"
Telangana,Jogulamba Gadwal,Rice,Kharif,0.33,1.06,3180.0,Rice
Telangana,Jogulamba Gadwal,Rice,Rabi,0.34,1.02,2982.0,Rice
Telangana,Jogulamba Gadwal,Rice,Total,0.67,2.08,3080.0,Rice
Telangana,Jogulamba Gadwal,Wheat,Rabi,0.0,0.0,1973.0,Wheat
Telangana,Jogulamba Gadwal,Wheat,Total,0.0,0.0,1973.0,Wheat
Telangana,Jogulamba Gadwal,Maize,Kharif,0.05,0.21,4427.0,Maize (corn)
Telangana,Jogulamba Gadwal,Maize,Rabi,0.16,0.83,5024.0,Maize (corn)
Telangana,Jogulamba Gadwal,Maize,Total,0.21,1.04,4889.0,Maize (corn)
Telangana,Jogulamba Gadwal,Gram,Rabi,0.04,0.06,1516.0,"Chick peas, dry"
Telangana,Jogulamba Gadwal,Gram,Total,0.04,0.06,1516.0,"Chick peas, dry"
Telangana,Kamareddy,Rice,Kharif,1.18,5.46,4635.0,Rice
Telangana,Kamareddy,Rice,Rabi,0.93,3.79,4076.0,Rice
Telangana,Kamareddy,Rice,Total,2.11,9.25,4389.0,Rice
Telangana,Kamareddy,Wheat,Rabi,0.0,0.01,1785.0,Wheat
Telangana,Kamareddy,Wheat,Total,0.0,0.01,1785.0,Wheat
Telangana,Kamareddy,Maize,Kharif,0.18,1.15,6421.0,Maize (corn)
Telangana,Kamareddy,Maize,Rabi,0.14,1.11,8188.0,Maize (corn)
Telangana,Kamareddy,Maize,Total,0.32,2.26,7181.0,Maize (corn)
Telangana,Kamareddy,Gram,Rabi,0.15,0.27,1754.0,"Chick peas, dry"
Telangana,Kamareddy,Gram,Total,0.15,0.27,1754.0,"Chick peas, dry"
Telangana,Karimnagar,Rice,Kharif,1.03,3.68,3573.0,Rice
Telangana,Karimnagar,Rice,Rabi,1.05,4.1,3917.0,Rice
Telangana,Karimnagar,Rice,Total,2.08,7.78,3747.0,Rice
Telangana,Karimnagar,Maize,Kharif,0.02,0.1,6748.0,Maize (corn)
Telangana,Karimnagar,Maize,Rabi,0.12,0.94,8022.0,Maize (corn)
Telangana,Karimnagar,Maize,Total,0.13,1.05,7878.0,Maize (corn)
Telangana,Karimnagar,Gram,Rabi,0.0,0.0,1762.0,"Chick peas, dry"
Telangana,Karimnagar,Gram,Total,0.0,0.0,1762.0,"Chick peas, dry"
Telangana,Khammam,Rice,Kharif,1.09,3.74,3439.0,Rice
Telangana,Khammam,Rice,Rabi,0.89,3.29,3699.0,Rice
Telangana,Khammam,Rice,Total,1.98,7.03,3556.0,Rice
Telangana,Khammam,Maize,Kharif,0.01,0.03,2974.0,Maize (corn)
Telangana,Khammam,Maize,Rabi,0.5,3.52,7083.0,Maize (corn)
Telangana,Khammam,Maize,Total,0.51,3.56,6993.0,Maize (corn)
Telangana,Khammam,Gram,Rabi,0.0,0.0,1762.0,"Chick peas, dry"
Telangana,Khammam,Gram,Total,0.0,0.0,1762.0,"Chick peas, dry"
Telangana,Kumuram Bheem Asifabad,Rice,Kharif,0.2,0.63,3099.0,Rice
Telangana,Kumuram Bheem Asifabad,Rice,Rabi,0.09,0.27,3021.0,Rice
Telangana,Kumuram Bheem Asifabad,Rice,Total,0.3,0.91,3075.0,Rice
Telangana,Kumuram Bheem Asifabad,Wheat,Rabi,0.0,0.01,3606.0,Wheat
Telangana,Kumuram Bheem Asifabad,Wheat,Total,0.0,0.01,3606.0,Wheat
Telangana,Kumuram Bheem Asifabad,Maize,Kharif,0.0,0.01,2704.0,Maize (corn)
Telangana,Kumuram Bheem Asifabad,Maize,Rabi,0.02,0.08,4893.0,Maize (corn)
Telangana,Kumuram Bheem Asifabad,Maize,Total,0.02,0.1,4414.0,Maize (corn)
Telangana,Kumuram Bheem Asifabad,Gram,Rabi,0.01,0.01,1201.0,"Chick peas, dry"
Telangana,Kumuram Bheem Asifabad,Gram,Total,0.01,0.01,1201.0,"Chick peas, dry"
Telangana,Mahabubabad,Rice,Kharif,0.82,2.59,3170.0,Rice
Telangana,Mahabubabad,Rice,Rabi,0.58,1.89,3263.0,Rice
Telangana,Mahabubabad,Rice,Total,1.4,4.48,3209.0,Rice
Telangana,Mahabubabad,Maize,Kharif,0.23,0.97,4219.0,Maize (corn)
Telangana,Mahabubabad,Maize,Rabi,0.25,1.22,4923.0,Maize (corn)
Telangana,Mahabubabad,Maize,Total,0.48,2.19,4585.0,Maize (corn)
Telangana,Mahabubabad,Gram,Rabi,0.0,0.0,1762.0,"Chick peas, dry"
Telangana,Mahabubabad,Gram,Total,0.0,0.0,1762.0,"Chick peas, dry"
Telangana,Mahabubnagar,Rice,Kharif,0.73,2.8,3858.0,Rice
Telangana,Mahabubnagar,Rice,Rabi,0.65,2.16,3330.0,Rice
Telangana,Mahabubnagar,Rice,Total,1.37,4.96,3609.0,Rice
Telangana,Mahabubnagar,Maize,Kharif,0.09,0.32,3543.0,Maize (corn)
Telangana,Mahabubnagar,Maize,Rabi,0.05,0.21,4138.0,Maize (corn)
Telangana,Mahabubnagar,Maize,Total,0.14,0.54,3756.0,Maize (corn)
Telangana,Mancherial,Rice,Kharif,0.58,1.86,3189.0,Rice
Telangana,Mancherial,Rice,Rabi,0.47,1.55,3278.0,Rice
Telangana,Mancherial,Rice,Total,1.05,3.4,3229.0,Rice
Telangana,Mancherial,Wheat,Rabi,0.0,0.0,1973.0,Wheat
Telangana,Mancherial,Wheat,Total,0.0,0.0,1973.0,Wheat
Telangana,Mancherial,Maize,Kharif,0.0,0.0,4814.0,Maize (corn)
Telangana,Mancherial,Maize,Rabi,0.02,0.07,4601.0,Maize (corn)
Telangana,Mancherial,Maize,Total,0.02,0.07,4605.0,Maize (corn)
Telangana,Mancherial,Gram,Rabi,0.0,0.0,1762.0,"Chick peas, dry"
Telangana,Mancherial,Gram,Total,0.0,0.0,1762.0,"Chick peas, dry"
Telangana,Medak,Rice,Kharif,1.12,4.19,3749.0,Rice
Telangana,Medak,Rice,Rabi,1.06,3.5,3300.0,Rice
Telangana,Medak,Rice,Total,2.18,7.69,3530.0,Rice
Telangana,Medak,Wheat,Rabi,0.0,0.0,1973.0,Wheat
Telangana,Medak,Wheat,Total,0.0,0.0,1973.0,Wheat
Telangana,Medak,Maize,Kharif,0.01,0.04,3790.0,Maize (corn)
Telangana,Medak,Maize,Rabi,0.01,0.06,4984.0,Maize (corn)
Telangana,Medak,Maize,Total,0.02,0.1,4447.0,Maize (corn)
Telangana,Medak,Gram,Rabi,0.0,0.0,899.0,"Chick peas, dry"
Telangana,Medak,Gram,Total,0.0,0.0,899.0,"Chick peas, dry"
Telangana,Medchal Malkajgiri,Rice,Kharif,0.07,0.25,3740.0,Rice
Telangana,Medchal Malkajgiri,Rice,Rabi,0.06,0.22,3880.0,Rice
Telangana,Medchal Malkajgiri,Rice,Total,0.12,0.46,3805.0,Rice
Telangana,Medchal Malkajgiri,Maize,Kharif,0.0,0.0,4814.0,Maize (corn)
Telangana,Medchal Malkajgiri,Maize,Rabi,0.0,0.01,6465.0,Maize (corn)
Telangana,Medchal Malkajgiri,Maize,Total,0.0,0.01,5768.0,Maize (corn)
Telangana,Mulugu,Rice,Kharif,0.36,1.03,2888.0,Rice
Telangana,Mulugu,Rice,Rabi,0.23,0.71,3040.0,Rice
Telangana,Mulugu,Rice,Total,0.59,1.74,2948.0,Rice
Telangana,Mulugu,Maize,Kharif,0.01,0.05,4667.0,Maize (corn)
Telangana,Mulugu,Maize,Rabi,0.04,0.33,7634.0,Maize (corn)
Telangana,Mulugu,Maize,Total,0.05,0.38,7030.0,Maize (corn)
Telangana,Nagarkurnool,Rice,Kharif,0.59,1.95,3330.0,Rice
Telangana,Nagarkurnool,Rice,Rabi,0.66,2.58,3897.0,Rice
Telangana,Nagarkurnool,Rice,Total,1.25,4.54,3631.0,Rice
Telangana,Nagarkurnool,Wheat,Rabi,0.0,0.0,1973.0,Wheat
Telangana,Nagarkurnool,Wheat,Total,0.0,0.0,1973.0,Wheat
Telangana,Nagarkurnool,Maize,Kharif,0.17,0.77,4561.0,Maize (corn)
Telangana,Nagarkurnool,Maize,Rabi,0.32,2.06,6435.0,Maize (corn)
Telangana,Nagarkurnool,Maize,Total,0.49,2.83,5787.0,Maize (corn)
Telangana,Nagarkurnool,Gram,Rabi,0.0,0.0,1762.0,"Chick peas, dry"
Telangana,Nagarkurnool,Gram,Total,0.0,0.0,1762.0,"Chick peas, dry"
Telangana,Nalgonda,Rice,Kharif,1.95,6.93,3544.0,Rice
Telangana,Nalgonda,Rice,Rabi,2.13,7.43,3481.0,Rice
Telangana,Nalgonda,Rice,Total,4.09,14.35,3511.0,Rice
Telangana,Nalgonda,Wheat,Rabi,0.0,0.0,1973.0,Wheat
Telangana,Nalgonda,Wheat,Total,0.0,0.0,1973.0,Wheat
Telangana,Nalgonda,Maize,Kharif,0.0,0.0,4814.0,Maize (corn)
Telangana,Nalgonda,Maize,Rabi,0.0,0.02,6465.0,Maize (corn)
Telangana,Nalgonda,Maize,Total,0.0,0.02,6413.0,Maize (corn)
Telangana,Nalgonda,Gram,Rabi,0.0,0.0,1762.0,"Chick peas, dry"
Telangana,Nalgonda,Gram,Total,0.0,0.0,1762.0,"Chick peas, dry"
Telangana,Narayanpet,Rice,Kharif,0.64,2.3,3595.0,Rice
Telangana,Narayanpet,Rice,Rabi,0.64,2.22,3436.0,Rice
Telangana,Narayanpet,Rice,Total,1.28,4.51,3515.0,Rice
Telangana,Narayanpet,Maize,Kharif,0.0,0.0,4814.0,Maize (corn)
Telangana,Narayanpet,Maize,Rabi,0.0,0.01,6465.0,Maize (corn)
Telangana,Narayanpet,Maize,Total,0.0,0.01,6071.0,Maize (corn)
Telangana,Narayanpet,Gram,Rabi,0.0,0.0,1107.0,"Chick peas, dry"
Telangana,Narayanpet,Gram,Total,0.0,0.0,1107.0,"Chick peas, dry"
Telangana,Nirmal,Rice,Kharif,0.52,1.77,3382.0,Rice
Telangana,Nirmal,Rice,Rabi,0.48,1.76,3667.0,Rice
Telangana,Nirmal,Rice,Total,1.0,3.52,3518.0,Rice
Telangana,Nirmal,Wheat,Rabi,0.0,0.0,1467.0,Wheat
Telangana,Nirmal,Wheat,Total,0.0,0.0,1467.0,Wheat
Telangana,Nirmal,Maize,Kharif,0.08,0.47,6245.0,Maize (corn)
Telangana,Nirmal,Maize,Rabi,0.4,3.12,7801.0,Maize (corn)
Telangana,Nirmal,Maize,Total,0.48,3.59,7554.0,Maize (corn)
Telangana,Nirmal,Gram,Rabi,0.2,0.35,1786.0,"Chick peas, dry"
Telangana,Nirmal,Gram,Total,0.2,0.35,1786.0,"Chick peas, dry"
Telangana,Nizamabad,Rice,Kharif,1.62,6.96,4286.0,Rice
Telangana,Nizamabad,Rice,Rabi,1.65,7.15,4338.0,Rice
Telangana,Nizamabad,Rice,Total,3.27,14.11,4312.0,Rice
Telangana,Nizamabad,Wheat,Rabi,0.0,0.0,1973.0,Wheat
Telangana,Nizamabad,Wheat,Total,0.0,0.0,1973.0,Wheat
Telangana,Nizamabad,Maize,Kharif,0.21,1.42,6634.0,Maize (corn)
Telangana,Nizamabad,Maize,Rabi,0.09,0.57,6590.0,Maize (corn)
Telangana,Nizamabad,Maize,Total,0.3,1.99,6622.0,Maize (corn)
Telangana,Nizamabad,Gram,Rabi,0.05,0.09,1801.0,"Chick peas, dry"
Telangana,Nizamabad,Gram,Total,0.05,0.09,1801.0,"Chick peas, dry"
Telangana,Peddapalli,Rice,Kharif,0.78,2.71,3459.0,Rice
Telangana,Peddapalli,Rice,Rabi,0.8,3.29,4087.0,Rice
Telangana,Peddapalli,Rice,Total,1.59,5.99,3778.0,Rice
Telangana,Peddapalli,Maize,Kharif,0.0,0.02,5707.0,Maize (corn)
Telangana,Peddapalli,Maize,Rabi,0.08,0.64,8300.0,Maize (corn)
Telangana,Peddapalli,Maize,Total,0.08,0.65,8207.0,Maize (corn)
Telangana,Peddapalli,Gram,Rabi,0.0,0.0,1762.0,"Chick peas, dry"
Telangana,Peddapalli,Gram,Total,0.0,0.0,1762.0,"Chick peas, dry"
Telangana,Rajanna Sircilla,Rice,Kharif,0.68,2.78,4104.0,Rice
Telangana,Rajanna Sircilla,Rice,Rabi,0.71,2.64,3749.0,Rice
Telangana,Rajanna Sircilla,Rice,Total,1.38,5.42,3923.0,Rice
Telangana,Rajanna Sircilla,Wheat,Rabi,0.0,0.0,1973.0,Wheat
Telangana,Rajanna Sircilla,Wheat,Total,0.0,0.0,1973.0,Wheat
Telangana,Rajanna Sircilla,Maize,Kharif,0.01,0.04,6889.0,Maize (corn)
Telangana,Rajanna Sircilla,Maize,Rabi,0.01,0.06,6465.0,Maize (corn)
Telangana,Rajanna Sircilla,Maize,Total,0.01,0.1,6613.0,Maize (corn)
Telangana,Rajanna Sircilla,Gram,Rabi,0.0,0.0,1557.0,"Chick peas, dry"
Telangana,Rajanna Sircilla,Gram,Total,0.0,0.0,1557.0,"Chick peas, dry"
Telangana,Ranga Reddy,Rice,Kharif,0.52,1.72,3326.0,Rice
Telangana,Ranga Reddy,Rice,Rabi,0.43,1.47,3439.0,Rice
Telangana,Ranga Reddy,Rice,Total,0.94,3.19,3377.0,Rice
Telangana,Ranga Reddy,Wheat,Rabi,0.0,0.0,1973.0,Wheat
Telangana,Ranga Reddy,Wheat,Total,0.0,0.0,1973.0,Wheat
Telangana,Ranga Reddy,Maize,Kharif,0.18,0.74,4040.0,Maize (corn)
Telangana,Ranga Reddy,Maize,Rabi,0.09,0.41,4406.0,Maize (corn)
Telangana,Ranga Reddy,Maize,Total,0.28,1.15,4164.0,Maize (corn)
Telangana,Ranga Reddy,Gram,Rabi,0.0,0.0,1489.0,"Chick peas, dry"
Telangana,Ranga Reddy,Gram,Total,0.0,0.0,1489.0,"Chick peas, dry"
Telangana,Sangareddy,Rice,Kharif,0.56,2.39,4268.0,Rice
Telangana,Sangareddy,Rice,Rabi,0.39,1.49,3781.0,Rice
Telangana,Sangareddy,Rice,Total,0.95,3.88,4067.0,Rice
Telangana,Sangareddy,Wheat,Rabi,0.0,0.0,1973.0,Wheat
Telangana,Sangareddy,Wheat,Total,0.0,0.0,1973.0,Wheat
Telangana,Sangareddy,Maize,Kharif,0.03,0.08,2820.0,Maize (corn)
Telangana,Sangareddy,Maize,Rabi,0.03,0.11,3362.0,Maize (corn)
Telangana,Sangareddy,Maize,Total,0.06,0.2,3109.0,Maize (corn)
Telangana,Sangareddy,Gram,Rabi,0.07,0.12,1602.0,"Chick peas, dry"
Telangana,Sangareddy,Gram,Total,0.07,0.12,1602.0,"Chick peas, dry"
Telangana,Siddipet,Rice,Kharif,1.4,5.45,3880.0,Rice
Telangana,Siddipet,Rice,Rabi,1.41,5.35,3802.0,Rice
Telangana,Siddipet,Rice,Total,2.81,10.79,3841.0,Rice
Telangana,Siddipet,Maize,Kharif,0.09,0.51,5674.0,Maize (corn)
Telangana,Siddipet,Maize,Rabi,0.13,0.77,6021.0,Maize (corn)
Telangana,Siddipet,Maize,Total,0.22,1.28,5877.0,Maize (corn)
Telangana,Siddipet,Gram,Rabi,0.0,0.0,1378.0,"Chick peas, dry"
Telangana,Siddipet,Gram,Total,0.0,0.0,1378.0,"Chick peas, dry"
Telangana,Suryapet,Rice,Kharif,1.81,6.51,3604.0,Rice
Telangana,Suryapet,Rice,Rabi,1.91,6.7,3503.0,Rice
Telangana,Suryapet,Rice,Total,3.72,13.22,3552.0,Rice
Telangana,Suryapet,Maize,Kharif,0.0,0.0,4814.0,Maize (corn)
Telangana,Suryapet,Maize,Rabi,0.01,0.04,6465.0,Maize (corn)
Telangana,Suryapet,Maize,Total,0.01,0.04,6413.0,Maize (corn)
Telangana,Suryapet,Gram,Rabi,0.0,0.0,1762.0,"Chick peas, dry"
Telangana,Suryapet,Gram,Total,0.0,0.0,1762.0,"Chick peas, dry"
Telangana,Vikarabad,Rice,Kharif,0.48,1.47,3077.0,Rice
Telangana,Vikarabad,Rice,Rabi,0.4,1.32,3277.0,Rice
Telangana,Vikarabad,Rice,Total,0.88,2.79,3169.0,Rice
Telangana,Vikarabad,Wheat,Rabi,0.0,0.0,1973.0,Wheat
Telangana,Vikarabad,Wheat,Total,0.0,0.0,1973.0,Wheat
Telangana,Vikarabad,Maize,Kharif,0.1,0.41,4111.0,Maize (corn)
Telangana,Vikarabad,Maize,Rabi,0.05,0.24,4741.0,Maize (corn)
Telangana,Vikarabad,Maize,Total,0.15,0.64,4323.0,Maize (corn)
Telangana,Vikarabad,Gram,Rabi,0.02,0.02,1480.0,"Chick peas, dry"
Telangana,Vikarabad,Gram,Total,0.02,0.02,1480.0,"Chick peas, dry"
Telangana,Wanaparthy,Rice,Kharif,0.73,2.6,3564.0,Rice
Telangana,Wanaparthy,Rice,Rabi,0.69,2.3,3344.0,Rice
Telangana,Wanaparthy,Rice,Total,1.42,4.9,3458.0,Rice
Telangana,Wanaparthy,Maize,Kharif,0.04,0.15,4047.0,Maize (corn)
Telangana,Wanaparthy,Maize,Rabi,0.01,0.09,6465.0,Maize (corn)
Telangana,Wanaparthy,Maize,Total,0.05,0.24,4704.0,Maize (corn)
Telangana,Wanaparthy,Gram,Rabi,0.01,0.01,1762.0,"Chick peas, dry"
Telangana,Wanaparthy,Gram,Total,0.01,0.01,1762.0,"Chick peas, dry"
Telangana,Warangal,Rice,Kharif,0.49,1.71,3502.0,Rice
Telangana,Warangal,Rice,Rabi,0.43,1.47,3455.0,Rice
Telangana,Warangal,Rice,Total,0.91,3.18,3480.0,Rice
Telangana,Warangal,Maize,Kharif,0.03,0.15,4974.0,Maize (corn)
Telangana,Warangal,Maize,Rabi,0.4,2.84,7143.0,Maize (corn)
Telangana,Warangal,Maize,Total,0.43,2.99,6986.0,Maize (corn)
Telangana,Warangal,Gram,Rabi,0.0,0.0,1762.0,"Chick peas, dry"
Telangana,Warangal,Gram,Total,0.0,0.0,1762.0,"Chick peas, dry"
Telangana,Yadadri Bhuvanagiri,Rice,Kharif,1.07,3.95,3686.0,Rice
Telangana,Yadadri Bhuvanagiri,Rice,Rabi,1.11,4.09,3693.0,Rice
Telangana,Yadadri Bhuvanagiri,Rice,Total,2.18,8.04,3690.0,Rice
Telangana,Yadadri Bhuvanagiri,Maize,Kharif,0.0,0.0,4814.0,Maize (corn)
Telangana,Yadadri Bhuvanagiri,Maize,Rabi,0.0,0.0,6465.0,Maize (corn)
Telangana,Yadadri Bhuvanagiri,Maize,Total,0.0,0.01,5977.0,Maize (corn)
Tripura,Dhalai,Rice,Kharif,0.24,0.64,2695.0,Rice
Tripura,Dhalai,Rice,Rabi,0.01,0.03,3237.0,Rice
Tripura,Dhalai,Rice,Total,0.25,0.67,2717.0,Rice
Tripura,Dhalai,Wheat,Rabi,0.0,0.0,2427.0,Wheat
Tripura,Dhalai,Wheat,Total,0.0,0.0,2427.0,Wheat
Tripura,Dhalai,Maize,Kharif,0.03,0.05,1690.0,Maize (corn)
Tripura,Dhalai,Maize,Rabi,0.01,0.02,3237.0,Maize (corn)
Tripura,Dhalai,Maize,Total,0.03,0.07,1919.0,Maize (corn)
Tripura,Dhalai,Gram,Rabi,0.0,0.0,857.0,"Chick peas, dry"
Tripura,Dhalai,Gram,Total,0.0,0.0,857.0,"Chick peas, dry"
Tripura,Dhalai,Lentil,Rabi,0.0,0.0,941.0,"Lentils, dry"
Tripura,Dhalai,Lentil,Total,0.0,0.0,941.0,"Lentils, dry"
Tripura,Gomati,Rice,Kharif,0.22,0.65,2899.0,Rice
Tripura,Gomati,Rice,Rabi,0.16,0.55,3535.0,Rice
Tripura,Gomati,Rice,Total,0.38,1.2,3161.0,Rice
Tripura,Gomati,Wheat,Rabi,0.0,0.0,2048.0,Wheat
Tripura,Gomati,Wheat,Total,0.0,0.0,2048.0,Wheat
Tripura,Gomati,Maize,Kharif,0.02,0.03,1722.0,Maize (corn)
Tripura,Gomati,Maize,Rabi,0.01,0.04,3261.0,Maize (corn)
Tripura,Gomati,Maize,Total,0.03,0.06,2324.0,Maize (corn)
Tripura,Gomati,Gram,Rabi,0.0,0.0,769.0,"Chick peas, dry"
Tripura,Gomati,Gram,Total,0.0,0.0,769.0,"Chick peas, dry"
Tripura,Gomati,Lentil,Rabi,0.0,0.0,725.0,"Lentils, dry"
Tripura,Gomati,Lentil,Total,0.0,0.0,725.0,"Lentils, dry"
Tripura,Khowai,Rice,Kharif,0.16,0.5,3143.0,Rice
Tripura,Khowai,Rice,Rabi,0.05,0.18,3328.0,Rice
Tripura,Khowai,Rice,Total,0.21,0.68,3189.0,Rice
Tripura,Khowai,Wheat,Rabi,0.0,0.0,2059.0,Wheat
Tripura,Khowai,Wheat,Total,0.0,0.0,2059.0,Wheat
Tripura,Khowai,Maize,Kharif,0.01,0.01,1634.0,Maize (corn)
Tripura,Khowai,Maize,Rabi,0.0,0.01,3141.0,Maize (corn)
Tripura,Khowai,Maize,Total,0.01,0.02,2023.0,Maize (corn)
Tripura,Khowai,Gram,Rabi,0.0,0.0,889.0,"Chick peas, dry"
Tripura,Khowai,Gram,Total,0.0,0.0,889.0,"Chick peas, dry"
Tripura,Khowai,Lentil,Rabi,0.0,0.0,672.0,"Lentils, dry"
Tripura,Khowai,Lentil,Total,0.0,0.0,672.0,"Lentils, dry"
Tripura,North Tripura,Rice,Kharif,0.19,0.57,3005.0,Rice
Tripura,North Tripura,Rice,Rabi,0.0,0.0,3645.0,Rice
Tripura,North Tripura,Rice,Total,0.19,0.57,3008.0,Rice
Tripura,North Tripura,Wheat,Rabi,0.0,0.0,2000.0,Wheat
Tripura,North Tripura,Wheat,Total,0.0,0.0,2000.0,Wheat
Tripura,North Tripura,Maize,Kharif,0.02,0.03,1718.0,Maize (corn)
Tripura,North Tripura,Maize,Rabi,0.0,0.01,2917.0,Maize (corn)
Tripura,North Tripura,Maize,Total,0.02,0.04,1895.0,Maize (corn)
Tripura,North Tripura,Gram,Rabi,0.0,0.0,1000.0,"Chick peas, dry"
Tripura,North Tripura,Gram,Total,0.0,0.0,1000.0,"Chick peas, dry"
Tripura,North Tripura,Lentil,Rabi,0.0,0.0,1001.0,"Lentils, dry"
Tripura,North Tripura,Lentil,Total,0.0,0.0,1001.0,"Lentils, dry"
Tripura,Sepahijala,Rice,Kharif,0.26,0.84,3201.0,Rice
Tripura,Sepahijala,Rice,Rabi,0.19,0.66,3530.0,Rice
Tripura,Sepahijala,Rice,Total,0.45,1.51,3338.0,Rice
Tripura,Sepahijala,Wheat,Rabi,0.0,0.0,2200.0,Wheat
Tripura,Sepahijala,Wheat,Total,0.0,0.0,2200.0,Wheat
Tripura,Sepahijala,Maize,Kharif,0.01,0.02,2036.0,Maize (corn)
Tripura,Sepahijala,Maize,Rabi,0.0,0.01,3267.0,Maize (corn)
Tripura,Sepahijala,Maize,Total,0.01,0.03,2433.0,Maize (corn)
Tripura,Sepahijala,Gram,Rabi,0.0,0.0,600.0,"Chick peas, dry"
Tripura,Sepahijala,Gram,Total,0.0,0.0,600.0,"Chick peas, dry"
Tripura,Sepahijala,Lentil,Rabi,0.0,0.0,643.0,"Lentils, dry"
Tripura,Sepahijala,Lentil,Total,0.0,0.0,643.0,"Lentils, dry"
Tripura,South Tripura,Rice,Kharif,0.25,0.8,3164.0,Rice
Tripura,South Tripura,Rice,Rabi,0.13,0.48,3671.0,Rice
Tripura,South Tripura,Rice,Total,0.39,1.29,3337.0,Rice
Tripura,South Tripura,Wheat,Rabi,0.0,0.0,2000.0,Wheat
Tripura,South Tripura,Wheat,Total,0.0,0.0,2000.0,Wheat
Tripura,South Tripura,Maize,Kharif,0.01,0.02,1815.0,Maize (corn)
Tripura,South Tripura,Maize,Rabi,0.0,0.01,3195.0,Maize (corn)
Tripura,South Tripura,Maize,Total,0.01,0.03,2228.0,Maize (corn)
Tripura,South Tripura,Gram,Rabi,0.0,0.0,750.0,"Chick peas, dry"
Tripura,South Tripura,Gram,Total,0.0,0.0,750.0,"Chick peas, dry"
Tripura,South Tripura,Lentil,Rabi,0.0,0.0,746.0,"Lentils, dry"
Tripura,South Tripura,Lentil,Total,0.0,0.0,746.0,"Lentils, dry"
Tripura,Unakoti,Rice,Kharif,0.16,0.48,3043.0,Rice
Tripura,Unakoti,Rice,Rabi,0.0,0.0,3560.0,Rice
Tripura,Unakoti,Rice,Total,0.16,0.48,3046.0,Rice
Tripura,Unakoti,Wheat,Rabi,0.0,0.0,2083.0,Wheat
Tripura,Unakoti,Wheat,Total,0.0,0.0,2083.0,Wheat
Tripura,Unakoti,Maize,Kharif,0.01,0.01,1690.0,Maize (corn)
Tripura,Unakoti,Maize,Rabi,0.0,0.01,3393.0,Maize (corn)
Tripura,Unakoti,Maize,Total,0.01,0.02,2161.0,Maize (corn)
Tripura,Unakoti,Gram,Rabi,0.0,0.0,600.0,"Chick peas, dry"
Tripura,Unakoti,Gram,Total,0.0,0.0,600.0,"Chick peas, dry"
Tripura,Unakoti,Lentil,Rabi,0.0,0.0,813.0,"Lentils, dry"
Tripura,Unakoti,Lentil,Total,0.0,0.0,813.0,"Lentils, dry"
Tripura,West Tripura,Rice,Kharif,0.14,0.46,3283.0,Rice
Tripura,West Tripura,Rice,Rabi,0.08,0.29,3671.0,Rice
Tripura,West Tripura,Rice,Total,0.22,0.75,3424.0,Rice
Tripura,West Tripura,Wheat,Rabi,0.0,0.0,2000.0,Wheat
Tripura,West Tripura,Wheat,Total,0.0,0.0,2000.0,Wheat
Tripura,West Tripura,Maize,Kharif,0.01,0.02,1594.0,Maize (corn)
Tripura,West Tripura,Maize,Rabi,0.0,0.02,3199.0,Maize (corn)
Tripura,West Tripura,Maize,Total,0.01,0.03,2141.0,Maize (corn)
Tripura,West Tripura,Gram,Rabi,0.0,0.0,1000.0,"Chick peas, dry"
Tripura,West Tripura,Gram,Total,0.0,0.0,1000.0,"Chick peas, dry"
Tripura,West Tripura,Lentil,Rabi,0.0,0.0,606.0,"Lentils, dry"
Tripura,West Tripura,Lentil,Total,0.0,0.0,606.0,"Lentils, dry"
Uttar Pradesh,Agra,Rice,Kharif,0.17,0.47,2729.0,Rice
Uttar Pradesh,Agra,Rice,Total,0.17,0.47,2729.0,Rice
Uttar Pradesh,Agra,Wheat,Rabi,1.25,5.22,4165.0,Wheat
Uttar Pradesh,Agra,Wheat,Total,1.25,5.22,4165.0,Wheat
Uttar Pradesh,Agra,Maize,Kharif,0.0,0.0,3549.0,Maize (corn)
Uttar Pradesh,Agra,Maize,Summer,0.01,0.05,3483.0,Maize (corn)
Uttar Pradesh,Agra,Maize,Total,0.01,0.05,3483.0,Maize (corn)
Uttar Pradesh,Agra,Gram,Rabi,0.01,0.02,1804.0,"Chick peas, dry"
Uttar Pradesh,Agra,Gram,Total,0.01,0.02,1804.0,"Chick peas, dry"
Uttar Pradesh,Agra,Lentil,Rabi,0.01,0.01,1035.0,"Lentils, dry"
Uttar Pradesh,Agra,Lentil,Total,0.01,0.01,1035.0,"Lentils, dry"
Uttar Pradesh,Aligarh,Rice,Kharif,1.89,4.91,2600.0,Rice
Uttar Pradesh,Aligarh,Rice,Total,1.89,4.91,2600.0,Rice
Uttar Pradesh,Aligarh,Wheat,Rabi,1.84,6.94,3764.0,Wheat
Uttar Pradesh,Aligarh,Wheat,Total,1.84,6.94,3764.0,Wheat
Uttar Pradesh,Aligarh,Maize,Kharif,0.09,0.22,2479.0,Maize (corn)
Uttar Pradesh,Aligarh,Maize,Summer,0.07,0.26,3655.0,Maize (corn)
Uttar Pradesh,Aligarh,Maize,Total,0.16,0.48,2997.0,Maize (corn)
Uttar Pradesh,Aligarh,Gram,Rabi,0.0,0.0,1347.0,"Chick peas, dry"
Uttar Pradesh,Aligarh,Gram,Total,0.0,0.0,1347.0,"Chick peas, dry"
Uttar Pradesh,Aligarh,Lentil,Rabi,0.02,0.02,956.0,"Lentils, dry"
Uttar Pradesh,Aligarh,Lentil,Total,0.02,0.02,956.0,"Lentils, dry"
Uttar Pradesh,Ambedkar Nagar,Rice,Kharif,1.52,4.76,3129.0,Rice
Uttar Pradesh,Ambedkar Nagar,Rice,Total,1.52,4.76,3129.0,Rice
Uttar Pradesh,Ambedkar Nagar,Wheat,Rabi,1.1,4.26,3890.0,Wheat
Uttar Pradesh,Ambedkar Nagar,Wheat,Total,1.1,4.26,3890.0,Wheat
Uttar Pradesh,Ambedkar Nagar,Maize,Kharif,0.0,0.0,1330.0,Maize (corn)
Uttar Pradesh,Ambedkar Nagar,Maize,Summer,0.0,0.01,3483.0,Maize (corn)
Uttar Pradesh,Ambedkar Nagar,Maize,Total,0.0,0.01,2127.0,Maize (corn)
Uttar Pradesh,Ambedkar Nagar,Gram,Rabi,0.03,0.05,1347.0,"Chick peas, dry"
Uttar Pradesh,Ambedkar Nagar,Gram,Total,0.03,0.05,1347.0,"Chick peas, dry"
Uttar Pradesh,Ambedkar Nagar,Lentil,Rabi,0.0,0.0,995.0,"Lentils, dry"
Uttar Pradesh,Ambedkar Nagar,Lentil,Total,0.0,0.0,995.0,"Lentils, dry"
Uttar Pradesh,Amethi,Rice,Kharif,0.97,2.73,2796.0,Rice
Uttar Pradesh,Amethi,Rice,Total,0.97,2.73,2796.0,Rice
Uttar Pradesh,Amethi,Wheat,Rabi,1.17,3.73,3175.0,Wheat
Uttar Pradesh,Amethi,Wheat,Total,1.17,3.73,3175.0,Wheat
Uttar Pradesh,Amethi,Maize,Kharif,0.0,0.0,1330.0,Maize (corn)
Uttar Pradesh,Amethi,Maize,Rabi,0.0,0.0,2889.0,Maize (corn)
Uttar Pradesh,Amethi,Maize,Summer,0.01,0.02,3483.0,Maize (corn)
Uttar Pradesh,Amethi,Maize,Total,0.01,0.02,3391.0,Maize (corn)
Uttar Pradesh,Amethi,Gram,Rabi,0.01,0.01,1347.0,"Chick peas, dry"
Uttar Pradesh,Amethi,Gram,Total,0.01,0.01,1347.0,"Chick peas, dry"
Uttar Pradesh,Amethi,Lentil,Rabi,0.03,0.02,995.0,"Lentils, dry"
Uttar Pradesh,Amethi,Lentil,Total,0.03,0.02,995.0,"Lentils, dry"
Uttar Pradesh,Amroha,Rice,Kharif,0.32,0.81,2526.0,Rice
Uttar Pradesh,Amroha,Rice,Total,0.32,0.81,2526.0,Rice
Uttar Pradesh,Amroha,Wheat,Rabi,0.87,3.19,3665.0,Wheat
Uttar Pradesh,Amroha,Wheat,Total,0.87,3.19,3665.0,Wheat
Uttar Pradesh,Amroha,Maize,Kharif,0.01,0.02,2191.0,Maize (corn)
Uttar Pradesh,Amroha,Maize,Summer,0.03,0.11,3663.0,Maize (corn)
Uttar Pradesh,Amroha,Maize,Total,0.04,0.13,3314.0,Maize (corn)
Uttar Pradesh,Amroha,Gram,Rabi,0.0,0.0,1347.0,"Chick peas, dry"
Uttar Pradesh,Amroha,Gram,Total,0.0,0.0,1347.0,"Chick peas, dry"
Uttar Pradesh,Amroha,Lentil,Rabi,0.0,0.0,1035.0,"Lentils, dry"
Uttar Pradesh,Amroha,Lentil,Total,0.0,0.0,1035.0,"Lentils, dry"
Uttar Pradesh,Auraiya,Rice,Kharif,0.85,2.62,3084.0,Rice
Uttar Pradesh,Auraiya,Rice,Total,0.85,2.62,3084.0,Rice
Uttar Pradesh,Auraiya,Wheat,Rabi,0.97,3.17,3252.0,Wheat
Uttar Pradesh,Auraiya,Wheat,Total,0.97,3.17,3252.0,Wheat
Uttar Pradesh,Auraiya,Maize,Kharif,0.05,0.1,2045.0,Maize (corn)
Uttar Pradesh,Auraiya,Maize,Summer,0.01,0.02,3483.0,Maize (corn)
Uttar Pradesh,Auraiya,Maize,Total,0.06,0.13,2222.0,Maize (corn)
Uttar Pradesh,Auraiya,Gram,Rabi,0.01,0.01,1225.0,"Chick peas, dry"
Uttar Pradesh,Auraiya,Gram,Total,0.01,0.01,1225.0,"Chick peas, dry"
Uttar Pradesh,Auraiya,Lentil,Rabi,0.0,0.0,956.0,"Lentils, dry"
Uttar Pradesh,Auraiya,Lentil,Total,0.0,0.0,956.0,"Lentils, dry"
Uttar Pradesh,Ayodhya,Rice,Kharif,0.94,2.81,2987.0,Rice
Uttar Pradesh,Ayodhya,Rice,Total,0.94,2.81,2987.0,Rice
Uttar Pradesh,Ayodhya,Wheat,Rabi,1.04,3.67,3521.0,Wheat
Uttar Pradesh,Ayodhya,Wheat,Total,1.04,3.67,3521.0,Wheat
Uttar Pradesh,Ayodhya,Maize,Kharif,0.01,0.01,1330.0,Maize (corn)
Uttar Pradesh,Ayodhya,Maize,Rabi,0.0,0.0,2889.0,Maize (corn)
Uttar Pradesh,Ayodhya,Maize,Summer,0.03,0.11,3483.0,Maize (corn)
Uttar Pradesh,Ayodhya,Maize,Total,0.04,0.12,3094.0,Maize (corn)
Uttar Pradesh,Ayodhya,Gram,Rabi,0.01,0.02,1347.0,"Chick peas, dry"
Uttar Pradesh,Ayodhya,Gram,Total,0.01,0.02,1347.0,"Chick peas, dry"
Uttar Pradesh,Ayodhya,Lentil,Rabi,0.03,0.03,995.0,"Lentils, dry"
Uttar Pradesh,Ayodhya,Lentil,Total,0.03,0.03,995.0,"Lentils, dry"
Uttar Pradesh,Azamgarh,Rice,Kharif,1.65,4.02,2434.0,Rice
Uttar Pradesh,Azamgarh,Rice,Total,1.65,4.02,2434.0,Rice
Uttar Pradesh,Azamgarh,Wheat,Rabi,2.28,8.2,3602.0,Wheat
Uttar Pradesh,Azamgarh,Wheat,Total,2.28,8.2,3602.0,Wheat
Uttar Pradesh,Azamgarh,Maize,Kharif,0.03,0.09,2736.0,Maize (corn)
Uttar Pradesh,Azamgarh,Maize,Summer,0.01,0.02,2097.0,Maize (corn)
Uttar Pradesh,Azamgarh,Maize,Total,0.04,0.11,2617.0,Maize (corn)
Uttar Pradesh,Azamgarh,Gram,Rabi,0.03,0.04,1745.0,"Chick peas, dry"
Uttar Pradesh,Azamgarh,Gram,Total,0.03,0.04,1745.0,"Chick peas, dry"
Uttar Pradesh,Azamgarh,Lentil,Rabi,0.0,0.0,1535.0,"Lentils, dry"
Uttar Pradesh,Azamgarh,Lentil,Total,0.0,0.0,1535.0,"Lentils, dry"
Uttar Pradesh,Baghpat,Rice,Kharif,0.13,0.35,2728.0,Rice
Uttar Pradesh,Baghpat,Rice,Total,0.13,0.35,2728.0,Rice
Uttar Pradesh,Baghpat,Wheat,Rabi,0.48,2.09,4398.0,Wheat
Uttar Pradesh,Baghpat,Wheat,Total,0.48,2.09,4398.0,Wheat
Uttar Pradesh,Baghpat,Maize,Kharif,0.0,0.0,2250.0,Maize (corn)
Uttar Pradesh,Baghpat,Maize,Summer,0.0,0.01,3483.0,Maize (corn)
Uttar Pradesh,Baghpat,Maize,Total,0.0,0.01,3474.0,Maize (corn)
Uttar Pradesh,Baghpat,Gram,Rabi,0.0,0.0,1347.0,"Chick peas, dry"
Uttar Pradesh,Baghpat,Gram,Total,0.0,0.0,1347.0,"Chick peas, dry"
Uttar Pradesh,Baghpat,Lentil,Rabi,0.0,0.0,1035.0,"Lentils, dry"
Uttar Pradesh,Baghpat,Lentil,Total,0.0,0.0,1035.0,"Lentils, dry"
Uttar Pradesh,Bahraich,Rice,Kharif,1.66,5.09,3066.0,Rice
Uttar Pradesh,Bahraich,Rice,Total,1.66,5.09,3066.0,Rice
Uttar Pradesh,Bahraich,Wheat,Rabi,1.9,6.69,3528.0,Wheat
Uttar Pradesh,Bahraich,Wheat,Total,1.9,6.69,3528.0,Wheat
Uttar Pradesh,Bahraich,Maize,Kharif,0.27,0.37,1344.0,Maize (corn)
Uttar Pradesh,Bahraich,Maize,Rabi,0.13,0.39,2886.0,Maize (corn)
Uttar Pradesh,Bahraich,Maize,Summer,0.1,0.25,2617.0,Maize (corn)
Uttar Pradesh,Bahraich,Maize,Total,0.51,1.01,1999.0,Maize (corn)
Uttar Pradesh,Bahraich,Gram,Rabi,0.0,0.0,1347.0,"Chick peas, dry"
Uttar Pradesh,Bahraich,Gram,Total,0.0,0.0,1347.0,"Chick peas, dry"
Uttar Pradesh,Bahraich,Lentil,Rabi,0.7,0.58,823.0,"Lentils, dry"
Uttar Pradesh,Bahraich,Lentil,Total,0.7,0.58,823.0,"Lentils, dry"
Uttar Pradesh,Ballia,Rice,Kharif,0.69,1.75,2527.0,Rice
Uttar Pradesh,Ballia,Rice,Total,0.69,1.75,2527.0,Rice
Uttar Pradesh,Ballia,Wheat,Rabi,1.41,5.15,3653.0,Wheat
Uttar Pradesh,Ballia,Wheat,Total,1.41,5.15,3653.0,Wheat
Uttar Pradesh,Ballia,Maize,Kharif,0.13,0.34,2736.0,Maize (corn)
Uttar Pradesh,Ballia,Maize,Rabi,0.04,0.11,2925.0,Maize (corn)
Uttar Pradesh,Ballia,Maize,Summer,0.02,0.04,2097.0,Maize (corn)
Uttar Pradesh,Ballia,Maize,Total,0.18,0.49,2711.0,Maize (corn)
Uttar Pradesh,Ballia,Gram,Rabi,0.05,0.09,1745.0,"Chick peas, dry"
Uttar Pradesh,Ballia,Gram,Total,0.05,0.09,1745.0,"Chick peas, dry"
Uttar Pradesh,Ballia,Lentil,Rabi,0.16,0.24,1535.0,"Lentils, dry"
Uttar Pradesh,Ballia,Lentil,Total,0.16,0.24,1535.0,"Lentils, dry"
Uttar Pradesh,Balrampur,Rice,Kharif,1.21,3.32,2743.0,Rice
Uttar Pradesh,Balrampur,Rice,Total,1.21,3.32,2743.0,Rice
Uttar Pradesh,Balrampur,Wheat,Rabi,1.02,3.21,3135.0,Wheat
Uttar Pradesh,Balrampur,Wheat,Total,1.02,3.21,3135.0,Wheat
Uttar Pradesh,Balrampur,Maize,Kharif,0.0,0.0,1340.0,Maize (corn)
Uttar Pradesh,Balrampur,Maize,Rabi,0.0,0.0,2886.0,Maize (corn)
Uttar Pradesh,Balrampur,Maize,Summer,0.03,0.07,2491.0,Maize (corn)
Uttar Pradesh,Balrampur,Maize,Total,0.03,0.07,2414.0,Maize (corn)
Uttar Pradesh,Balrampur,Gram,Rabi,0.01,0.01,1347.0,"Chick peas, dry"
Uttar Pradesh,Balrampur,Gram,Total,0.01,0.01,1347.0,"Chick peas, dry"
Uttar Pradesh,Balrampur,Lentil,Rabi,0.41,0.4,983.0,"Lentils, dry"
Uttar Pradesh,Balrampur,Lentil,Total,0.41,0.4,983.0,"Lentils, dry"
Uttar Pradesh,Banda,Rice,Kharif,1.21,2.96,2438.0,Rice
Uttar Pradesh,Banda,Rice,Total,1.21,2.96,2438.0,Rice
Uttar Pradesh,Banda,Wheat,Rabi,1.82,5.06,2790.0,Wheat
Uttar Pradesh,Banda,Wheat,Total,1.82,5.06,2790.0,Wheat
Uttar Pradesh,Banda,Maize,Kharif,0.0,0.0,2191.0,Maize (corn)
Uttar Pradesh,Banda,Maize,Summer,0.0,0.01,3483.0,Maize (corn)
Uttar Pradesh,Banda,Maize,Total,0.0,0.01,3403.0,Maize (corn)
Uttar Pradesh,Banda,Gram,Rabi,1.07,1.35,1269.0,"Chick peas, dry"
Uttar Pradesh,Banda,Gram,Total,1.07,1.35,1269.0,"Chick peas, dry"
Uttar Pradesh,Banda,Lentil,Rabi,0.45,0.38,849.0,"Lentils, dry"
Uttar Pradesh,Banda,Lentil,Total,0.45,0.38,849.0,"Lentils, dry"
Uttar Pradesh,Bara Banki,Rice,Kharif,2.08,5.97,2872.0,Rice
Uttar Pradesh,Bara Banki,Rice,Total,2.08,5.97,2872.0,Rice
Uttar Pradesh,Bara Banki,Wheat,Rabi,1.52,6.31,4141.0,Wheat
Uttar Pradesh,Bara Banki,Wheat,Total,1.52,6.31,4141.0,Wheat
Uttar Pradesh,Bara Banki,Maize,Kharif,0.02,0.03,1330.0,Maize (corn)
Uttar Pradesh,Bara Banki,Maize,Rabi,0.0,0.0,2889.0,Maize (corn)
Uttar Pradesh,Bara Banki,Maize,Summer,0.02,0.08,3483.0,Maize (corn)
Uttar Pradesh,Bara Banki,Maize,Total,0.05,0.11,2433.0,Maize (corn)
Uttar Pradesh,Bara Banki,Gram,Rabi,0.0,0.01,1347.0,"Chick peas, dry"
Uttar Pradesh,Bara Banki,Gram,Total,0.0,0.01,1347.0,"Chick peas, dry"
Uttar Pradesh,Bara Banki,Lentil,Rabi,0.17,0.17,995.0,"Lentils, dry"
Uttar Pradesh,Bara Banki,Lentil,Total,0.17,0.17,995.0,"Lentils, dry"
Uttar Pradesh,Bareilly,Rice,Kharif,1.57,4.45,2825.0,Rice
Uttar Pradesh,Bareilly,Rice,Summer,0.0,0.01,3068.0,Rice
Uttar Pradesh,Bareilly,Rice,Total,1.58,4.46,2825.0,Rice
Uttar Pradesh,Bareilly,Wheat,Rabi,1.67,6.74,4031.0,Wheat
Uttar Pradesh,Bareilly,Wheat,Total,1.67,6.74,4031.0,Wheat
Uttar Pradesh,Bareilly,Maize,Kharif,0.0,0.0,2606.0,Maize (corn)
Uttar Pradesh,Bareilly,Maize,Rabi,0.0,0.0,2889.0,Maize (corn)
Uttar Pradesh,Bareilly,Maize,Summer,0.08,0.27,3483.0,Maize (corn)
Uttar Pradesh,Bareilly,Maize,Total,0.08,0.27,3474.0,Maize (corn)
Uttar Pradesh,Bareilly,Gram,Rabi,0.0,0.0,1347.0,"Chick peas, dry"
Uttar Pradesh,Bareilly,Gram,Total,0.0,0.0,1347.0,"Chick peas, dry"
Uttar Pradesh,Bareilly,Lentil,Rabi,0.07,0.07,1102.0,"Lentils, dry"
Uttar Pradesh,Bareilly,Lentil,Total,0.07,0.07,1102.0,"Lentils, dry"
Uttar Pradesh,Basti,Rice,Kharif,1.39,3.71,2661.0,Rice
Uttar Pradesh,Basti,Rice,Total,1.39,3.71,2661.0,Rice
Uttar Pradesh,Basti,Wheat,Rabi,1.28,4.46,3476.0,Wheat
Uttar Pradesh,Basti,Wheat,Total,1.28,4.46,3476.0,Wheat
Uttar Pradesh,Basti,Maize,Kharif,0.01,0.02,2191.0,Maize (corn)
Uttar Pradesh,Basti,Maize,Rabi,0.0,0.0,2889.0,Maize (corn)
Uttar Pradesh,Basti,Maize,Summer,0.01,0.05,3483.0,Maize (corn)
Uttar Pradesh,Basti,Maize,Total,0.02,0.06,2998.0,Maize (corn)
Uttar Pradesh,Basti,Gram,Rabi,0.0,0.0,1347.0,"Chick peas, dry"
Uttar Pradesh,Basti,Gram,Total,0.0,0.0,1347.0,"Chick peas, dry"
Uttar Pradesh,Basti,Lentil,Rabi,0.03,0.03,1035.0,"Lentils, dry"
Uttar Pradesh,Basti,Lentil,Total,0.03,0.03,1035.0,"Lentils, dry"
Uttar Pradesh,Bhadohi,Rice,Kharif,0.6,1.9,3179.0,Rice
Uttar Pradesh,Bhadohi,Rice,Total,0.6,1.9,3179.0,Rice
Uttar Pradesh,Bhadohi,Wheat,Rabi,0.48,1.66,3471.0,Wheat
Uttar Pradesh,Bhadohi,Wheat,Total,0.48,1.66,3471.0,Wheat
Uttar Pradesh,Bhadohi,Maize,Kharif,0.0,0.0,1318.0,Maize (corn)
Uttar Pradesh,Bhadohi,Maize,Summer,0.0,0.01,3483.0,Maize (corn)
Uttar Pradesh,Bhadohi,Maize,Total,0.0,0.01,3161.0,Maize (corn)
Uttar Pradesh,Bhadohi,Gram,Rabi,0.0,0.0,1107.0,"Chick peas, dry"
Uttar Pradesh,Bhadohi,Gram,Total,0.0,0.0,1107.0,"Chick peas, dry"
Uttar Pradesh,Bhadohi,Lentil,Rabi,0.0,0.0,790.0,"Lentils, dry"
Uttar Pradesh,Bhadohi,Lentil,Total,0.0,0.0,790.0,"Lentils, dry"
Uttar Pradesh,Bijnor,Rice,Kharif,0.29,0.76,2606.0,Rice
Uttar Pradesh,Bijnor,Rice,Total,0.29,0.76,2606.0,Rice
Uttar Pradesh,Bijnor,Wheat,Rabi,1.28,4.61,3596.0,Wheat
Uttar Pradesh,Bijnor,Wheat,Total,1.28,4.61,3596.0,Wheat
Uttar Pradesh,Bijnor,Maize,Kharif,0.0,0.0,2191.0,Maize (corn)
Uttar Pradesh,Bijnor,Maize,Rabi,0.0,0.0,2889.0,Maize (corn)
Uttar Pradesh,Bijnor,Maize,Summer,0.0,0.01,3663.0,Maize (corn)
Uttar Pradesh,Bijnor,Maize,Total,0.0,0.02,3523.0,Maize (corn)
Uttar Pradesh,Bijnor,Gram,Rabi,0.0,0.0,1347.0,"Chick peas, dry"
Uttar Pradesh,Bijnor,Gram,Total,0.0,0.0,1347.0,"Chick peas, dry"
Uttar Pradesh,Bijnor,Lentil,Rabi,0.01,0.01,1035.0,"Lentils, dry"
Uttar Pradesh,Bijnor,Lentil,Total,0.01,0.01,1035.0,"Lentils, dry"
Uttar Pradesh,Budaun,Rice,Kharif,1.68,4.41,2620.0,Rice
Uttar Pradesh,Budaun,Rice,Summer,0.0,0.0,3068.0,Rice
Uttar Pradesh,Budaun,Rice,Total,1.69,4.41,2620.0,Rice
Uttar Pradesh,Budaun,Wheat,Rabi,1.91,7.73,4044.0,Wheat
Uttar Pradesh,Budaun,Wheat,Total,1.91,7.73,4044.0,Wheat
Uttar Pradesh,Budaun,Maize,Kharif,0.04,0.11,2673.0,Maize (corn)
Uttar Pradesh,Budaun,Maize,Summer,0.21,0.75,3483.0,Maize (corn)
Uttar Pradesh,Budaun,Maize,Total,0.25,0.85,3353.0,Maize (corn)
Uttar Pradesh,Budaun,Gram,Rabi,0.0,0.0,1347.0,"Chick peas, dry"
Uttar Pradesh,Budaun,Gram,Total,0.0,0.0,1347.0,"Chick peas, dry"
Uttar Pradesh,Budaun,Lentil,Rabi,0.05,0.05,1008.0,"Lentils, dry"
Uttar Pradesh,Budaun,Lentil,Total,0.05,0.05,1008.0,"Lentils, dry"
Uttar Pradesh,Bulandshahr,Rice,Kharif,1.4,3.79,2699.0,Rice
Uttar Pradesh,Bulandshahr,Rice,Summer,0.02,0.08,3068.0,Rice
Uttar Pradesh,Bulandshahr,Rice,Total,1.43,3.86,2706.0,Rice
Uttar Pradesh,Bulandshahr,Wheat,Rabi,1.78,7.04,3954.0,Wheat
Uttar Pradesh,Bulandshahr,Wheat,Total,1.78,7.04,3954.0,Wheat
Uttar Pradesh,Bulandshahr,Maize,Kharif,0.21,0.47,2250.0,Maize (corn)
Uttar Pradesh,Bulandshahr,Maize,Rabi,0.02,0.05,2889.0,Maize (corn)
Uttar Pradesh,Bulandshahr,Maize,Summer,0.22,0.78,3483.0,Maize (corn)
Uttar Pradesh,Bulandshahr,Maize,Total,0.45,1.3,2888.0,Maize (corn)
Uttar Pradesh,Bulandshahr,Gram,Rabi,0.0,0.0,1347.0,"Chick peas, dry"
Uttar Pradesh,Bulandshahr,Gram,Total,0.0,0.0,1347.0,"Chick peas, dry"
Uttar Pradesh,Bulandshahr,Lentil,Rabi,0.02,0.02,1035.0,"Lentils, dry"
Uttar Pradesh,Bulandshahr,Lentil,Total,0.02,0.02,1035.0,"Lentils, dry"
Uttar Pradesh,Chandauli,Rice,Kharif,1.21,4.17,3434.0,Rice
Uttar Pradesh,Chandauli,Rice,Total,1.21,4.17,3434.0,Rice
Uttar Pradesh,Chandauli,Wheat,Rabi,1.06,3.84,3615.0,Wheat
Uttar Pradesh,Chandauli,Wheat,Total,1.06,3.84,3615.0,Wheat
Uttar Pradesh,Chandauli,Maize,Kharif,0.0,0.0,2070.0,Maize (corn)
Uttar Pradesh,Chandauli,Maize,Summer,0.0,0.01,3483.0,Maize (corn)
Uttar Pradesh,Chandauli,Maize,Total,0.0,0.01,3458.0,Maize (corn)
Uttar Pradesh,Chandauli,Gram,Rabi,0.03,0.04,1488.0,"Chick peas, dry"
Uttar Pradesh,Chandauli,Gram,Total,0.03,0.04,1488.0,"Chick peas, dry"
Uttar Pradesh,Chandauli,Lentil,Rabi,0.02,0.03,1603.0,"Lentils, dry"
Uttar Pradesh,Chandauli,Lentil,Total,0.02,0.03,1603.0,"Lentils, dry"
Uttar Pradesh,Chitrakoot,Rice,Kharif,0.36,0.83,2282.0,Rice
Uttar Pradesh,Chitrakoot,Rice,Total,0.36,0.83,2282.0,Rice
Uttar Pradesh,Chitrakoot,Wheat,Rabi,0.61,1.75,2860.0,Wheat
Uttar Pradesh,Chitrakoot,Wheat,Total,0.61,1.75,2860.0,Wheat
Uttar Pradesh,Chitrakoot,Maize,Kharif,0.0,0.0,2191.0,Maize (corn)
Uttar Pradesh,Chitrakoot,Maize,Summer,0.03,0.09,3483.0,Maize (corn)
Uttar Pradesh,Chitrakoot,Maize,Total,0.03,0.09,3479.0,Maize (corn)
Uttar Pradesh,Chitrakoot,Gram,Rabi,0.19,0.25,1360.0,"Chick peas, dry"
Uttar Pradesh,Chitrakoot,Gram,Total,0.19,0.25,1360.0,"Chick peas, dry"
Uttar Pradesh,Chitrakoot,Lentil,Rabi,0.05,0.04,860.0,"Lentils, dry"
Uttar Pradesh,Chitrakoot,Lentil,Total,0.05,0.04,860.0,"Lentils, dry"
Uttar Pradesh,Deoria,Rice,Kharif,1.4,3.67,2628.0,Rice
Uttar Pradesh,Deoria,Rice,Total,1.4,3.67,2628.0,Rice
Uttar Pradesh,Deoria,Wheat,Rabi,1.44,5.16,3568.0,Wheat
Uttar Pradesh,Deoria,Wheat,Total,1.44,5.16,3568.0,Wheat
Uttar Pradesh,Deoria,Maize,Kharif,0.04,0.09,2466.0,Maize (corn)
Uttar Pradesh,Deoria,Maize,Rabi,0.01,0.02,2834.0,Maize (corn)
Uttar Pradesh,Deoria,Maize,Summer,0.01,0.03,3483.0,Maize (corn)
Uttar Pradesh,Deoria,Maize,Total,0.05,0.13,2666.0,Maize (corn)
Uttar Pradesh,Deoria,Gram,Rabi,0.0,0.0,1347.0,"Chick peas, dry"
Uttar Pradesh,Deoria,Gram,Total,0.0,0.0,1347.0,"Chick peas, dry"
Uttar Pradesh,Deoria,Lentil,Rabi,0.01,0.01,1465.0,"Lentils, dry"
Uttar Pradesh,Deoria,Lentil,Total,0.01,0.01,1465.0,"Lentils, dry"
Uttar Pradesh,Etah,Rice,Kharif,0.88,2.29,2584.0,Rice
Uttar Pradesh,Etah,Rice,Total,0.88,2.29,2584.0,Rice
Uttar Pradesh,Etah,Wheat,Rabi,1.15,4.15,3625.0,Wheat
Uttar Pradesh,Etah,Wheat,Total,1.15,4.15,3625.0,Wheat
Uttar Pradesh,Etah,Maize,Kharif,0.12,0.41,3335.0,Maize (corn)
Uttar Pradesh,Etah,Maize,Rabi,0.01,0.02,2889.0,Maize (corn)
Uttar Pradesh,Etah,Maize,Summer,0.12,0.45,3810.0,Maize (corn)
Uttar Pradesh,Etah,Maize,Total,0.25,0.88,3552.0,Maize (corn)
Uttar Pradesh,Etah,Gram,Rabi,0.0,0.0,1347.0,"Chick peas, dry"
Uttar Pradesh,Etah,Gram,Total,0.0,0.0,1347.0,"Chick peas, dry"
Uttar Pradesh,Etah,Lentil,Rabi,0.0,0.0,956.0,"Lentils, dry"
Uttar Pradesh,Etah,Lentil,Total,0.0,0.0,956.0,"Lentils, dry"
Uttar Pradesh,Etawah,Rice,Kharif,0.73,2.32,3166.0,Rice
Uttar Pradesh,Etawah,Rice,Total,0.73,2.32,3166.0,Rice
Uttar Pradesh,Etawah,Wheat,Rabi,0.91,3.73,4083.0,Wheat
Uttar Pradesh,Etawah,Wheat,Total,0.91,3.73,4083.0,Wheat
Uttar Pradesh,Etawah,Maize,Kharif,0.01,0.03,3114.0,Maize (corn)
Uttar Pradesh,Etawah,Maize,Summer,0.12,0.43,3483.0,Maize (corn)
Uttar Pradesh,Etawah,Maize,Total,0.14,0.47,3454.0,Maize (corn)
Uttar Pradesh,Etawah,Gram,Rabi,0.01,0.01,1395.0,"Chick peas, dry"
Uttar Pradesh,Etawah,Gram,Total,0.01,0.01,1395.0,"Chick peas, dry"
Uttar Pradesh,Etawah,Lentil,Rabi,0.0,0.0,956.0,"Lentils, dry"
Uttar Pradesh,Etawah,Lentil,Total,0.0,0.0,956.0,"Lentils, dry"
Uttar Pradesh,Farrukhabad,Rice,Kharif,0.5,1.67,3329.0,Rice
Uttar Pradesh,Farrukhabad,Rice,Summer,0.52,1.61,3068.0,Rice
Uttar Pradesh,Farrukhabad,Rice,Total,1.02,3.27,3196.0,Rice
Uttar Pradesh,Farrukhabad,Wheat,Rabi,0.68,3.15,4617.0,Wheat
Uttar Pradesh,Farrukhabad,Wheat,Total,0.68,3.15,4617.0,Wheat
Uttar Pradesh,Farrukhabad,Maize,Kharif,0.16,0.37,2354.0,Maize (corn)
Uttar Pradesh,Farrukhabad,Maize,Summer,0.37,1.3,3483.0,Maize (corn)
Uttar Pradesh,Farrukhabad,Maize,Total,0.53,1.67,3148.0,Maize (corn)
Uttar Pradesh,Farrukhabad,Gram,Rabi,0.0,0.0,1395.0,"Chick peas, dry"
Uttar Pradesh,Farrukhabad,Gram,Total,0.0,0.0,1395.0,"Chick peas, dry"
Uttar Pradesh,Farrukhabad,Lentil,Rabi,0.03,0.02,956.0,"Lentils, dry"
Uttar Pradesh,Farrukhabad,Lentil,Total,0.03,0.02,956.0,"Lentils, dry"
Uttar Pradesh,Fatehpur,Rice,Kharif,1.81,4.79,2653.0,Rice
Uttar Pradesh,Fatehpur,Rice,Total,1.81,4.79,2653.0,Rice
Uttar Pradesh,Fatehpur,Wheat,Rabi,1.71,5.75,3359.0,Wheat
Uttar Pradesh,Fatehpur,Wheat,Total,1.71,5.75,3359.0,Wheat
Uttar Pradesh,Fatehpur,Maize,Kharif,0.0,0.01,2191.0,Maize (corn)
Uttar Pradesh,Fatehpur,Maize,Rabi,0.0,0.0,2889.0,Maize (corn)
Uttar Pradesh,Fatehpur,Maize,Summer,0.02,0.06,3483.0,Maize (corn)
Uttar Pradesh,Fatehpur,Maize,Total,0.02,0.07,3270.0,Maize (corn)
Uttar Pradesh,Fatehpur,Gram,Rabi,0.2,0.28,1392.0,"Chick peas, dry"
Uttar Pradesh,Fatehpur,Gram,Total,0.2,0.28,1392.0,"Chick peas, dry"
Uttar Pradesh,Fatehpur,Lentil,Rabi,0.01,0.01,990.0,"Lentils, dry"
Uttar Pradesh,Fatehpur,Lentil,Total,0.01,0.01,990.0,"Lentils, dry"
Uttar Pradesh,Firozabad,Rice,Kharif,0.49,1.65,3366.0,Rice
Uttar Pradesh,Firozabad,Rice,Total,0.49,1.65,3366.0,Rice
Uttar Pradesh,Firozabad,Wheat,Rabi,0.93,3.51,3766.0,Wheat
Uttar Pradesh,Firozabad,Wheat,Total,0.93,3.51,3766.0,Wheat
Uttar Pradesh,Firozabad,Maize,Kharif,0.03,0.09,3248.0,Maize (corn)
Uttar Pradesh,Firozabad,Maize,Summer,0.02,0.08,3483.0,Maize (corn)
Uttar Pradesh,Firozabad,Maize,Total,0.05,0.17,3361.0,Maize (corn)
Uttar Pradesh,Firozabad,Gram,Rabi,0.0,0.0,1834.0,"Chick peas, dry"
Uttar Pradesh,Firozabad,Gram,Total,0.0,0.0,1834.0,"Chick peas, dry"
Uttar Pradesh,Firozabad,Lentil,Rabi,0.0,0.0,1035.0,"Lentils, dry"
Uttar Pradesh,Firozabad,Lentil,Total,0.0,0.0,1035.0,"Lentils, dry"
Uttar Pradesh,Gautam Buddha Nagar,Rice,Kharif,0.28,0.78,2803.0,Rice
Uttar Pradesh,Gautam Buddha Nagar,Rice,Summer,0.0,0.0,3068.0,Rice
Uttar Pradesh,Gautam Buddha Nagar,Rice,Total,0.28,0.78,2803.0,Rice
Uttar Pradesh,Gautam Buddha Nagar,Wheat,Rabi,0.51,2.01,3962.0,Wheat
Uttar Pradesh,Gautam Buddha Nagar,Wheat,Total,0.51,2.01,3962.0,Wheat
Uttar Pradesh,Gautam Buddha Nagar,Maize,Kharif,0.0,0.01,2250.0,Maize (corn)
Uttar Pradesh,Gautam Buddha Nagar,Maize,Summer,0.0,0.02,3483.0,Maize (corn)
Uttar Pradesh,Gautam Buddha Nagar,Maize,Total,0.01,0.03,2908.0,Maize (corn)
Uttar Pradesh,Gautam Buddha Nagar,Gram,Rabi,0.0,0.0,1347.0,"Chick peas, dry"
Uttar Pradesh,Gautam Buddha Nagar,Gram,Total,0.0,0.0,1347.0,"Chick peas, dry"
Uttar Pradesh,Gautam Buddha Nagar,Lentil,Rabi,0.0,0.0,1035.0,"Lentils, dry"
Uttar Pradesh,Gautam Buddha Nagar,Lentil,Total,0.0,0.0,1035.0,"Lentils, dry"
Uttar Pradesh,Ghaziabad,Rice,Kharif,0.05,0.14,2661.0,Rice
Uttar Pradesh,Ghaziabad,Rice,Total,0.05,0.14,2661.0,Rice
Uttar Pradesh,Ghaziabad,Wheat,Rabi,0.27,1.02,3773.0,Wheat
Uttar Pradesh,Ghaziabad,Wheat,Total,0.27,1.02,3773.0,Wheat
Uttar Pradesh,Ghaziabad,Maize,Kharif,0.0,0.0,2250.0,Maize (corn)
Uttar Pradesh,Ghaziabad,Maize,Rabi,0.0,0.0,2889.0,Maize (corn)
Uttar Pradesh,Ghaziabad,Maize,Summer,0.0,0.02,3483.0,Maize (corn)
Uttar Pradesh,Ghaziabad,Maize,Total,0.0,0.02,3459.0,Maize (corn)
Uttar Pradesh,Ghaziabad,Gram,Rabi,0.0,0.0,1347.0,"Chick peas, dry"
Uttar Pradesh,Ghaziabad,Gram,Total,0.0,0.0,1347.0,"Chick peas, dry"
Uttar Pradesh,Ghaziabad,Lentil,Rabi,0.0,0.0,1035.0,"Lentils, dry"
Uttar Pradesh,Ghaziabad,Lentil,Total,0.0,0.0,1035.0,"Lentils, dry"
Uttar Pradesh,Ghazipur,Rice,Kharif,1.8,5.35,2970.0,Rice
Uttar Pradesh,Ghazipur,Rice,Total,1.8,5.35,2970.0,Rice
Uttar Pradesh,Ghazipur,Wheat,Rabi,1.71,6.5,3806.0,Wheat
Uttar Pradesh,Ghazipur,Wheat,Total,1.71,6.5,3806.0,Wheat
Uttar Pradesh,Ghazipur,Maize,Kharif,0.0,0.0,2070.0,Maize (corn)
Uttar Pradesh,Ghazipur,Maize,Rabi,0.0,0.0,2889.0,Maize (corn)
Uttar Pradesh,Ghazipur,Maize,Summer,0.01,0.03,3483.0,Maize (corn)
Uttar Pradesh,Ghazipur,Maize,Total,0.01,0.03,3414.0,Maize (corn)
Uttar Pradesh,Ghazipur,Gram,Rabi,0.13,0.19,1488.0,"Chick peas, dry"
Uttar Pradesh,Ghazipur,Gram,Total,0.13,0.19,1488.0,"Chick peas, dry"
Uttar Pradesh,Ghazipur,Lentil,Rabi,0.13,0.21,1603.0,"Lentils, dry"
Uttar Pradesh,Ghazipur,Lentil,Total,0.13,0.21,1603.0,"Lentils, dry"
Uttar Pradesh,Gonda,Rice,Kharif,1.37,3.54,2590.0,Rice
Uttar Pradesh,Gonda,Rice,Total,1.37,3.54,2590.0,Rice
Uttar Pradesh,Gonda,Wheat,Rabi,1.42,5.25,3688.0,Wheat
Uttar Pradesh,Gonda,Wheat,Total,1.42,5.25,3688.0,Wheat
Uttar Pradesh,Gonda,Maize,Kharif,0.16,0.21,1338.0,Maize (corn)
Uttar Pradesh,Gonda,Maize,Rabi,0.02,0.05,2886.0,Maize (corn)
Uttar Pradesh,Gonda,Maize,Summer,0.03,0.07,2143.0,Maize (corn)
Uttar Pradesh,Gonda,Maize,Total,0.21,0.33,1593.0,Maize (corn)
Uttar Pradesh,Gonda,Gram,Rabi,0.0,0.01,1347.0,"Chick peas, dry"
Uttar Pradesh,Gonda,Gram,Total,0.0,0.01,1347.0,"Chick peas, dry"
Uttar Pradesh,Gonda,Lentil,Rabi,0.15,0.16,1074.0,"Lentils, dry"
Uttar Pradesh,Gonda,Lentil,Total,0.15,0.16,1074.0,"Lentils, dry"
Uttar Pradesh,Gorakhpur,Rice,Kharif,1.54,4.42,2877.0,Rice
Uttar Pradesh,Gorakhpur,Rice,Total,1.54,4.42,2877.0,Rice
Uttar Pradesh,Gorakhpur,Wheat,Rabi,1.73,6.93,4002.0,Wheat
Uttar Pradesh,Gorakhpur,Wheat,Total,1.73,6.93,4002.0,Wheat
Uttar Pradesh,Gorakhpur,Maize,Kharif,0.02,0.04,2466.0,Maize (corn)
Uttar Pradesh,Gorakhpur,Maize,Rabi,0.0,0.0,2788.0,Maize (corn)
Uttar Pradesh,Gorakhpur,Maize,Summer,0.02,0.05,3483.0,Maize (corn)
Uttar Pradesh,Gorakhpur,Maize,Total,0.03,0.09,2960.0,Maize (corn)
Uttar Pradesh,Gorakhpur,Gram,Rabi,0.0,0.0,1347.0,"Chick peas, dry"
Uttar Pradesh,Gorakhpur,Gram,Total,0.0,0.0,1347.0,"Chick peas, dry"
Uttar Pradesh,Gorakhpur,Lentil,Rabi,0.02,0.03,1465.0,"Lentils, dry"
Uttar Pradesh,Gorakhpur,Lentil,Total,0.02,0.03,1465.0,"Lentils, dry"
Uttar Pradesh,Hamirpur,Rice,Kharif,0.2,0.41,2100.0,Rice
Uttar Pradesh,Hamirpur,Rice,Total,0.2,0.41,2100.0,Rice
Uttar Pradesh,Hamirpur,Wheat,Rabi,1.36,4.51,3312.0,Wheat
Uttar Pradesh,Hamirpur,Wheat,Total,1.36,4.51,3312.0,Wheat
Uttar Pradesh,Hamirpur,Maize,Kharif,0.0,0.0,2191.0,Maize (corn)
Uttar Pradesh,Hamirpur,Maize,Rabi,0.0,0.0,2889.0,Maize (corn)
Uttar Pradesh,Hamirpur,Maize,Summer,0.01,0.03,3483.0,Maize (corn)
Uttar Pradesh,Hamirpur,Maize,Total,0.01,0.03,3455.0,Maize (corn)
Uttar Pradesh,Hamirpur,Gram,Rabi,0.52,0.58,1117.0,"Chick peas, dry"
Uttar Pradesh,Hamirpur,Gram,Total,0.52,0.58,1117.0,"Chick peas, dry"
Uttar Pradesh,Hamirpur,Lentil,Rabi,0.31,0.28,902.0,"Lentils, dry"
Uttar Pradesh,Hamirpur,Lentil,Total,0.31,0.28,902.0,"Lentils, dry"
Uttar Pradesh,Hapur,Rice,Kharif,0.15,0.38,2468.0,Rice
Uttar Pradesh,Hapur,Rice,Summer,0.0,0.0,3068.0,Rice
Uttar Pradesh,Hapur,Rice,Total,0.15,0.38,2470.0,Rice
Uttar Pradesh,Hapur,Wheat,Rabi,0.41,1.56,3840.0,Wheat
Uttar Pradesh,Hapur,Wheat,Total,0.41,1.56,3840.0,Wheat
Uttar Pradesh,Hapur,Maize,Kharif,0.0,0.0,1975.0,Maize (corn)
Uttar Pradesh,Hapur,Maize,Rabi,0.0,0.0,2889.0,Maize (corn)
Uttar Pradesh,Hapur,Maize,Summer,0.0,0.0,3483.0,Maize (corn)
Uttar Pradesh,Hapur,Maize,Total,0.0,0.0,3092.0,Maize (corn)
Uttar Pradesh,Hapur,Gram,Rabi,0.0,0.0,1347.0,"Chick peas, dry"
Uttar Pradesh,Hapur,Gram,Total,0.0,0.0,1347.0,"Chick peas, dry"
Uttar Pradesh,Hapur,Lentil,Rabi,0.0,0.0,1035.0,"Lentils, dry"
Uttar Pradesh,Hapur,Lentil,Total,0.0,0.0,1035.0,"Lentils, dry"
Uttar Pradesh,Hardoi,Rice,Kharif,1.41,3.95,2793.0,Rice
Uttar Pradesh,Hardoi,Rice,Summer,0.4,1.06,2663.0,Rice
Uttar Pradesh,Hardoi,Rice,Total,1.81,5.01,2765.0,Rice
Uttar Pradesh,Hardoi,Wheat,Rabi,3.07,11.37,3699.0,Wheat
Uttar Pradesh,Hardoi,Wheat,Total,3.07,11.37,3699.0,Wheat
Uttar Pradesh,Hardoi,Maize,Kharif,0.15,0.27,1767.0,Maize (corn)
Uttar Pradesh,Hardoi,Maize,Rabi,0.01,0.03,2889.0,Maize (corn)
Uttar Pradesh,Hardoi,Maize,Summer,0.05,0.19,3818.0,Maize (corn)
Uttar Pradesh,Hardoi,Maize,Total,0.21,0.49,2291.0,Maize (corn)
Uttar Pradesh,Hardoi,Gram,Rabi,0.01,0.01,962.0,"Chick peas, dry"
Uttar Pradesh,Hardoi,Gram,Total,0.01,0.01,962.0,"Chick peas, dry"
Uttar Pradesh,Hardoi,Lentil,Rabi,0.12,0.14,1108.0,"Lentils, dry"
Uttar Pradesh,Hardoi,Lentil,Total,0.12,0.14,1108.0,"Lentils, dry"
Uttar Pradesh,Hathras,Rice,Kharif,0.62,1.61,2604.0,Rice
Uttar Pradesh,Hathras,Rice,Total,0.62,1.61,2604.0,Rice
Uttar Pradesh,Hathras,Wheat,Rabi,0.68,2.69,3958.0,Wheat
Uttar Pradesh,Hathras,Wheat,Total,0.68,2.69,3958.0,Wheat
Uttar Pradesh,Hathras,Maize,Kharif,0.02,0.04,2368.0,Maize (corn)
Uttar Pradesh,Hathras,Maize,Rabi,0.0,0.01,2889.0,Maize (corn)
Uttar Pradesh,Hathras,Maize,Summer,0.08,0.3,3655.0,Maize (corn)
Uttar Pradesh,Hathras,Maize,Total,0.1,0.35,3426.0,Maize (corn)
Uttar Pradesh,Hathras,Gram,Rabi,0.0,0.0,1347.0,"Chick peas, dry"
Uttar Pradesh,Hathras,Gram,Total,0.0,0.0,1347.0,"Chick peas, dry"
Uttar Pradesh,Hathras,Lentil,Rabi,0.0,0.0,956.0,"Lentils, dry"
Uttar Pradesh,Hathras,Lentil,Total,0.0,0.0,956.0,"Lentils, dry"
Uttar Pradesh,Jalaun,Rice,Kharif,0.52,1.17,2261.0,Rice
Uttar Pradesh,Jalaun,Rice,Total,0.52,1.17,2261.0,Rice
Uttar Pradesh,Jalaun,Wheat,Rabi,1.59,6.04,3790.0,Wheat
Uttar Pradesh,Jalaun,Wheat,Total,1.59,6.04,3790.0,Wheat
Uttar Pradesh,Jalaun,Maize,Kharif,0.0,0.0,794.0,Maize (corn)
Uttar Pradesh,Jalaun,Maize,Summer,0.02,0.05,3483.0,Maize (corn)
Uttar Pradesh,Jalaun,Maize,Total,0.02,0.05,3449.0,Maize (corn)
Uttar Pradesh,Jalaun,Gram,Rabi,0.29,0.42,1478.0,"Chick peas, dry"
Uttar Pradesh,Jalaun,Gram,Total,0.29,0.42,1478.0,"Chick peas, dry"
Uttar Pradesh,Jalaun,Lentil,Rabi,0.43,0.61,1426.0,"Lentils, dry"
Uttar Pradesh,Jalaun,Lentil,Total,0.43,0.61,1426.0,"Lentils, dry"
Uttar Pradesh,Jaunpur,Rice,Kharif,1.69,4.69,2775.0,Rice
Uttar Pradesh,Jaunpur,Rice,Total,1.69,4.69,2775.0,Rice
Uttar Pradesh,Jaunpur,Wheat,Rabi,2.02,7.92,3922.0,Wheat
Uttar Pradesh,Jaunpur,Wheat,Total,2.02,7.92,3922.0,Wheat
Uttar Pradesh,Jaunpur,Maize,Kharif,0.18,0.36,2070.0,Maize (corn)
Uttar Pradesh,Jaunpur,Maize,Rabi,0.0,0.01,2889.0,Maize (corn)
Uttar Pradesh,Jaunpur,Maize,Summer,0.03,0.12,3483.0,Maize (corn)
Uttar Pradesh,Jaunpur,Maize,Total,0.21,0.49,2308.0,Maize (corn)
Uttar Pradesh,Jaunpur,Gram,Rabi,0.02,0.03,1570.0,"Chick peas, dry"
Uttar Pradesh,Jaunpur,Gram,Total,0.02,0.03,1570.0,"Chick peas, dry"
Uttar Pradesh,Jaunpur,Lentil,Rabi,0.0,0.0,1603.0,"Lentils, dry"
Uttar Pradesh,Jaunpur,Lentil,Total,0.0,0.0,1603.0,"Lentils, dry"
Uttar Pradesh,Jhansi,Rice,Kharif,0.63,1.38,2197.0,Rice
Uttar Pradesh,Jhansi,Rice,Total,0.63,1.38,2197.0,Rice
Uttar Pradesh,Jhansi,Wheat,Rabi,1.69,5.74,3393.0,Wheat
Uttar Pradesh,Jhansi,Wheat,Total,1.69,5.74,3393.0,Wheat
Uttar Pradesh,Jhansi,Maize,Kharif,0.02,0.01,630.0,Maize (corn)
Uttar Pradesh,Jhansi,Maize,Summer,0.0,0.02,3483.0,Maize (corn)
Uttar Pradesh,Jhansi,Maize,Total,0.02,0.03,1160.0,Maize (corn)
Uttar Pradesh,Jhansi,Gram,Rabi,1.36,2.03,1496.0,"Chick peas, dry"
Uttar Pradesh,Jhansi,Gram,Total,1.36,2.03,1496.0,"Chick peas, dry"
Uttar Pradesh,Jhansi,Lentil,Rabi,0.36,0.46,1273.0,"Lentils, dry"
Uttar Pradesh,Jhansi,Lentil,Total,0.36,0.46,1273.0,"Lentils, dry"
Uttar Pradesh,Kannauj,Rice,Kharif,0.43,1.43,3348.0,Rice
Uttar Pradesh,Kannauj,Rice,Total,0.43,1.43,3348.0,Rice
Uttar Pradesh,Kannauj,Wheat,Rabi,0.6,2.75,4548.0,Wheat
Uttar Pradesh,Kannauj,Wheat,Total,0.6,2.75,4548.0,Wheat
Uttar Pradesh,Kannauj,Maize,Kharif,0.22,0.61,2818.0,Maize (corn)
Uttar Pradesh,Kannauj,Maize,Summer,0.36,1.25,3483.0,Maize (corn)
Uttar Pradesh,Kannauj,Maize,Total,0.58,1.86,3232.0,Maize (corn)
Uttar Pradesh,Kannauj,Gram,Rabi,0.0,0.0,1395.0,"Chick peas, dry"
Uttar Pradesh,Kannauj,Gram,Total,0.0,0.0,1395.0,"Chick peas, dry"
Uttar Pradesh,Kannauj,Lentil,Rabi,0.0,0.0,956.0,"Lentils, dry"
Uttar Pradesh,Kannauj,Lentil,Total,0.0,0.0,956.0,"Lentils, dry"
Uttar Pradesh,Kanpur Dehat,Rice,Kharif,0.73,2.22,3061.0,Rice
Uttar Pradesh,Kanpur Dehat,Rice,Total,0.73,2.22,3061.0,Rice
Uttar Pradesh,Kanpur Dehat,Wheat,Rabi,1.38,6.11,4438.0,Wheat
Uttar Pradesh,Kanpur Dehat,Wheat,Total,1.38,6.11,4438.0,Wheat
Uttar Pradesh,Kanpur Dehat,Maize,Kharif,0.07,0.17,2295.0,Maize (corn)
Uttar Pradesh,Kanpur Dehat,Maize,Summer,0.05,0.17,3483.0,Maize (corn)
Uttar Pradesh,Kanpur Dehat,Maize,Total,0.12,0.34,2759.0,Maize (corn)
Uttar Pradesh,Kanpur Dehat,Gram,Rabi,0.03,0.04,1400.0,"Chick peas, dry"
Uttar Pradesh,Kanpur Dehat,Gram,Total,0.03,0.04,1400.0,"Chick peas, dry"
Uttar Pradesh,Kanpur Dehat,Lentil,Rabi,0.01,0.0,956.0,"Lentils, dry"
Uttar Pradesh,Kanpur Dehat,Lentil,Total,0.01,0.0,956.0,"Lentils, dry"
Uttar Pradesh,Kanpur Nagar,Rice,Kharif,0.52,1.59,3061.0,Rice
Uttar Pradesh,Kanpur Nagar,Rice,Total,0.52,1.59,3061.0,Rice
Uttar Pradesh,Kanpur Nagar,Wheat,Rabi,1.07,4.5,4225.0,Wheat
Uttar Pradesh,Kanpur Nagar,Wheat,Total,1.07,4.5,4225.0,Wheat
Uttar Pradesh,Kanpur Nagar,Maize,Kharif,0.11,0.35,3230.0,Maize (corn)
Uttar Pradesh,Kanpur Nagar,Maize,Rabi,0.0,0.0,2889.0,Maize (corn)
Uttar Pradesh,Kanpur Nagar,Maize,Summer,0.02,0.08,3483.0,Maize (corn)
Uttar Pradesh,Kanpur Nagar,Maize,Total,0.13,0.43,3272.0,Maize (corn)
Uttar Pradesh,Kanpur Nagar,Gram,Rabi,0.02,0.03,1476.0,"Chick peas, dry"
Uttar Pradesh,Kanpur Nagar,Gram,Total,0.02,0.03,1476.0,"Chick peas, dry"
Uttar Pradesh,Kanpur Nagar,Lentil,Rabi,0.02,0.02,956.0,"Lentils, dry"
Uttar Pradesh,Kanpur Nagar,Lentil,Total,0.02,0.02,956.0,"Lentils, dry"
Uttar Pradesh,Kasganj,Rice,Kharif,0.45,1.19,2679.0,Rice
Uttar Pradesh,Kasganj,Rice,Total,0.45,1.19,2679.0,Rice
Uttar Pradesh,Kasganj,Wheat,Rabi,0.94,3.59,3811.0,Wheat
Uttar Pradesh,Kasganj,Wheat,Total,0.94,3.59,3811.0,Wheat
Uttar Pradesh,Kasganj,Maize,Kharif,0.19,0.48,2505.0,Maize (corn)
Uttar Pradesh,Kasganj,Maize,Summer,0.15,0.54,3535.0,Maize (corn)
Uttar Pradesh,Kasganj,Maize,Total,0.34,1.02,2964.0,Maize (corn)
Uttar Pradesh,Kasganj,Gram,Rabi,0.0,0.0,1347.0,"Chick peas, dry"
Uttar Pradesh,Kasganj,Gram,Total,0.0,0.0,1347.0,"Chick peas, dry"
Uttar Pradesh,Kasganj,Lentil,Rabi,0.02,0.02,956.0,"Lentils, dry"
Uttar Pradesh,Kasganj,Lentil,Total,0.02,0.02,956.0,"Lentils, dry"
Uttar Pradesh,Kaushambi,Rice,Kharif,0.77,2.66,3471.0,Rice
Uttar Pradesh,Kaushambi,Rice,Total,0.77,2.66,3471.0,Rice
Uttar Pradesh,Kaushambi,Wheat,Rabi,0.8,3.51,4367.0,Wheat
Uttar Pradesh,Kaushambi,Wheat,Total,0.8,3.51,4367.0,Wheat
Uttar Pradesh,Kaushambi,Maize,Kharif,0.0,0.0,2191.0,Maize (corn)
Uttar Pradesh,Kaushambi,Maize,Rabi,0.0,0.0,2889.0,Maize (corn)
Uttar Pradesh,Kaushambi,Maize,Summer,0.01,0.03,3483.0,Maize (corn)
Uttar Pradesh,Kaushambi,Maize,Total,0.01,0.03,3447.0,Maize (corn)
Uttar Pradesh,Kaushambi,Gram,Rabi,0.02,0.02,1403.0,"Chick peas, dry"
Uttar Pradesh,Kaushambi,Gram,Total,0.02,0.02,1403.0,"Chick peas, dry"
Uttar Pradesh,Kaushambi,Lentil,Rabi,0.0,0.0,1285.0,"Lentils, dry"
Uttar Pradesh,Kaushambi,Lentil,Total,0.0,0.0,1285.0,"Lentils, dry"
Uttar Pradesh,Kheri,Rice,Kharif,0.82,2.58,3161.0,Rice
Uttar Pradesh,Kheri,Rice,Summer,0.32,1.22,3839.0,Rice
Uttar Pradesh,Kheri,Rice,Total,1.13,3.8,3352.0,Rice
Uttar Pradesh,Kheri,Wheat,Rabi,1.82,7.28,3993.0,Wheat
Uttar Pradesh,Kheri,Wheat,Total,1.82,7.28,3993.0,Wheat
Uttar Pradesh,Kheri,Maize,Kharif,0.02,0.05,2143.0,Maize (corn)
Uttar Pradesh,Kheri,Maize,Rabi,0.0,0.0,2889.0,Maize (corn)
Uttar Pradesh,Kheri,Maize,Summer,0.02,0.08,3818.0,Maize (corn)
Uttar Pradesh,Kheri,Maize,Total,0.05,0.14,2924.0,Maize (corn)
Uttar Pradesh,Kheri,Gram,Rabi,0.0,0.0,962.0,"Chick peas, dry"
Uttar Pradesh,Kheri,Gram,Total,0.0,0.0,962.0,"Chick peas, dry"
Uttar Pradesh,Kheri,Lentil,Rabi,0.21,0.2,958.0,"Lentils, dry"
Uttar Pradesh,Kheri,Lentil,Total,0.21,0.2,958.0,"Lentils, dry"
Uttar Pradesh,Kushinagar,Rice,Kharif,0.87,2.4,2749.0,Rice
Uttar Pradesh,Kushinagar,Rice,Total,0.87,2.4,2749.0,Rice
Uttar Pradesh,Kushinagar,Wheat,Rabi,1.12,4.3,3839.0,Wheat
Uttar Pradesh,Kushinagar,Wheat,Total,1.12,4.3,3839.0,Wheat
Uttar Pradesh,Kushinagar,Maize,Kharif,0.01,0.03,2466.0,Maize (corn)
Uttar Pradesh,Kushinagar,Maize,Rabi,0.0,0.0,2564.0,Maize (corn)
Uttar Pradesh,Kushinagar,Maize,Summer,0.03,0.11,3483.0,Maize (corn)
Uttar Pradesh,Kushinagar,Maize,Total,0.05,0.14,3158.0,Maize (corn)
Uttar Pradesh,Kushinagar,Gram,Rabi,0.0,0.0,1347.0,"Chick peas, dry"
Uttar Pradesh,Kushinagar,Gram,Total,0.0,0.0,1347.0,"Chick peas, dry"
Uttar Pradesh,Kushinagar,Lentil,Rabi,0.05,0.07,1465.0,"Lentils, dry"
Uttar Pradesh,Kushinagar,Lentil,Total,0.05,0.07,1465.0,"Lentils, dry"
Uttar Pradesh,Lalitpur,Rice,Kharif,0.01,0.01,1231.0,Rice
Uttar Pradesh,Lalitpur,Rice,Total,0.01,0.01,1231.0,Rice
Uttar Pradesh,Lalitpur,Wheat,Rabi,1.72,5.83,3401.0,Wheat
Uttar Pradesh,Lalitpur,Wheat,Total,1.72,5.83,3401.0,Wheat
Uttar Pradesh,Lalitpur,Maize,Kharif,0.11,0.09,823.0,Maize (corn)
Uttar Pradesh,Lalitpur,Maize,Summer,0.0,0.0,3483.0,Maize (corn)
Uttar Pradesh,Lalitpur,Maize,Total,0.11,0.09,856.0,Maize (corn)
Uttar Pradesh,Lalitpur,Gram,Rabi,0.09,0.1,1179.0,"Chick peas, dry"
Uttar Pradesh,Lalitpur,Gram,Total,0.09,0.1,1179.0,"Chick peas, dry"
Uttar Pradesh,Lalitpur,Lentil,Rabi,0.25,0.27,1090.0,"Lentils, dry"
Uttar Pradesh,Lalitpur,Lentil,Total,0.25,0.27,1090.0,"Lentils, dry"
Uttar Pradesh,Lucknow,Rice,Kharif,0.36,1.0,2774.0,Rice
Uttar Pradesh,Lucknow,Rice,Total,0.36,1.0,2774.0,Rice
Uttar Pradesh,Lucknow,Wheat,Rabi,0.72,2.4,3310.0,Wheat
Uttar Pradesh,Lucknow,Wheat,Total,0.72,2.4,3310.0,Wheat
Uttar Pradesh,Lucknow,Maize,Kharif,0.01,0.01,1560.0,Maize (corn)
Uttar Pradesh,Lucknow,Maize,Rabi,0.0,0.0,2889.0,Maize (corn)
Uttar Pradesh,Lucknow,Maize,Summer,0.0,0.01,3818.0,Maize (corn)
Uttar Pradesh,Lucknow,Maize,Total,0.01,0.02,2059.0,Maize (corn)
Uttar Pradesh,Lucknow,Gram,Rabi,0.0,0.0,969.0,"Chick peas, dry"
Uttar Pradesh,Lucknow,Gram,Total,0.0,0.0,969.0,"Chick peas, dry"
Uttar Pradesh,Lucknow,Lentil,Rabi,0.03,0.02,852.0,"Lentils, dry"
Uttar Pradesh,Lucknow,Lentil,Total,0.03,0.02,852.0,"Lentils, dry"
Uttar Pradesh,Mahoba,Rice,Kharif,0.02,0.05,2100.0,Rice
Uttar Pradesh,Mahoba,Rice,Total,0.02,0.05,2100.0,Rice
Uttar Pradesh,Mahoba,Wheat,Rabi,0.77,2.43,3160.0,Wheat
Uttar Pradesh,Mahoba,Wheat,Total,0.77,2.43,3160.0,Wheat
Uttar Pradesh,Mahoba,Maize,Kharif,0.0,0.0,2191.0,Maize (corn)
Uttar Pradesh,Mahoba,Maize,Summer,0.0,0.0,301.0,Maize (corn)
Uttar Pradesh,Mahoba,Maize,Total,0.0,0.0,327.0,Maize (corn)
Uttar Pradesh,Mahoba,Gram,Rabi,1.52,2.04,1340.0,"Chick peas, dry"
Uttar Pradesh,Mahoba,Gram,Total,1.52,2.04,1340.0,"Chick peas, dry"
Uttar Pradesh,Mahoba,Lentil,Rabi,0.1,0.07,740.0,"Lentils, dry"
Uttar Pradesh,Mahoba,Lentil,Total,0.1,0.07,740.0,"Lentils, dry"
Uttar Pradesh,Mahrajganj,Rice,Kharif,1.56,4.29,2759.0,Rice
Uttar Pradesh,Mahrajganj,Rice,Total,1.56,4.29,2759.0,Rice
Uttar Pradesh,Mahrajganj,Wheat,Rabi,1.31,4.83,3699.0,Wheat
Uttar Pradesh,Mahrajganj,Wheat,Total,1.31,4.83,3699.0,Wheat
Uttar Pradesh,Mahrajganj,Maize,Kharif,0.0,0.0,2466.0,Maize (corn)
Uttar Pradesh,Mahrajganj,Maize,Rabi,0.0,0.0,2788.0,Maize (corn)
Uttar Pradesh,Mahrajganj,Maize,Summer,0.07,0.25,3483.0,Maize (corn)
Uttar Pradesh,Mahrajganj,Maize,Total,0.07,0.25,3475.0,Maize (corn)
Uttar Pradesh,Mahrajganj,Gram,Rabi,0.0,0.0,1347.0,"Chick peas, dry"
Uttar Pradesh,Mahrajganj,Gram,Total,0.0,0.0,1347.0,"Chick peas, dry"
Uttar Pradesh,Mahrajganj,Lentil,Rabi,0.08,0.12,1465.0,"Lentils, dry"
Uttar Pradesh,Mahrajganj,Lentil,Total,0.08,0.12,1465.0,"Lentils, dry"
Uttar Pradesh,Mainpuri,Rice,Kharif,0.66,2.0,3016.0,Rice
Uttar Pradesh,Mainpuri,Rice,Total,0.66,2.0,3016.0,Rice
Uttar Pradesh,Mainpuri,Wheat,Rabi,1.34,4.96,3712.0,Wheat
Uttar Pradesh,Mainpuri,Wheat,Total,1.34,4.96,3712.0,Wheat
Uttar Pradesh,Mainpuri,Maize,Kharif,0.1,0.35,3632.0,Maize (corn)
Uttar Pradesh,Mainpuri,Maize,Summer,0.22,0.77,3483.0,Maize (corn)
Uttar Pradesh,Mainpuri,Maize,Total,0.32,1.12,3528.0,Maize (corn)
Uttar Pradesh,Mainpuri,Gram,Rabi,0.0,0.0,2266.0,"Chick peas, dry"
Uttar Pradesh,Mainpuri,Gram,Total,0.0,0.0,2266.0,"Chick peas, dry"
Uttar Pradesh,Mainpuri,Lentil,Rabi,0.0,0.0,1035.0,"Lentils, dry"
Uttar Pradesh,Mainpuri,Lentil,Total,0.0,0.0,1035.0,"Lentils, dry"
Uttar Pradesh,Mathura,Rice,Kharif,1.14,2.51,2211.0,Rice
Uttar Pradesh,Mathura,Rice,Total,1.14,2.51,2211.0,Rice
Uttar Pradesh,Mathura,Wheat,Rabi,1.69,6.27,3717.0,Wheat
Uttar Pradesh,Mathura,Wheat,Total,1.69,6.27,3717.0,Wheat
Uttar Pradesh,Mathura,Maize,Kharif,0.0,0.0,3549.0,Maize (corn)
Uttar Pradesh,Mathura,Maize,Summer,0.06,0.21,3483.0,Maize (corn)
Uttar Pradesh,Mathura,Maize,Total,0.06,0.21,3483.0,Maize (corn)
Uttar Pradesh,Mathura,Lentil,Rabi,0.0,0.0,1035.0,"Lentils, dry"
Uttar Pradesh,Mathura,Lentil,Total,0.0,0.0,1035.0,"Lentils, dry"
Uttar Pradesh,Mau,Rice,Kharif,0.9,2.41,2682.0,Rice
Uttar Pradesh,Mau,Rice,Total,0.9,2.41,2682.0,Rice
Uttar Pradesh,Mau,Wheat,Rabi,0.92,3.24,3505.0,Wheat
Uttar Pradesh,Mau,Wheat,Total,0.92,3.24,3505.0,Wheat
Uttar Pradesh,Mau,Maize,Kharif,0.0,0.0,2736.0,Maize (corn)
Uttar Pradesh,Mau,Maize,Summer,0.0,0.0,2097.0,Maize (corn)
Uttar Pradesh,Mau,Maize,Total,0.0,0.0,2249.0,Maize (corn)
Uttar Pradesh,Mau,Gram,Rabi,0.02,0.03,1745.0,"Chick peas, dry"
Uttar Pradesh,Mau,Gram,Total,0.02,0.03,1745.0,"Chick peas, dry"
Uttar Pradesh,Mau,Lentil,Rabi,0.0,0.01,1535.0,"Lentils, dry"
Uttar Pradesh,Mau,Lentil,Total,0.0,0.01,1535.0,"Lentils, dry"
Uttar Pradesh,Meerut,Rice,Kharif,0.13,0.33,2556.0,Rice
Uttar Pradesh,Meerut,Rice,Summer,0.0,0.0,3068.0,Rice
Uttar Pradesh,Meerut,Rice,Total,0.13,0.33,2560.0,Rice
Uttar Pradesh,Meerut,Wheat,Rabi,0.72,2.93,4049.0,Wheat
Uttar Pradesh,Meerut,Wheat,Total,0.72,2.93,4049.0,Wheat
Uttar Pradesh,Meerut,Maize,Kharif,0.0,0.0,2250.0,Maize (corn)
Uttar Pradesh,Meerut,Maize,Rabi,0.0,0.0,2889.0,Maize (corn)
Uttar Pradesh,Meerut,Maize,Summer,0.02,0.09,3483.0,Maize (corn)
Uttar Pradesh,Meerut,Maize,Total,0.03,0.09,3463.0,Maize (corn)
Uttar Pradesh,Meerut,Gram,Rabi,0.0,0.0,1347.0,"Chick peas, dry"
Uttar Pradesh,Meerut,Gram,Total,0.0,0.0,1347.0,"Chick peas, dry"
Uttar Pradesh,Meerut,Lentil,Rabi,0.01,0.01,1035.0,"Lentils, dry"
Uttar Pradesh,Meerut,Lentil,Total,0.01,0.01,1035.0,"Lentils, dry"
Uttar Pradesh,Mirzapur,Rice,Kharif,1.14,3.52,3081.0,Rice
Uttar Pradesh,Mirzapur,Rice,Total,1.14,3.52,3081.0,Rice
Uttar Pradesh,Mirzapur,Wheat,Rabi,1.22,4.16,3421.0,Wheat
Uttar Pradesh,Mirzapur,Wheat,Total,1.22,4.16,3421.0,Wheat
Uttar Pradesh,Mirzapur,Maize,Kharif,0.01,0.01,1318.0,Maize (corn)
Uttar Pradesh,Mirzapur,Maize,Rabi,0.0,0.0,2889.0,Maize (corn)
Uttar Pradesh,Mirzapur,Maize,Summer,0.01,0.03,3483.0,Maize (corn)
Uttar Pradesh,Mirzapur,Maize,Total,0.02,0.04,2459.0,Maize (corn)
Uttar Pradesh,Mirzapur,Gram,Rabi,0.06,0.07,1131.0,"Chick peas, dry"
Uttar Pradesh,Mirzapur,Gram,Total,0.06,0.07,1131.0,"Chick peas, dry"
Uttar Pradesh,Mirzapur,Lentil,Rabi,0.07,0.06,818.0,"Lentils, dry"
Uttar Pradesh,Mirzapur,Lentil,Total,0.07,0.06,818.0,"Lentils, dry"
Uttar Pradesh,Moradabad,Rice,Kharif,0.9,2.6,2873.0,Rice
Uttar Pradesh,Moradabad,Rice,Summer,0.0,0.01,3068.0,Rice
Uttar Pradesh,Moradabad,Rice,Total,0.91,2.6,2873.0,Rice
Uttar Pradesh,Moradabad,Wheat,Rabi,1.14,4.54,3987.0,Wheat
Uttar Pradesh,Moradabad,Wheat,Total,1.14,4.54,3987.0,Wheat
Uttar Pradesh,Moradabad,Maize,Kharif,0.0,0.0,2191.0,Maize (corn)
Uttar Pradesh,Moradabad,Maize,Rabi,0.0,0.0,2889.0,Maize (corn)
Uttar Pradesh,Moradabad,Maize,Summer,0.0,0.02,3663.0,Maize (corn)
Uttar Pradesh,Moradabad,Maize,Total,0.0,0.02,3576.0,Maize (corn)
Uttar Pradesh,Moradabad,Gram,Rabi,0.0,0.0,1347.0,"Chick peas, dry"
Uttar Pradesh,Moradabad,Gram,Total,0.0,0.0,1347.0,"Chick peas, dry"
Uttar Pradesh,Moradabad,Lentil,Rabi,0.01,0.01,1035.0,"Lentils, dry"
Uttar Pradesh,Moradabad,Lentil,Total,0.01,0.01,1035.0,"Lentils, dry"
Uttar Pradesh,Muzaffarnagar,Rice,Kharif,0.06,0.15,2540.0,Rice
Uttar Pradesh,Muzaffarnagar,Rice,Total,0.06,0.15,2540.0,Rice
Uttar Pradesh,Muzaffarnagar,Wheat,Rabi,0.71,2.81,3960.0,Wheat
Uttar Pradesh,Muzaffarnagar,Wheat,Total,0.71,2.81,3960.0,Wheat
Uttar Pradesh,Muzaffarnagar,Maize,Kharif,0.0,0.0,2208.0,Maize (corn)
Uttar Pradesh,Muzaffarnagar,Maize,Rabi,0.0,0.0,2889.0,Maize (corn)
Uttar Pradesh,Muzaffarnagar,Maize,Summer,0.02,0.07,3483.0,Maize (corn)
Uttar Pradesh,Muzaffarnagar,Maize,Total,0.02,0.07,3463.0,Maize (corn)
Uttar Pradesh,Muzaffarnagar,Gram,Rabi,0.0,0.0,1347.0,"Chick peas, dry"
Uttar Pradesh,Muzaffarnagar,Gram,Total,0.0,0.0,1347.0,"Chick peas, dry"
Uttar Pradesh,Muzaffarnagar,Lentil,Rabi,0.01,0.0,956.0,"Lentils, dry"
Uttar Pradesh,Muzaffarnagar,Lentil,Total,0.01,0.0,956.0,"Lentils, dry"
Uttar Pradesh,Pilibhit,Rice,Kharif,1.08,3.47,3209.0,Rice
Uttar Pradesh,Pilibhit,Rice,Summer,0.01,0.02,3068.0,Rice
Uttar Pradesh,Pilibhit,Rice,Total,1.09,3.48,3209.0,Rice
Uttar Pradesh,Pilibhit,Wheat,Rabi,1.4,6.33,4509.0,Wheat
Uttar Pradesh,Pilibhit,Wheat,Total,1.4,6.33,4509.0,Wheat
Uttar Pradesh,Pilibhit,Maize,Kharif,0.0,0.0,2606.0,Maize (corn)
Uttar Pradesh,Pilibhit,Maize,Rabi,0.0,0.0,2889.0,Maize (corn)
Uttar Pradesh,Pilibhit,Maize,Summer,0.01,0.03,3483.0,Maize (corn)
Uttar Pradesh,Pilibhit,Maize,Total,0.01,0.03,3462.0,Maize (corn)
Uttar Pradesh,Pilibhit,Gram,Rabi,0.0,0.0,1347.0,"Chick peas, dry"
Uttar Pradesh,Pilibhit,Gram,Total,0.0,0.0,1347.0,"Chick peas, dry"
Uttar Pradesh,Pilibhit,Lentil,Rabi,0.03,0.03,1007.0,"Lentils, dry"
Uttar Pradesh,Pilibhit,Lentil,Total,0.03,0.03,1007.0,"Lentils, dry"
Uttar Pradesh,Pratapgarh,Rice,Kharif,1.47,3.57,2437.0,Rice
Uttar Pradesh,Pratapgarh,Rice,Total,1.47,3.57,2437.0,Rice
Uttar Pradesh,Pratapgarh,Wheat,Rabi,1.49,4.87,3272.0,Wheat
Uttar Pradesh,Pratapgarh,Wheat,Total,1.49,4.87,3272.0,Wheat
Uttar Pradesh,Pratapgarh,Maize,Kharif,0.0,0.0,2191.0,Maize (corn)
Uttar Pradesh,Pratapgarh,Maize,Rabi,0.0,0.01,2889.0,Maize (corn)
Uttar Pradesh,Pratapgarh,Maize,Summer,0.01,0.02,3483.0,Maize (corn)
Uttar Pradesh,Pratapgarh,Maize,Total,0.01,0.03,3289.0,Maize (corn)
Uttar Pradesh,Pratapgarh,Gram,Rabi,0.01,0.01,1154.0,"Chick peas, dry"
Uttar Pradesh,Pratapgarh,Gram,Total,0.01,0.01,1154.0,"Chick peas, dry"
Uttar Pradesh,Pratapgarh,Lentil,Rabi,0.0,0.0,1193.0,"Lentils, dry"
Uttar Pradesh,Pratapgarh,Lentil,Total,0.0,0.0,1193.0,"Lentils, dry"
Uttar Pradesh,Prayagraj,Rice,Kharif,1.95,6.15,3157.0,Rice
Uttar Pradesh,Prayagraj,Rice,Total,1.95,6.15,3157.0,Rice
Uttar Pradesh,Prayagraj,Wheat,Rabi,2.26,6.34,2800.0,Wheat
Uttar Pradesh,Prayagraj,Wheat,Total,2.26,6.34,2800.0,Wheat
Uttar Pradesh,Prayagraj,Maize,Kharif,0.0,0.0,2191.0,Maize (corn)
Uttar Pradesh,Prayagraj,Maize,Rabi,0.0,0.0,2889.0,Maize (corn)
Uttar Pradesh,Prayagraj,Maize,Summer,0.02,0.06,3483.0,Maize (corn)
Uttar Pradesh,Prayagraj,Maize,Total,0.02,0.07,3467.0,Maize (corn)
Uttar Pradesh,Prayagraj,Gram,Rabi,0.01,0.02,1317.0,"Chick peas, dry"
Uttar Pradesh,Prayagraj,Gram,Total,0.01,0.02,1317.0,"Chick peas, dry"
Uttar Pradesh,Prayagraj,Lentil,Rabi,0.15,0.19,1209.0,"Lentils, dry"
Uttar Pradesh,Prayagraj,Lentil,Total,0.15,0.19,1209.0,"Lentils, dry"
Uttar Pradesh,Rae Bareli,Rice,Kharif,1.78,5.22,2933.0,Rice
Uttar Pradesh,Rae Bareli,Rice,Total,1.78,5.22,2933.0,Rice
Uttar Pradesh,Rae Bareli,Wheat,Rabi,1.72,5.52,3212.0,Wheat
Uttar Pradesh,Rae Bareli,Wheat,Total,1.72,5.52,3212.0,Wheat
Uttar Pradesh,Rae Bareli,Maize,Kharif,0.0,0.0,199.0,Maize (corn)
Uttar Pradesh,Rae Bareli,Maize,Rabi,0.0,0.0,2889.0,Maize (corn)
Uttar Pradesh,Rae Bareli,Maize,Summer,0.01,0.05,3818.0,Maize (corn)
Uttar Pradesh,Rae Bareli,Maize,Total,0.02,0.05,3195.0,Maize (corn)
Uttar Pradesh,Rae Bareli,Gram,Rabi,0.01,0.01,911.0,"Chick peas, dry"
Uttar Pradesh,Rae Bareli,Gram,Total,0.01,0.01,911.0,"Chick peas, dry"
Uttar Pradesh,Rae Bareli,Lentil,Rabi,0.0,0.0,852.0,"Lentils, dry"
Uttar Pradesh,Rae Bareli,Lentil,Total,0.0,0.0,852.0,"Lentils, dry"
Uttar Pradesh,Rampur,Rice,Kharif,1.22,3.52,2883.0,Rice
Uttar Pradesh,Rampur,Rice,Total,1.22,3.52,2883.0,Rice
Uttar Pradesh,Rampur,Wheat,Rabi,1.38,5.92,4281.0,Wheat
Uttar Pradesh,Rampur,Wheat,Total,1.38,5.92,4281.0,Wheat
Uttar Pradesh,Rampur,Maize,Kharif,0.0,0.0,2191.0,Maize (corn)
Uttar Pradesh,Rampur,Maize,Rabi,0.0,0.01,2889.0,Maize (corn)
Uttar Pradesh,Rampur,Maize,Summer,0.03,0.13,3663.0,Maize (corn)
Uttar Pradesh,Rampur,Maize,Total,0.04,0.14,3561.0,Maize (corn)
Uttar Pradesh,Rampur,Gram,Rabi,0.0,0.0,1347.0,"Chick peas, dry"
Uttar Pradesh,Rampur,Gram,Total,0.0,0.0,1347.0,"Chick peas, dry"
Uttar Pradesh,Rampur,Lentil,Rabi,0.01,0.02,1035.0,"Lentils, dry"
Uttar Pradesh,Rampur,Lentil,Total,0.01,0.02,1035.0,"Lentils, dry"
Uttar Pradesh,Saharanpur,Rice,Kharif,0.51,1.27,2499.0,Rice
Uttar Pradesh,Saharanpur,Rice,Summer,0.02,0.07,2811.0,Rice
Uttar Pradesh,Saharanpur,Rice,Total,0.53,1.34,2514.0,Rice
Uttar Pradesh,Saharanpur,Wheat,Rabi,1.14,4.93,4322.0,Wheat
Uttar Pradesh,Saharanpur,Wheat,Total,1.14,4.93,4322.0,Wheat
Uttar Pradesh,Saharanpur,Maize,Kharif,0.03,0.07,2208.0,Maize (corn)
Uttar Pradesh,Saharanpur,Maize,Rabi,0.0,0.0,2889.0,Maize (corn)
Uttar Pradesh,Saharanpur,Maize,Summer,0.0,0.01,3483.0,Maize (corn)
Uttar Pradesh,Saharanpur,Maize,Total,0.03,0.08,2351.0,Maize (corn)
Uttar Pradesh,Saharanpur,Gram,Rabi,0.0,0.0,1347.0,"Chick peas, dry"
Uttar Pradesh,Saharanpur,Gram,Total,0.0,0.0,1347.0,"Chick peas, dry"
Uttar Pradesh,Saharanpur,Lentil,Rabi,0.03,0.03,956.0,"Lentils, dry"
Uttar Pradesh,Saharanpur,Lentil,Total,0.03,0.03,956.0,"Lentils, dry"
Uttar Pradesh,Sambhal,Rice,Kharif,1.02,2.75,2695.0,Rice
Uttar Pradesh,Sambhal,Rice,Total,1.02,2.75,2695.0,Rice
Uttar Pradesh,Sambhal,Wheat,Rabi,1.33,5.19,3912.0,Wheat
Uttar Pradesh,Sambhal,Wheat,Total,1.33,5.19,3912.0,Wheat
Uttar Pradesh,Sambhal,Maize,Kharif,0.02,0.05,2191.0,Maize (corn)
Uttar Pradesh,Sambhal,Maize,Summer,0.12,0.43,3483.0,Maize (corn)
Uttar Pradesh,Sambhal,Maize,Total,0.15,0.48,3292.0,Maize (corn)
Uttar Pradesh,Sambhal,Gram,Rabi,0.0,0.0,1347.0,"Chick peas, dry"
Uttar Pradesh,Sambhal,Gram,Total,0.0,0.0,1347.0,"Chick peas, dry"
Uttar Pradesh,Sambhal,Lentil,Rabi,0.02,0.02,1035.0,"Lentils, dry"
Uttar Pradesh,Sambhal,Lentil,Total,0.02,0.02,1035.0,"Lentils, dry"
Uttar Pradesh,Sant Kabir Nagar,Rice,Kharif,0.85,2.37,2776.0,Rice
Uttar Pradesh,Sant Kabir Nagar,Rice,Total,0.85,2.37,2776.0,Rice
Uttar Pradesh,Sant Kabir Nagar,Wheat,Rabi,1.01,3.79,3754.0,Wheat
Uttar Pradesh,Sant Kabir Nagar,Wheat,Total,1.01,3.79,3754.0,Wheat
Uttar Pradesh,Sant Kabir Nagar,Maize,Kharif,0.01,0.02,2191.0,Maize (corn)
Uttar Pradesh,Sant Kabir Nagar,Maize,Rabi,0.0,0.0,2889.0,Maize (corn)
Uttar Pradesh,Sant Kabir Nagar,Maize,Summer,0.01,0.04,3483.0,Maize (corn)
Uttar Pradesh,Sant Kabir Nagar,Maize,Total,0.02,0.06,2987.0,Maize (corn)
Uttar Pradesh,Sant Kabir Nagar,Gram,Rabi,0.0,0.0,1347.0,"Chick peas, dry"
Uttar Pradesh,Sant Kabir Nagar,Gram,Total,0.0,0.0,1347.0,"Chick peas, dry"
Uttar Pradesh,Sant Kabir Nagar,Lentil,Rabi,0.01,0.01,1035.0,"Lentils, dry"
Uttar Pradesh,Sant Kabir Nagar,Lentil,Total,0.01,0.01,1035.0,"Lentils, dry"
Uttar Pradesh,Shahjahanpur,Rice,Kharif,1.6,5.15,3220.0,Rice
Uttar Pradesh,Shahjahanpur,Rice,Summer,0.01,0.02,3068.0,Rice
Uttar Pradesh,Shahjahanpur,Rice,Total,1.61,5.18,3219.0,Rice
Uttar Pradesh,Shahjahanpur,Wheat,Rabi,2.26,10.06,4459.0,Wheat
Uttar Pradesh,Shahjahanpur,Wheat,Total,2.26,10.06,4459.0,Wheat
Uttar Pradesh,Shahjahanpur,Maize,Kharif,0.0,0.0,1382.0,Maize (corn)
Uttar Pradesh,Shahjahanpur,Maize,Rabi,0.01,0.04,2889.0,Maize (corn)
Uttar Pradesh,Shahjahanpur,Maize,Summer,0.15,0.51,3483.0,Maize (corn)
Uttar Pradesh,Shahjahanpur,Maize,Total,0.16,0.55,3406.0,Maize (corn)
Uttar Pradesh,Shahjahanpur,Gram,Rabi,0.0,0.0,1347.0,"Chick peas, dry"
Uttar Pradesh,Shahjahanpur,Gram,Total,0.0,0.0,1347.0,"Chick peas, dry"
Uttar Pradesh,Shahjahanpur,Lentil,Rabi,0.31,0.37,1196.0,"Lentils, dry"
Uttar Pradesh,Shahjahanpur,Lentil,Total,0.31,0.37,1196.0,"Lentils, dry"
Uttar Pradesh,Shamli,Rice,Kharif,0.23,0.63,2778.0,Rice
Uttar Pradesh,Shamli,Rice,Total,0.23,0.63,2778.0,Rice
Uttar Pradesh,Shamli,Wheat,Rabi,0.53,2.27,4306.0,Wheat
Uttar Pradesh,Shamli,Wheat,Total,0.53,2.27,4306.0,Wheat
Uttar Pradesh,Shamli,Maize,Kharif,0.0,0.0,2208.0,Maize (corn)
Uttar Pradesh,Shamli,Maize,Rabi,0.0,0.0,2889.0,Maize (corn)
Uttar Pradesh,Shamli,Maize,Summer,0.01,0.03,3483.0,Maize (corn)
Uttar Pradesh,Shamli,Maize,Total,0.01,0.03,3429.0,Maize (corn)
Uttar Pradesh,Shamli,Gram,Rabi,0.0,0.0,1347.0,"Chick peas, dry"
Uttar Pradesh,Shamli,Gram,Total,0.0,0.0,1347.0,"Chick peas, dry"
Uttar Pradesh,Shamli,Lentil,Rabi,0.0,0.0,956.0,"Lentils, dry"
Uttar Pradesh,Shamli,Lentil,Total,0.0,0.0,956.0,"Lentils, dry"
Uttar Pradesh,Shrawasti,Rice,Kharif,1.01,2.96,2924.0,Rice
Uttar Pradesh,Shrawasti,Rice,Total,1.01,2.96,2924.0,Rice
Uttar Pradesh,Shrawasti,Wheat,Rabi,0.92,3.48,3780.0,Wheat
Uttar Pradesh,Shrawasti,Wheat,Total,0.92,3.48,3780.0,Wheat
Uttar Pradesh,Shrawasti,Maize,Kharif,0.01,0.02,1262.0,Maize (corn)
Uttar Pradesh,Shrawasti,Maize,Rabi,0.03,0.09,2886.0,Maize (corn)
Uttar Pradesh,Shrawasti,Maize,Summer,0.01,0.02,2491.0,Maize (corn)
Uttar Pradesh,Shrawasti,Maize,Total,0.05,0.12,2436.0,Maize (corn)
Uttar Pradesh,Shrawasti,Gram,Rabi,0.0,0.01,1347.0,"Chick peas, dry"
Uttar Pradesh,Shrawasti,Gram,Total,0.0,0.01,1347.0,"Chick peas, dry"
Uttar Pradesh,Shrawasti,Lentil,Rabi,0.28,0.2,722.0,"Lentils, dry"
Uttar Pradesh,Shrawasti,Lentil,Total,0.28,0.2,722.0,"Lentils, dry"
Uttar Pradesh,Siddharthnagar,Rice,Kharif,1.37,3.81,2776.0,Rice
Uttar Pradesh,Siddharthnagar,Rice,Total,1.37,3.81,2776.0,Rice
Uttar Pradesh,Siddharthnagar,Wheat,Rabi,1.81,6.41,3531.0,Wheat
Uttar Pradesh,Siddharthnagar,Wheat,Total,1.81,6.41,3531.0,Wheat
Uttar Pradesh,Siddharthnagar,Maize,Kharif,0.0,0.0,2191.0,Maize (corn)
Uttar Pradesh,Siddharthnagar,Maize,Rabi,0.0,0.0,2889.0,Maize (corn)
Uttar Pradesh,Siddharthnagar,Maize,Summer,0.0,0.01,3483.0,Maize (corn)
Uttar Pradesh,Siddharthnagar,Maize,Total,0.0,0.01,3325.0,Maize (corn)
Uttar Pradesh,Siddharthnagar,Gram,Rabi,0.0,0.0,1347.0,"Chick peas, dry"
Uttar Pradesh,Siddharthnagar,Gram,Total,0.0,0.0,1347.0,"Chick peas, dry"
Uttar Pradesh,Siddharthnagar,Lentil,Rabi,0.05,0.05,1035.0,"Lentils, dry"
Uttar Pradesh,Siddharthnagar,Lentil,Total,0.05,0.05,1035.0,"Lentils, dry"
Uttar Pradesh,Sitapur,Rice,Kharif,1.36,4.04,2970.0,Rice
Uttar Pradesh,Sitapur,Rice,Summer,0.69,2.04,2954.0,Rice
Uttar Pradesh,Sitapur,Rice,Total,2.05,6.08,2964.0,Rice
Uttar Pradesh,Sitapur,Wheat,Rabi,2.01,7.42,3693.0,Wheat
Uttar Pradesh,Sitapur,Wheat,Total,2.01,7.42,3693.0,Wheat
Uttar Pradesh,Sitapur,Maize,Kharif,0.0,0.01,1779.0,Maize (corn)
Uttar Pradesh,Sitapur,Maize,Summer,0.1,0.37,3818.0,Maize (corn)
Uttar Pradesh,Sitapur,Maize,Total,0.1,0.38,3748.0,Maize (corn)
Uttar Pradesh,Sitapur,Gram,Rabi,0.01,0.0,962.0,"Chick peas, dry"
Uttar Pradesh,Sitapur,Gram,Total,0.01,0.0,962.0,"Chick peas, dry"
Uttar Pradesh,Sitapur,Lentil,Rabi,0.27,0.2,736.0,"Lentils, dry"
Uttar Pradesh,Sitapur,Lentil,Total,0.27,0.2,736.0,"Lentils, dry"
Uttar Pradesh,Sonbhadra,Rice,Kharif,1.18,2.93,2473.0,Rice
Uttar Pradesh,Sonbhadra,Rice,Total,1.18,2.93,2473.0,Rice
Uttar Pradesh,Sonbhadra,Wheat,Rabi,0.67,2.01,3019.0,Wheat
Uttar Pradesh,Sonbhadra,Wheat,Total,0.67,2.01,3019.0,Wheat
Uttar Pradesh,Sonbhadra,Maize,Kharif,0.13,0.17,1318.0,Maize (corn)
Uttar Pradesh,Sonbhadra,Maize,Rabi,0.0,0.01,2889.0,Maize (corn)
Uttar Pradesh,Sonbhadra,Maize,Summer,0.03,0.09,3483.0,Maize (corn)
Uttar Pradesh,Sonbhadra,Maize,Total,0.16,0.27,1695.0,Maize (corn)
Uttar Pradesh,Sonbhadra,Gram,Rabi,0.12,0.14,1095.0,"Chick peas, dry"
Uttar Pradesh,Sonbhadra,Gram,Total,0.12,0.14,1095.0,"Chick peas, dry"
Uttar Pradesh,Sonbhadra,Lentil,Rabi,0.14,0.1,774.0,"Lentils, dry"
Uttar Pradesh,Sonbhadra,Lentil,Total,0.14,0.1,774.0,"Lentils, dry"
Uttar Pradesh,Sultanpur,Rice,Kharif,1.4,4.6,3281.0,Rice
Uttar Pradesh,Sultanpur,Rice,Total,1.4,4.6,3281.0,Rice
Uttar Pradesh,Sultanpur,Wheat,Rabi,1.17,4.72,4030.0,Wheat
Uttar Pradesh,Sultanpur,Wheat,Total,1.17,4.72,4030.0,Wheat
Uttar Pradesh,Sultanpur,Maize,Kharif,0.02,0.03,1330.0,Maize (corn)
Uttar Pradesh,Sultanpur,Maize,Rabi,0.0,0.0,2889.0,Maize (corn)
Uttar Pradesh,Sultanpur,Maize,Summer,0.01,0.02,3483.0,Maize (corn)
Uttar Pradesh,Sultanpur,Maize,Total,0.03,0.05,1825.0,Maize (corn)
Uttar Pradesh,Sultanpur,Gram,Rabi,0.02,0.03,1347.0,"Chick peas, dry"
Uttar Pradesh,Sultanpur,Gram,Total,0.02,0.03,1347.0,"Chick peas, dry"
Uttar Pradesh,Sultanpur,Lentil,Rabi,0.06,0.05,995.0,"Lentils, dry"
Uttar Pradesh,Sultanpur,Lentil,Total,0.06,0.05,995.0,"Lentils, dry"
Uttar Pradesh,Unnao,Rice,Kharif,1.37,2.97,2173.0,Rice
Uttar Pradesh,Unnao,Rice,Total,1.37,2.97,2173.0,Rice
Uttar Pradesh,Unnao,Wheat,Rabi,2.23,6.89,3094.0,Wheat
Uttar Pradesh,Unnao,Wheat,Total,2.23,6.89,3094.0,Wheat
Uttar Pradesh,Unnao,Maize,Kharif,0.15,0.32,2229.0,Maize (corn)
Uttar Pradesh,Unnao,Maize,Rabi,0.0,0.01,2889.0,Maize (corn)
Uttar Pradesh,Unnao,Maize,Summer,0.08,0.32,3818.0,Maize (corn)
Uttar Pradesh,Unnao,Maize,Total,0.23,0.65,2816.0,Maize (corn)
Uttar Pradesh,Unnao,Gram,Rabi,0.01,0.01,1014.0,"Chick peas, dry"
Uttar Pradesh,Unnao,Gram,Total,0.01,0.01,1014.0,"Chick peas, dry"
Uttar Pradesh,Unnao,Lentil,Rabi,0.01,0.01,852.0,"Lentils, dry"
Uttar Pradesh,Unnao,Lentil,Total,0.01,0.01,852.0,"Lentils, dry"
Uttar Pradesh,Varanasi,Rice,Kharif,0.77,2.35,3069.0,Rice
Uttar Pradesh,Varanasi,Rice,Total,0.77,2.35,3069.0,Rice
Uttar Pradesh,Varanasi,Wheat,Rabi,0.63,2.23,3561.0,Wheat
Uttar Pradesh,Varanasi,Wheat,Total,0.63,2.23,3561.0,Wheat
Uttar Pradesh,Varanasi,Maize,Kharif,0.01,0.02,2070.0,Maize (corn)
Uttar Pradesh,Varanasi,Maize,Rabi,0.0,0.0,2889.0,Maize (corn)
Uttar Pradesh,Varanasi,Maize,Summer,0.01,0.02,3483.0,Maize (corn)
Uttar Pradesh,Varanasi,Maize,Total,0.02,0.05,2662.0,Maize (corn)
Uttar Pradesh,Varanasi,Gram,Rabi,0.01,0.02,1388.0,"Chick peas, dry"
Uttar Pradesh,Varanasi,Gram,Total,0.01,0.02,1388.0,"Chick peas, dry"
Uttar Pradesh,Varanasi,Lentil,Rabi,0.0,0.01,1603.0,"Lentils, dry"
Uttar Pradesh,Varanasi,Lentil,Total,0.0,0.01,1603.0,"Lentils, dry"
Uttarakhand,Almora,Rice,Kharif,0.09,0.13,1393.0,Rice
Uttarakhand,Almora,Rice,Total,0.09,0.13,1393.0,Rice
Uttarakhand,Almora,Wheat,Rabi,0.12,0.18,1435.0,Wheat
Uttarakhand,Almora,Wheat,Total,0.12,0.18,1435.0,Wheat
Uttarakhand,Almora,Maize,Kharif,0.02,0.02,1225.0,Maize (corn)
Uttarakhand,Almora,Maize,Total,0.02,0.02,1225.0,Maize (corn)
Uttarakhand,Almora,Gram,Rabi,0.0,0.0,375.0,"Chick peas, dry"
Uttarakhand,Almora,Gram,Total,0.0,0.0,375.0,"Chick peas, dry"
Uttarakhand,Almora,Lentil,Rabi,0.01,0.0,580.0,"Lentils, dry"
Uttarakhand,Almora,Lentil,Total,0.01,0.0,580.0,"Lentils, dry"
Uttarakhand,Bageshwar,Rice,Kharif,0.13,0.22,1680.0,Rice
Uttarakhand,Bageshwar,Rice,Total,0.13,0.22,1680.0,Rice
Uttarakhand,Bageshwar,Wheat,Rabi,0.12,0.21,1770.0,Wheat
Uttarakhand,Bageshwar,Wheat,Total,0.12,0.21,1770.0,Wheat
Uttarakhand,Bageshwar,Maize,Kharif,0.0,0.0,1383.0,Maize (corn)
Uttarakhand,Bageshwar,Maize,Total,0.0,0.0,1383.0,Maize (corn)
Uttarakhand,Bageshwar,Gram,Rabi,0.0,0.0,526.0,"Chick peas, dry"
Uttarakhand,Bageshwar,Gram,Total,0.0,0.0,526.0,"Chick peas, dry"
Uttarakhand,Bageshwar,Lentil,Rabi,0.01,0.01,908.0,"Lentils, dry"
Uttarakhand,Bageshwar,Lentil,Total,0.01,0.01,908.0,"Lentils, dry"
Uttarakhand,Chamoli,Rice,Kharif,0.1,0.17,1741.0,Rice
Uttarakhand,Chamoli,Rice,Total,0.1,0.17,1741.0,Rice
Uttarakhand,Chamoli,Wheat,Rabi,0.11,0.19,1673.0,Wheat
Uttarakhand,Chamoli,Wheat,Total,0.11,0.19,1673.0,Wheat
Uttarakhand,Chamoli,Maize,Kharif,0.0,0.0,2056.0,Maize (corn)
Uttarakhand,Chamoli,Maize,Total,0.0,0.0,2056.0,Maize (corn)
Uttarakhand,Chamoli,Lentil,Rabi,0.0,0.0,526.0,"Lentils, dry"
Uttarakhand,Chamoli,Lentil,Total,0.0,0.0,526.0,"Lentils, dry"
Uttarakhand,Champawat,Rice,Kharif,0.03,0.06,1773.0,Rice
Uttarakhand,Champawat,Rice,Total,0.03,0.06,1773.0,Rice
Uttarakhand,Champawat,Wheat,Rabi,0.04,0.12,3152.0,Wheat
Uttarakhand,Champawat,Wheat,Total,0.04,0.12,3152.0,Wheat
Uttarakhand,Champawat,Maize,Kharif,0.01,0.02,3246.0,Maize (corn)
Uttarakhand,Champawat,Maize,Summer,0.0,0.0,3246.0,Maize (corn)
Uttarakhand,Champawat,Maize,Total,0.01,0.02,3246.0,Maize (corn)
Uttarakhand,Champawat,Gram,Rabi,0.0,0.0,604.0,"Chick peas, dry"
Uttarakhand,Champawat,Gram,Total,0.0,0.0,604.0,"Chick peas, dry"
Uttarakhand,Champawat,Lentil,Rabi,0.0,0.0,780.0,"Lentils, dry"
Uttarakhand,Champawat,Lentil,Total,0.0,0.0,780.0,"Lentils, dry"
Uttarakhand,Dehradun,Rice,Kharif,0.08,0.21,2847.0,Rice
Uttarakhand,Dehradun,Rice,Total,0.08,0.21,2847.0,Rice
Uttarakhand,Dehradun,Wheat,Rabi,0.11,0.36,3204.0,Wheat
Uttarakhand,Dehradun,Wheat,Total,0.11,0.36,3204.0,Wheat
Uttarakhand,Dehradun,Maize,Kharif,0.05,0.19,3777.0,Maize (corn)
Uttarakhand,Dehradun,Maize,Total,0.05,0.19,3777.0,Maize (corn)
Uttarakhand,Dehradun,Gram,Rabi,0.0,0.0,854.0,"Chick peas, dry"
Uttarakhand,Dehradun,Gram,Total,0.0,0.0,854.0,"Chick peas, dry"
Uttarakhand,Dehradun,Lentil,Rabi,0.0,0.0,602.0,"Lentils, dry"
Uttarakhand,Dehradun,Lentil,Total,0.0,0.0,602.0,"Lentils, dry"
Uttarakhand,Haridwar,Rice,Kharif,0.13,0.32,2503.0,Rice
Uttarakhand,Haridwar,Rice,Summer,0.01,0.02,3921.0,Rice
Uttarakhand,Haridwar,Rice,Total,0.13,0.34,2557.0,Rice
Uttarakhand,Haridwar,Wheat,Rabi,0.42,1.52,3670.0,Wheat
Uttarakhand,Haridwar,Wheat,Total,0.42,1.52,3670.0,Wheat
Uttarakhand,Haridwar,Maize,Kharif,0.0,0.01,3055.0,Maize (corn)
Uttarakhand,Haridwar,Maize,Total,0.0,0.01,3055.0,Maize (corn)
Uttarakhand,Haridwar,Lentil,Rabi,0.0,0.0,734.0,"Lentils, dry"
Uttarakhand,Haridwar,Lentil,Total,0.0,0.0,734.0,"Lentils, dry"
Uttarakhand,Nainital,Rice,Kharif,0.11,0.37,3442.0,Rice
Uttarakhand,Nainital,Rice,Summer,0.0,0.01,3920.0,Rice
Uttarakhand,Nainital,Rice,Total,0.11,0.38,3448.0,Rice
Uttarakhand,Nainital,Wheat,Rabi,0.19,0.76,4047.0,Wheat
Uttarakhand,Nainital,Wheat,Total,0.19,0.76,4047.0,Wheat
Uttarakhand,Nainital,Maize,Kharif,0.02,0.06,2587.0,Maize (corn)
Uttarakhand,Nainital,Maize,Total,0.02,0.06,2587.0,Maize (corn)
Uttarakhand,Nainital,Gram,Rabi,0.01,0.01,898.0,"Chick peas, dry"
Uttarakhand,Nainital,Gram,Total,0.01,0.01,898.0,"Chick peas, dry"
Uttarakhand,Nainital,Lentil,Rabi,0.0,0.0,960.0,"Lentils, dry"
Uttarakhand,Nainital,Lentil,Total,0.0,0.0,960.0,"Lentils, dry"
Uttarakhand,Pauri Garhwal,Rice,Kharif,0.04,0.07,1723.0,Rice
Uttarakhand,Pauri Garhwal,Rice,Total,0.04,0.07,1723.0,Rice
Uttarakhand,Pauri Garhwal,Wheat,Rabi,0.05,0.1,1974.0,Wheat
Uttarakhand,Pauri Garhwal,Wheat,Total,0.05,0.1,1974.0,Wheat
Uttarakhand,Pauri Garhwal,Maize,Kharif,0.01,0.03,2358.0,Maize (corn)
Uttarakhand,Pauri Garhwal,Maize,Total,0.01,0.03,2358.0,Maize (corn)
Uttarakhand,Pauri Garhwal,Gram,Rabi,0.0,0.0,667.0,"Chick peas, dry"
Uttarakhand,Pauri Garhwal,Gram,Total,0.0,0.0,667.0,"Chick peas, dry"
Uttarakhand,Pauri Garhwal,Lentil,Rabi,0.0,0.0,841.0,"Lentils, dry"
Uttarakhand,Pauri Garhwal,Lentil,Total,0.0,0.0,841.0,"Lentils, dry"
Uttarakhand,Pithoragarh,Rice,Kharif,0.14,0.21,1479.0,Rice
Uttarakhand,Pithoragarh,Rice,Total,0.14,0.21,1479.0,Rice
Uttarakhand,Pithoragarh,Wheat,Rabi,0.14,0.24,1696.0,Wheat
Uttarakhand,Pithoragarh,Wheat,Total,0.14,0.24,1696.0,Wheat
Uttarakhand,Pithoragarh,Maize,Kharif,0.02,0.04,1797.0,Maize (corn)
Uttarakhand,Pithoragarh,Maize,Total,0.02,0.04,1797.0,Maize (corn)
Uttarakhand,Pithoragarh,Gram,Rabi,0.0,0.0,723.0,"Chick peas, dry"
Uttarakhand,Pithoragarh,Gram,Total,0.0,0.0,723.0,"Chick peas, dry"
Uttarakhand,Pithoragarh,Lentil,Rabi,0.03,0.03,931.0,"Lentils, dry"
Uttarakhand,Pithoragarh,Lentil,Total,0.03,0.03,931.0,"Lentils, dry"
Uttarakhand,Rudraprayag,Rice,Kharif,0.07,0.12,1613.0,Rice
Uttarakhand,Rudraprayag,Rice,Total,0.07,0.12,1613.0,Rice
Uttarakhand,Rudraprayag,Wheat,Rabi,0.08,0.14,1609.0,Wheat
Uttarakhand,Rudraprayag,Wheat,Total,0.08,0.14,1609.0,Wheat
Uttarakhand,Rudraprayag,Maize,Kharif,0.0,0.0,2056.0,Maize (corn)
Uttarakhand,Rudraprayag,Maize,Total,0.0,0.0,2056.0,Maize (corn)
Uttarakhand,Tehri Garhwal,Rice,Kharif,0.07,0.15,2127.0,Rice
Uttarakhand,Tehri Garhwal,Rice,Total,0.07,0.15,2127.0,Rice
Uttarakhand,Tehri Garhwal,Wheat,Rabi,0.11,0.23,2106.0,Wheat
Uttarakhand,Tehri Garhwal,Wheat,Total,0.11,0.23,2106.0,Wheat
Uttarakhand,Tehri Garhwal,Maize,Kharif,0.02,0.05,2988.0,Maize (corn)
Uttarakhand,Tehri Garhwal,Maize,Total,0.02,0.05,2988.0,Maize (corn)
Uttarakhand,Tehri Garhwal,Gram,Rabi,0.0,0.0,645.0,"Chick peas, dry"
Uttarakhand,Tehri Garhwal,Gram,Total,0.0,0.0,645.0,"Chick peas, dry"
Uttarakhand,Tehri Garhwal,Lentil,Rabi,0.01,0.0,334.0,"Lentils, dry"
Uttarakhand,Tehri Garhwal,Lentil,Total,0.01,0.0,334.0,"Lentils, dry"
Uttarakhand,Udham Singh Nagar,Rice,Kharif,1.02,3.38,3322.0,Rice
Uttarakhand,Udham Singh Nagar,Rice,Summer,0.07,0.27,3921.0,Rice
Uttarakhand,Udham Singh Nagar,Rice,Total,1.09,3.65,3360.0,Rice
Uttarakhand,Udham Singh Nagar,Wheat,Rabi,1.01,4.36,4307.0,Wheat
Uttarakhand,Udham Singh Nagar,Wheat,Total,1.01,4.36,4307.0,Wheat
Uttarakhand,Udham Singh Nagar,Maize,Kharif,0.0,0.0,3020.0,Maize (corn)
Uttarakhand,Udham Singh Nagar,Maize,Summer,0.01,0.03,3020.0,Maize (corn)
Uttarakhand,Udham Singh Nagar,Maize,Total,0.01,0.04,3020.0,Maize (corn)
Uttarakhand,Udham Singh Nagar,Gram,Rabi,0.0,0.0,944.0,"Chick peas, dry"
Uttarakhand,Udham Singh Nagar,Gram,Total,0.0,0.0,944.0,"Chick peas, dry"
Uttarakhand,Udham Singh Nagar,Lentil,Rabi,0.0,0.0,1422.0,"Lentils, dry"
Uttarakhand,Udham Singh Nagar,Lentil,Total,0.0,0.0,1422.0,"Lentils, dry"
Uttarakhand,Uttarkashi,Rice,Kharif,0.09,0.16,1917.0,Rice
Uttarakhand,Uttarkashi,Rice,Total,0.09,0.16,1917.0,Rice
Uttarakhand,Uttarkashi,Wheat,Rabi,0.08,0.15,1942.0,Wheat
Uttarakhand,Uttarkashi,Wheat,Total,0.08,0.15,1942.0,Wheat
Uttarakhand,Uttarkashi,Maize,Kharif,0.01,0.02,3355.0,Maize (corn)
Uttarakhand,Uttarkashi,Maize,Total,0.01,0.02,3355.0,Maize (corn)
Uttarakhand,Uttarkashi,Gram,Rabi,0.0,0.0,716.0,"Chick peas, dry"
Uttarakhand,Uttarkashi,Gram,Total,0.0,0.0,716.0,"Chick peas, dry"
Uttarakhand,Uttarkashi,Lentil,Rabi,0.0,0.0,372.0,"Lentils, dry"
Uttarakhand,Uttarkashi,Lentil,Total,0.0,0.0,372.0,"Lentils, dry"
